candidate_id,video_id,source_video,frame_id,timestamp_sec,scene,image_path,image_sha256,dhash,duplicate_group_id,duplicate_group_size,sampling_method,predicted_classes,coverage_tags,tag_source,stage19_overlap,selection_status,selection_reason,annotation_status,priority_score,blur_variance
aerial_frame_000000,pexels_9322363_aerial_busy_intersection,data/raw/videos/pexels_9322363_aerial_busy_intersection.mp4,0,0.0,Aerial,data/interim/v2_targeted_annotation/images/aerial_frame_000000.jpg,86586894fd44b16c13c763e643ef4f478e408674b5ae5cfb01d98c1619e30b21,f2aab5d65691bcae,V2_FRAME_DUP_00728,1,SYSTEMATIC_TEMPORAL,car,AERIAL_SMALL_OBJECT;DENSE_TRAFFIC;HARD_NEGATIVE;INTERSECTION;OCCLUSION,HEURISTIC;SYSTEMATIC,False,SELECTED_FOR_ANNOTATION,COVERAGE_BALANCED_DUPLICATE_REPRESENTATIVE,NOT_ANNOTATED,7.1,1062.819
aerial_frame_000004,pexels_9322363_aerial_busy_intersection,data/raw/videos/pexels_9322363_aerial_busy_intersection.mp4,4,0.133467,Aerial,data/interim/v2_targeted_annotation/images/aerial_frame_000004.jpg,68d6345b13b8b97b49131fef2c80877955e96542b0b82da2ce4b4d4c4e09a34d,f2aab4d65611bcae,V2_FRAME_DUP_00729,2,HARD_NEGATIVE_CONTEXT,car,AERIAL_SMALL_OBJECT;DENSE_TRAFFIC;HARD_NEGATIVE;INTERSECTION;OCCLUSION,HEURISTIC,False,SELECTED_FOR_ANNOTATION,COVERAGE_BALANCED_DUPLICATE_REPRESENTATIVE,NOT_ANNOTATED,6.25,1047.963
aerial_frame_000007,pexels_9322363_aerial_busy_intersection,data/raw/videos/pexels_9322363_aerial_busy_intersection.mp4,7,0.233567,Aerial,data/interim/v2_targeted_annotation/mined/aerial_frame_000007.jpg,d1f9646cc4fe2b14484bbb1d50835307da4263a57bb82ef73535899ef065a194,f2aab5d65691bcae,V2_FRAME_DUP_00729,2,HARD_NEGATIVE_CONTEXT,car,AERIAL_SMALL_OBJECT;HARD_NEGATIVE;INTERSECTION,HEURISTIC,False,REJECTED_NEAR_DUPLICATE,DUPLICATE_REDUCED:V2_FRAME_DUP_00729,NOT_ANNOTATED,1.85,975.954
aerial_frame_000011,pexels_9322363_aerial_busy_intersection,data/raw/videos/pexels_9322363_aerial_busy_intersection.mp4,11,0.367033,Aerial,data/interim/v2_targeted_annotation/images/aerial_frame_000011.jpg,b1c0d946e4acd51ae32dc6b0eb5d721371912c2ba27067fd836d06d42639eb7f,f2aab5d65693bcae,V2_FRAME_DUP_00730,1,HARD_NEGATIVE_CONTEXT,car;truck,AERIAL_SMALL_OBJECT;DENSE_TRAFFIC;HARD_NEGATIVE;INTERSECTION;OCCLUSION,HEURISTIC,False,SELECTED_FOR_ANNOTATION,COVERAGE_BALANCED_DUPLICATE_REPRESENTATIVE,NOT_ANNOTATED,6.4,978.598
aerial_frame_000015,pexels_9322363_aerial_busy_intersection,data/raw/videos/pexels_9322363_aerial_busy_intersection.mp4,15,0.5005,Aerial,data/interim/v2_targeted_annotation/images/aerial_frame_000015.jpg,508829964107237f8883de79aa85a77cbe182d06245c3ebd8f4a7c9f92591934,f2aab5d65691bcae,V2_FRAME_DUP_00731,1,SYSTEMATIC_TEMPORAL,car;truck,AERIAL_SMALL_OBJECT;DENSE_TRAFFIC;HARD_NEGATIVE;INTERSECTION;OCCLUSION,HEURISTIC;SYSTEMATIC,False,SELECTED_FOR_ANNOTATION,COVERAGE_BALANCED_DUPLICATE_REPRESENTATIVE,NOT_ANNOTATED,6.65,973.803
aerial_frame_000018,pexels_9322363_aerial_busy_intersection,data/raw/videos/pexels_9322363_aerial_busy_intersection.mp4,18,0.6006,Aerial,data/interim/v2_targeted_annotation/images/aerial_frame_000018.jpg,92a961f48421853101ccd21aad4170ec665fd8469b877b9d39ccaecf5e0dc48f,f2aab5b65693bcae,V2_FRAME_DUP_00732,1,HARD_NEGATIVE_CONTEXT,car,AERIAL_SMALL_OBJECT;DENSE_TRAFFIC;HARD_NEGATIVE;INTERSECTION;OCCLUSION,HEURISTIC,False,SELECTED_FOR_ANNOTATION,COVERAGE_BALANCED_DUPLICATE_REPRESENTATIVE,NOT_ANNOTATED,5.8,970.187
aerial_frame_000022,pexels_9322363_aerial_busy_intersection,data/raw/videos/pexels_9322363_aerial_busy_intersection.mp4,22,0.734067,Aerial,data/interim/v2_targeted_annotation/images/aerial_frame_000022.jpg,cc09d2b95ca2ffc5ba47f5bee6f88c8876b209a73e500aa9d02ca03cb6cfa4c5,f2aab5b65693bcae,V2_FRAME_DUP_00733,1,HARD_NEGATIVE_CONTEXT,car;truck,AERIAL_SMALL_OBJECT;DENSE_TRAFFIC;HARD_NEGATIVE;INTERSECTION;OCCLUSION,HEURISTIC,False,SELECTED_FOR_ANNOTATION,COVERAGE_BALANCED_DUPLICATE_REPRESENTATIVE,NOT_ANNOTATED,5.8,950.998
aerial_frame_000027,pexels_9322363_aerial_busy_intersection,data/raw/videos/pexels_9322363_aerial_busy_intersection.mp4,27,0.9009,Aerial,data/interim/v2_targeted_annotation/mined/aerial_frame_000027.jpg,a470084bec4438ff59c7c99443c75f3fabee041cdea3e8e3a2f4b2b11cb858c7,f2aabd965e919cae,V2_FRAME_DUP_00734,2,HARD_NEGATIVE_CONTEXT,car,AERIAL_SMALL_OBJECT;DENSE_TRAFFIC;HARD_NEGATIVE;INTERSECTION;OCCLUSION,HEURISTIC,False,REJECTED_NEAR_DUPLICATE,DUPLICATE_REDUCED:V2_FRAME_DUP_00734,NOT_ANNOTATED,6.1,908.303
aerial_frame_000030,pexels_9322363_aerial_busy_intersection,data/raw/videos/pexels_9322363_aerial_busy_intersection.mp4,30,1.001,Aerial,data/interim/v2_targeted_annotation/images/aerial_frame_000030.jpg,4745d2288f84f8c76c9d9c0a0ff08f350291f9ad9e6468ab2dd7a076563d0934,f2aabd925e919cae,V2_FRAME_DUP_00734,2,SYSTEMATIC_TEMPORAL,car;truck,AERIAL_SMALL_OBJECT;DENSE_TRAFFIC;HARD_NEGATIVE;INTERSECTION;OCCLUSION,HEURISTIC;SYSTEMATIC,False,SELECTED_FOR_ANNOTATION,COVERAGE_BALANCED_DUPLICATE_REPRESENTATIVE,NOT_ANNOTATED,7.4,889.152
aerial_frame_000034,pexels_9322363_aerial_busy_intersection,data/raw/videos/pexels_9322363_aerial_busy_intersection.mp4,34,1.134467,Aerial,data/interim/v2_targeted_annotation/images/aerial_frame_000034.jpg,c5b96512a3a2a942275704f9be2515872d56b39cdd3b717a75db20227b51d528,f2aabd925a91bcaf,V2_FRAME_DUP_00735,2,HARD_NEGATIVE_CONTEXT,car;truck,AERIAL_SMALL_OBJECT;DENSE_TRAFFIC;HARD_NEGATIVE;INTERSECTION;OCCLUSION,HEURISTIC,False,SELECTED_FOR_ANNOTATION,COVERAGE_BALANCED_DUPLICATE_REPRESENTATIVE,NOT_ANNOTATED,6.7,913.371
aerial_frame_000037,pexels_9322363_aerial_busy_intersection,data/raw/videos/pexels_9322363_aerial_busy_intersection.mp4,37,1.234567,Aerial,data/interim/v2_targeted_annotation/mined/aerial_frame_000037.jpg,acbe28ed728f83649dfbb878980926132d3de2d2b53d73a60eb39441c554f9bc,f2aabdb25a91bcaf,V2_FRAME_DUP_00735,2,HARD_NEGATIVE_CONTEXT,car;truck,AERIAL_SMALL_OBJECT;DENSE_TRAFFIC;HARD_NEGATIVE;INTERSECTION;OCCLUSION,HEURISTIC,False,REJECTED_NEAR_DUPLICATE,DUPLICATE_REDUCED:V2_FRAME_DUP_00735,NOT_ANNOTATED,6.7,918.587
aerial_frame_000040,pexels_9322363_aerial_busy_intersection,data/raw/videos/pexels_9322363_aerial_busy_intersection.mp4,40,1.334667,Aerial,data/interim/v2_targeted_annotation/images/aerial_frame_000040.jpg,bf2c4f6c3cea0515a967e25bb048994d1da189a361b8bd90eb61e8153e3c4b34,f2aabdb25ad1bcae,V2_FRAME_DUP_00736,1,HARD_NEGATIVE_CONTEXT,car;truck,AERIAL_SMALL_OBJECT;DENSE_TRAFFIC;HARD_NEGATIVE;INTERSECTION;OCCLUSION,HEURISTIC,False,SELECTED_FOR_ANNOTATION,COVERAGE_BALANCED_DUPLICATE_REPRESENTATIVE,NOT_ANNOTATED,6.7,1004.5
aerial_frame_000045,pexels_9322363_aerial_busy_intersection,data/raw/videos/pexels_9322363_aerial_busy_intersection.mp4,45,1.5015,Aerial,data/interim/v2_targeted_annotation/images/aerial_frame_000045.jpg,da9ac78724f8f93568af27db48a44f1ae692c3ca46a81c271987a87e6abc8046,f2eabdb21ad19caf,V2_FRAME_DUP_00737,1,SYSTEMATIC_TEMPORAL,car,AERIAL_SMALL_OBJECT;DENSE_TRAFFIC;HARD_NEGATIVE;INTERSECTION,HEURISTIC;SYSTEMATIC,False,SELECTED_FOR_ANNOTATION,COVERAGE_BALANCED_DUPLICATE_REPRESENTATIVE,NOT_ANNOTATED,5.6,985.954
aerial_frame_000049,pexels_9322363_aerial_busy_intersection,data/raw/videos/pexels_9322363_aerial_busy_intersection.mp4,49,1.634967,Aerial,data/interim/v2_targeted_annotation/images/aerial_frame_000049.jpg,0dfc2e4d64a9f794acbdb98cf90d8dbe0969300240153329385751c776fc9e40,f2eabd920ad19cad,V2_FRAME_DUP_00738,1,HARD_NEGATIVE_CONTEXT,car,AERIAL_SMALL_OBJECT;DENSE_TRAFFIC;HARD_NEGATIVE;INTERSECTION;OCCLUSION,HEURISTIC,False,SELECTED_FOR_ANNOTATION,COVERAGE_BALANCED_DUPLICATE_REPRESENTATIVE,NOT_ANNOTATED,6.4,962.928
aerial_frame_000054,pexels_9322363_aerial_busy_intersection,data/raw/videos/pexels_9322363_aerial_busy_intersection.mp4,54,1.8018,Aerial,data/interim/v2_targeted_annotation/mined/aerial_frame_000054.jpg,cef60fd43b80ad20ad3c85a4c69c04c16c4f091c11adadc14cfa291d236a1df8,f2eabdd21cd1bcad,V2_FRAME_DUP_00739,2,HARD_NEGATIVE_CONTEXT,car,AERIAL_SMALL_OBJECT;DENSE_TRAFFIC;HARD_NEGATIVE;INTERSECTION;OCCLUSION,HEURISTIC,False,REJECTED_NEAR_DUPLICATE,DUPLICATE_REDUCED:V2_FRAME_DUP_00739,NOT_ANNOTATED,5.65,956.568
aerial_frame_000057,pexels_9322363_aerial_busy_intersection,data/raw/videos/pexels_9322363_aerial_busy_intersection.mp4,57,1.9019,Aerial,data/interim/v2_targeted_annotation/images/aerial_frame_000057.jpg,4944dc7b9bff6ddc033610a7fe0f37e909aac860db9ba42fb3068f3cee75cb4a,f2eabdd21cd1bcae,V2_FRAME_DUP_00739,2,HARD_NEGATIVE_CONTEXT,car,AERIAL_SMALL_OBJECT;DENSE_TRAFFIC;HARD_NEGATIVE;INTERSECTION;OCCLUSION,HEURISTIC,False,SELECTED_FOR_ANNOTATION,COVERAGE_BALANCED_DUPLICATE_REPRESENTATIVE,NOT_ANNOTATED,6.4,957.608
aerial_frame_000060,pexels_9322363_aerial_busy_intersection,data/raw/videos/pexels_9322363_aerial_busy_intersection.mp4,60,2.002,Aerial,data/interim/v2_targeted_annotation/images/aerial_frame_000060.jpg,2d0837389036b9835ef1ab3d9650f94d839c81daff9a89c93bcd0503ed9c73d7,72eabdd21cd19cae,V2_FRAME_DUP_00740,1,SYSTEMATIC_TEMPORAL,car,AERIAL_SMALL_OBJECT;DENSE_TRAFFIC;HARD_NEGATIVE;INTERSECTION;OCCLUSION,HEURISTIC;SYSTEMATIC,False,SELECTED_FOR_ANNOTATION,COVERAGE_BALANCED_DUPLICATE_REPRESENTATIVE,NOT_ANNOTATED,6.95,904.051
aerial_frame_000064,pexels_9322363_aerial_busy_intersection,data/raw/videos/pexels_9322363_aerial_busy_intersection.mp4,64,2.135467,Aerial,data/interim/v2_targeted_annotation/images/aerial_frame_000064.jpg,0d83f87980876cfb302f4e3ead37a772a10bb57978c9494308c9bebb2ea95deb,72eabdea1cd19cae,V2_FRAME_DUP_00741,2,HARD_NEGATIVE_CONTEXT,car,AERIAL_SMALL_OBJECT;DENSE_TRAFFIC;HARD_NEGATIVE;INTERSECTION;OCCLUSION,HEURISTIC,False,SELECTED_FOR_ANNOTATION,COVERAGE_BALANCED_DUPLICATE_REPRESENTATIVE,NOT_ANNOTATED,6.1,968.916
aerial_frame_000067,pexels_9322363_aerial_busy_intersection,data/raw/videos/pexels_9322363_aerial_busy_intersection.mp4,67,2.235567,Aerial,data/interim/v2_targeted_annotation/mined/aerial_frame_000067.jpg,d3d1a8f67e5034383da8f48e14617d6c2a309c0c134600d7ff8214c543ac1bdd,72eabdaa14d19cae,V2_FRAME_DUP_00741,2,HARD_NEGATIVE_CONTEXT,car,AERIAL_SMALL_OBJECT;DENSE_TRAFFIC;HARD_NEGATIVE;INTERSECTION,HEURISTIC,False,REJECTED_NEAR_DUPLICATE,DUPLICATE_REDUCED:V2_FRAME_DUP_00741,NOT_ANNOTATED,4.45,1057.021
aerial_frame_000070,pexels_9322363_aerial_busy_intersection,data/raw/videos/pexels_9322363_aerial_busy_intersection.mp4,70,2.335667,Aerial,data/interim/v2_targeted_annotation/images/aerial_frame_000070.jpg,1951f312b63fa331426882156d41995c11c4da86abd87dc36a65780b2fc009ca,72eabdaa14559cae,V2_FRAME_DUP_00742,1,HARD_NEGATIVE_CONTEXT,car,AERIAL_SMALL_OBJECT;DENSE_TRAFFIC;HARD_NEGATIVE;INTERSECTION;OCCLUSION,HEURISTIC,False,SELECTED_FOR_ANNOTATION,COVERAGE_BALANCED_DUPLICATE_REPRESENTATIVE,NOT_ANNOTATED,6.7,970.096
aerial_frame_000075,pexels_9322363_aerial_busy_intersection,data/raw/videos/pexels_9322363_aerial_busy_intersection.mp4,75,2.5025,Aerial,data/interim/v2_targeted_annotation/mined/aerial_frame_000075.jpg,245d47965ad07482b0a0565face46886f84a4712eaec86f33b668fe78ae02dd7,72eabdba54d59cae,V2_FRAME_DUP_00743,2,SYSTEMATIC_TEMPORAL,car,AERIAL_SMALL_OBJECT;DENSE_TRAFFIC;HARD_NEGATIVE;INTERSECTION,HEURISTIC;SYSTEMATIC,False,REJECTED_NEAR_DUPLICATE,DUPLICATE_REDUCED:V2_FRAME_DUP_00743,NOT_ANNOTATED,5.6,1074.387
aerial_frame_000078,pexels_9322363_aerial_busy_intersection,data/raw/videos/pexels_9322363_aerial_busy_intersection.mp4,78,2.6026,Aerial,data/interim/v2_targeted_annotation/images/aerial_frame_000078.jpg,590356c057b9631f4bf04d27472386e0e0b73721532b5f366c00c9dff72aa846,72eabdba54d19cae,V2_FRAME_DUP_00743,2,HARD_NEGATIVE_CONTEXT,car,AERIAL_SMALL_OBJECT;DENSE_TRAFFIC;HARD_NEGATIVE;INTERSECTION;OCCLUSION,HEURISTIC,False,SELECTED_FOR_ANNOTATION,COVERAGE_BALANCED_DUPLICATE_REPRESENTATIVE,NOT_ANNOTATED,6.25,1033.573
aerial_frame_000081,pexels_9322363_aerial_busy_intersection,data/raw/videos/pexels_9322363_aerial_busy_intersection.mp4,81,2.7027,Aerial,data/interim/v2_targeted_annotation/mined/aerial_frame_000081.jpg,0ed05749665727a7b1d6bf1dfd93be7c584e004a2597108b1dc8eaf5b32a36c4,72eabdba54d19cae,V2_FRAME_DUP_00744,2,HARD_NEGATIVE_CONTEXT,car,AERIAL_SMALL_OBJECT;DENSE_TRAFFIC;HARD_NEGATIVE;INTERSECTION,HEURISTIC,False,REJECTED_NEAR_DUPLICATE,DUPLICATE_REDUCED:V2_FRAME_DUP_00744,NOT_ANNOTATED,4.6,945.114
aerial_frame_000084,pexels_9322363_aerial_busy_intersection,data/raw/videos/pexels_9322363_aerial_busy_intersection.mp4,84,2.8028,Aerial,data/interim/v2_targeted_annotation/images/aerial_frame_000084.jpg,6e637139e751f88885c5ecb7c65080ac8f182ffe1b45aedbdb35d5387d52dd75,72ea9db254d19cae,V2_FRAME_DUP_00744,2,HARD_NEGATIVE_CONTEXT,car,AERIAL_SMALL_OBJECT;DENSE_TRAFFIC;HARD_NEGATIVE;INTERSECTION;OCCLUSION,HEURISTIC,False,SELECTED_FOR_ANNOTATION,COVERAGE_BALANCED_DUPLICATE_REPRESENTATIVE,NOT_ANNOTATED,6.4,957.239
aerial_frame_000087,pexels_9322363_aerial_busy_intersection,data/raw/videos/pexels_9322363_aerial_busy_intersection.mp4,87,2.9029,Aerial,data/interim/v2_targeted_annotation/mined/aerial_frame_000087.jpg,3c19ae58f5fc8dadad1dd84b8eecc6c61aee9ffb2e01c1485672fd2684b26961,72ea9db214d09cae,V2_FRAME_DUP_00745,2,HARD_NEGATIVE_CONTEXT,car,AERIAL_SMALL_OBJECT;DENSE_TRAFFIC;HARD_NEGATIVE;INTERSECTION;OCCLUSION,HEURISTIC,False,REJECTED_NEAR_DUPLICATE,DUPLICATE_REDUCED:V2_FRAME_DUP_00745,NOT_ANNOTATED,6.1,975.71
aerial_frame_000090,pexels_9322363_aerial_busy_intersection,data/raw/videos/pexels_9322363_aerial_busy_intersection.mp4,90,3.003,Aerial,data/interim/v2_targeted_annotation/images/aerial_frame_000090.jpg,d30aa25281fbfddf38685b053b315210883c28195eca6245efe87fdd1e20c8e7,72ea9db214d0bcae,V2_FRAME_DUP_00745,2,SYSTEMATIC_TEMPORAL,car,AERIAL_SMALL_OBJECT;DENSE_TRAFFIC;HARD_NEGATIVE;INTERSECTION;OCCLUSION,HEURISTIC;SYSTEMATIC,False,SELECTED_FOR_ANNOTATION,COVERAGE_BALANCED_DUPLICATE_REPRESENTATIVE,NOT_ANNOTATED,7.25,1265.192
aerial_frame_000093,pexels_9322363_aerial_busy_intersection,data/raw/videos/pexels_9322363_aerial_busy_intersection.mp4,93,3.1031,Aerial,data/interim/v2_targeted_annotation/images/aerial_frame_000093.jpg,1809aa50e05491469cd947737bfc8d74af98cebf58af0f2cbf8c1d1698736228,72ea9db294d0bcae,V2_FRAME_DUP_00746,2,HARD_NEGATIVE_CONTEXT,car,AERIAL_SMALL_OBJECT;DENSE_TRAFFIC;HARD_NEGATIVE;INTERSECTION;OCCLUSION,HEURISTIC,False,SELECTED_FOR_ANNOTATION,COVERAGE_BALANCED_DUPLICATE_REPRESENTATIVE,NOT_ANNOTATED,6.55,994.956
aerial_frame_000096,pexels_9322363_aerial_busy_intersection,data/raw/videos/pexels_9322363_aerial_busy_intersection.mp4,96,3.2032,Aerial,data/interim/v2_targeted_annotation/mined/aerial_frame_000096.jpg,b516e898c765997df28411c148d0484324febb34966ee02d32206a8d83416c85,72ea9db29450bcaf,V2_FRAME_DUP_00746,2,HARD_NEGATIVE_CONTEXT,car,AERIAL_SMALL_OBJECT;DENSE_TRAFFIC;HARD_NEGATIVE;INTERSECTION;OCCLUSION,HEURISTIC,False,REJECTED_NEAR_DUPLICATE,DUPLICATE_REDUCED:V2_FRAME_DUP_00746,NOT_ANNOTATED,6.55,990.657
aerial_frame_000099,pexels_9322363_aerial_busy_intersection,data/raw/videos/pexels_9322363_aerial_busy_intersection.mp4,99,3.3033,Aerial,data/interim/v2_targeted_annotation/images/aerial_frame_000099.jpg,55a62a36b46342f6186b2582edc9d1459336270d0fea7f8d78935dd7a26fb098,72ea9d929450bcaf,V2_FRAME_DUP_00747,2,HARD_NEGATIVE_CONTEXT,car,AERIAL_SMALL_OBJECT;DENSE_TRAFFIC;HARD_NEGATIVE;INTERSECTION;OCCLUSION,HEURISTIC,False,SELECTED_FOR_ANNOTATION,COVERAGE_BALANCED_DUPLICATE_REPRESENTATIVE,NOT_ANNOTATED,6.7,1021.429
aerial_frame_000102,pexels_9322363_aerial_busy_intersection,data/raw/videos/pexels_9322363_aerial_busy_intersection.mp4,102,3.4034,Aerial,data/interim/v2_targeted_annotation/mined/aerial_frame_000102.jpg,24a7142fe046d05c8be643bc5c4938f72b1bf9dbf7864dc0879a98d9da7ca9a9,72ea9dd29c50bcaf,V2_FRAME_DUP_00747,2,HARD_NEGATIVE_CONTEXT,car,AERIAL_SMALL_OBJECT;DENSE_TRAFFIC;HARD_NEGATIVE;INTERSECTION;OCCLUSION,HEURISTIC,False,REJECTED_NEAR_DUPLICATE,DUPLICATE_REDUCED:V2_FRAME_DUP_00747,NOT_ANNOTATED,6.55,1035.231
aerial_frame_000105,pexels_9322363_aerial_busy_intersection,data/raw/videos/pexels_9322363_aerial_busy_intersection.mp4,105,3.5035,Aerial,data/interim/v2_targeted_annotation/images/aerial_frame_000105.jpg,02c49654faeccea8521e234e419fccf38c45ce6720263b5a5ada53202e6b6426,72ea9cd09c55bcaf,V2_FRAME_DUP_00748,1,SYSTEMATIC_TEMPORAL,car,AERIAL_SMALL_OBJECT;DENSE_TRAFFIC;HARD_NEGATIVE;INTERSECTION;OCCLUSION,HEURISTIC;SYSTEMATIC,False,SELECTED_FOR_ANNOTATION,COVERAGE_BALANCED_DUPLICATE_REPRESENTATIVE,NOT_ANNOTATED,7.55,1136.641
aerial_frame_000109,pexels_9322363_aerial_busy_intersection,data/raw/videos/pexels_9322363_aerial_busy_intersection.mp4,109,3.636967,Aerial,data/interim/v2_targeted_annotation/images/aerial_frame_000109.jpg,23c9ac1a58c0961332479bf4dc87d30c62a44bc8f8d181799daf61ab439bc3d8,72eabdd018559caf,V2_FRAME_DUP_00749,1,HARD_NEGATIVE_CONTEXT,car,AERIAL_SMALL_OBJECT;DENSE_TRAFFIC;HARD_NEGATIVE;INTERSECTION;OCCLUSION,HEURISTIC,False,SELECTED_FOR_ANNOTATION,COVERAGE_BALANCED_DUPLICATE_REPRESENTATIVE,NOT_ANNOTATED,6.55,1084.095
aerial_frame_000114,pexels_9322363_aerial_busy_intersection,data/raw/videos/pexels_9322363_aerial_busy_intersection.mp4,114,3.8038,Aerial,data/interim/v2_targeted_annotation/images/aerial_frame_000114.jpg,009423ddc0955095ec9b1379fff0cf36e38dc240343c32cefa39abe36336a7f2,72eabdd218959caf,V2_FRAME_DUP_00750,2,HARD_NEGATIVE_CONTEXT,car;truck,AERIAL_SMALL_OBJECT;DENSE_TRAFFIC;HARD_NEGATIVE;INTERSECTION;OCCLUSION,HEURISTIC,False,SELECTED_FOR_ANNOTATION,COVERAGE_BALANCED_DUPLICATE_REPRESENTATIVE,NOT_ANNOTATED,7.0,1000.913
aerial_frame_000117,pexels_9322363_aerial_busy_intersection,data/raw/videos/pexels_9322363_aerial_busy_intersection.mp4,117,3.9039,Aerial,data/interim/v2_targeted_annotation/mined/aerial_frame_000117.jpg,d41799959d6ee70b875c6f8c26126e6e1bffd774c0d9d95e37dc38299daa81db,72eabdd218959caf,V2_FRAME_DUP_00750,2,HARD_NEGATIVE_CONTEXT,car,AERIAL_SMALL_OBJECT;DENSE_TRAFFIC;HARD_NEGATIVE;INTERSECTION;OCCLUSION,HEURISTIC,False,REJECTED_NEAR_DUPLICATE,DUPLICATE_REDUCED:V2_FRAME_DUP_00750,NOT_ANNOTATED,6.85,1145.03
aerial_frame_000120,pexels_9322363_aerial_busy_intersection,data/raw/videos/pexels_9322363_aerial_busy_intersection.mp4,120,4.004,Aerial,data/interim/v2_targeted_annotation/images/aerial_frame_000120.jpg,d2a089f4919f1599705576e7891682b4376c0f9307488992b06c6c0ab1bdc78b,72eabdd25c159caf,V2_FRAME_DUP_00751,2,SYSTEMATIC_TEMPORAL,car,AERIAL_SMALL_OBJECT;DENSE_TRAFFIC;HARD_NEGATIVE;INTERSECTION;OCCLUSION,HEURISTIC;SYSTEMATIC,False,SELECTED_FOR_ANNOTATION,COVERAGE_BALANCED_DUPLICATE_REPRESENTATIVE,NOT_ANNOTATED,7.7,979.859
aerial_frame_000123,pexels_9322363_aerial_busy_intersection,data/raw/videos/pexels_9322363_aerial_busy_intersection.mp4,123,4.1041,Aerial,data/interim/v2_targeted_annotation/mined/aerial_frame_000123.jpg,155a8afa7333de02e2b5c0cf7b688f8ee43539e340d6dab14a49642c31224096,72eabd525c15dcaf,V2_FRAME_DUP_00751,2,HARD_NEGATIVE_CONTEXT,car,AERIAL_SMALL_OBJECT;DENSE_TRAFFIC;HARD_NEGATIVE;INTERSECTION,HEURISTIC,False,REJECTED_NEAR_DUPLICATE,DUPLICATE_REDUCED:V2_FRAME_DUP_00751,NOT_ANNOTATED,5.05,1023.004
aerial_frame_000127,pexels_9322363_aerial_busy_intersection,data/raw/videos/pexels_9322363_aerial_busy_intersection.mp4,127,4.237567,Aerial,data/interim/v2_targeted_annotation/images/aerial_frame_000127.jpg,64b55938eddef548713556613e43577ab5abbf97566a5c6b2e6859beda06c9da,72eabd725c55dcaf,V2_FRAME_DUP_00752,1,HARD_NEGATIVE_CONTEXT,car,AERIAL_SMALL_OBJECT;DENSE_TRAFFIC;HARD_NEGATIVE;INTERSECTION;OCCLUSION,HEURISTIC,False,SELECTED_FOR_ANNOTATION,COVERAGE_BALANCED_DUPLICATE_REPRESENTATIVE,NOT_ANNOTATED,6.7,1016.79
aerial_frame_000131,pexels_9322363_aerial_busy_intersection,data/raw/videos/pexels_9322363_aerial_busy_intersection.mp4,131,4.371033,Aerial,data/interim/v2_targeted_annotation/images/aerial_frame_000131.jpg,6caa64f020b87c3b2e0dc43a982b0c11e46080f3e133c5c77ffa444a77fb2573,f2ea9d32d455dcaf,V2_FRAME_DUP_00753,1,HARD_NEGATIVE_CONTEXT,car,AERIAL_SMALL_OBJECT;DENSE_TRAFFIC;HARD_NEGATIVE;INTERSECTION,HEURISTIC,False,SELECTED_FOR_ANNOTATION,COVERAGE_BALANCED_DUPLICATE_REPRESENTATIVE,NOT_ANNOTATED,4.6,1026.357
aerial_frame_000135,pexels_9322363_aerial_busy_intersection,data/raw/videos/pexels_9322363_aerial_busy_intersection.mp4,135,4.5045,Aerial,data/interim/v2_targeted_annotation/mined/aerial_frame_000135.jpg,ecba55c8a810b71c0a13278fcff80f9b4783d8f562be429c5b0e005884e89c83,f2aa9cb2d4555caf,V2_FRAME_DUP_00754,2,SYSTEMATIC_TEMPORAL,car,AERIAL_SMALL_OBJECT;DENSE_TRAFFIC;HARD_NEGATIVE;INTERSECTION,HEURISTIC;SYSTEMATIC,False,REJECTED_NEAR_DUPLICATE,DUPLICATE_REDUCED:V2_FRAME_DUP_00754,NOT_ANNOTATED,5.6,1043.527
aerial_frame_000138,pexels_9322363_aerial_busy_intersection,data/raw/videos/pexels_9322363_aerial_busy_intersection.mp4,138,4.6046,Aerial,data/interim/v2_targeted_annotation/images/aerial_frame_000138.jpg,ce98c7109e14290605db27fddb07dd4a5b190a665ba984e9a9039827744ce019,f2aa9cb2d4157caf,V2_FRAME_DUP_00754,2,HARD_NEGATIVE_CONTEXT,car;truck,AERIAL_SMALL_OBJECT;DENSE_TRAFFIC;HARD_NEGATIVE;INTERSECTION;OCCLUSION,HEURISTIC,False,SELECTED_FOR_ANNOTATION,COVERAGE_BALANCED_DUPLICATE_REPRESENTATIVE,NOT_ANNOTATED,6.7,999.305
aerial_frame_000141,pexels_9322363_aerial_busy_intersection,data/raw/videos/pexels_9322363_aerial_busy_intersection.mp4,141,4.7047,Aerial,data/interim/v2_targeted_annotation/mined/aerial_frame_000141.jpg,8a34fa6a53350b2d828f65eb99a1223e3f0ebf04b8e42cf1bf57b7192b8d58ae,f2aa94b2d5157caf,V2_FRAME_DUP_00755,2,HARD_NEGATIVE_CONTEXT,car;truck,AERIAL_SMALL_OBJECT;DENSE_TRAFFIC;HARD_NEGATIVE;INTERSECTION;OCCLUSION,HEURISTIC,False,REJECTED_NEAR_DUPLICATE,DUPLICATE_REDUCED:V2_FRAME_DUP_00755,NOT_ANNOTATED,6.25,1128.572
aerial_frame_000144,pexels_9322363_aerial_busy_intersection,data/raw/videos/pexels_9322363_aerial_busy_intersection.mp4,144,4.8048,Aerial,data/interim/v2_targeted_annotation/images/aerial_frame_000144.jpg,c5bbd112a3b5134c2e9e4e0a9594ebb4866b2fff8ca2bce9fe8538b04b87cf69,f2aa9432d5557caf,V2_FRAME_DUP_00755,2,HARD_NEGATIVE_CONTEXT,car;truck,AERIAL_SMALL_OBJECT;DENSE_TRAFFIC;HARD_NEGATIVE;INTERSECTION;OCCLUSION,HEURISTIC,False,SELECTED_FOR_ANNOTATION,COVERAGE_BALANCED_DUPLICATE_REPRESENTATIVE,NOT_ANNOTATED,6.55,984.333
aerial_frame_000149,pexels_9322363_aerial_busy_intersection,data/raw/videos/pexels_9322363_aerial_busy_intersection.mp4,149,4.971633,Aerial,data/interim/v2_targeted_annotation/images/aerial_frame_000149.jpg,a5b6cf54b1fe58112e534b51e856927496e8500db9b676425e4e3cbdbb017ab5,f2aa9432d5553caf,V2_FRAME_DUP_00756,1,HARD_NEGATIVE_CONTEXT,car,AERIAL_SMALL_OBJECT;DENSE_TRAFFIC;HARD_NEGATIVE;INTERSECTION;OCCLUSION,HEURISTIC,False,SELECTED_FOR_ANNOTATION,COVERAGE_BALANCED_DUPLICATE_REPRESENTATIVE,NOT_ANNOTATED,7.0,1091.849
aerial_frame_000153,pexels_9322363_aerial_busy_intersection,data/raw/videos/pexels_9322363_aerial_busy_intersection.mp4,153,5.1051,Aerial,data/interim/v2_targeted_annotation/images/aerial_frame_000153.jpg,954fcd56a088c0bab7cdb04929dd11f532f44a6ee48b4f48b2d83c3209d226d0,f2aab4b2d5553caf,V2_FRAME_DUP_00757,1,HARD_NEGATIVE_CONTEXT,car,AERIAL_SMALL_OBJECT;DENSE_TRAFFIC;HARD_NEGATIVE;INTERSECTION;OCCLUSION,HEURISTIC,False,SELECTED_FOR_ANNOTATION,COVERAGE_BALANCED_DUPLICATE_REPRESENTATIVE,NOT_ANNOTATED,6.55,990.793
aerial_frame_000157,pexels_9322363_aerial_busy_intersection,data/raw/videos/pexels_9322363_aerial_busy_intersection.mp4,157,5.238567,Aerial,data/interim/v2_targeted_annotation/images/aerial_frame_000157.jpg,c2698d5deb134244fea13be3cc11aad84fc5ab28e44503f7e8965af18f1f23c3,f2aab4b29555bcaf,V2_FRAME_DUP_00758,2,HARD_NEGATIVE_CONTEXT,car,AERIAL_SMALL_OBJECT;DENSE_TRAFFIC;HARD_NEGATIVE;INTERSECTION;OCCLUSION,HEURISTIC,False,SELECTED_FOR_ANNOTATION,COVERAGE_BALANCED_DUPLICATE_REPRESENTATIVE,NOT_ANNOTATED,6.85,985.351
aerial_frame_000160,pexels_9322363_aerial_busy_intersection,data/raw/videos/pexels_9322363_aerial_busy_intersection.mp4,160,5.338667,Aerial,data/interim/v2_targeted_annotation/mined/aerial_frame_000160.jpg,bd417c0023b463f48a04759cc1a83f8d70457558a430eff643b00b0caeea25d2,f2aab4b29d55bcaf,V2_FRAME_DUP_00758,2,HARD_NEGATIVE_CONTEXT,car,AERIAL_SMALL_OBJECT;DENSE_TRAFFIC;HARD_NEGATIVE;INTERSECTION;OCCLUSION,HEURISTIC,False,REJECTED_NEAR_DUPLICATE,DUPLICATE_REDUCED:V2_FRAME_DUP_00758,NOT_ANNOTATED,6.25,1064.031
aerial_frame_000165,pexels_9322363_aerial_busy_intersection,data/raw/videos/pexels_9322363_aerial_busy_intersection.mp4,165,5.5055,Aerial,data/interim/v2_targeted_annotation/images/aerial_frame_000165.jpg,1685180e68a93d62dbac0e258e198d5665b420ab55c9aadf7b4f119f02573f60,f2aab4f29c35bcaf,V2_FRAME_DUP_00759,2,SYSTEMATIC_TEMPORAL,car,AERIAL_SMALL_OBJECT;DENSE_TRAFFIC;HARD_NEGATIVE;INTERSECTION;OCCLUSION,HEURISTIC;SYSTEMATIC,False,SELECTED_FOR_ANNOTATION,COVERAGE_BALANCED_DUPLICATE_REPRESENTATIVE,NOT_ANNOTATED,7.4,995.089
aerial_frame_000168,pexels_9322363_aerial_busy_intersection,data/raw/videos/pexels_9322363_aerial_busy_intersection.mp4,168,5.6056,Aerial,data/interim/v2_targeted_annotation/mined/aerial_frame_000168.jpg,5855e5a1d4d5b96bc3608505122320545d1f77881b29809783d2e44dbcf37417,f2aab4f29c35bcae,V2_FRAME_DUP_00759,2,HARD_NEGATIVE_CONTEXT,car,AERIAL_SMALL_OBJECT;DENSE_TRAFFIC;HARD_NEGATIVE;INTERSECTION;OCCLUSION,HEURISTIC,False,REJECTED_NEAR_DUPLICATE,DUPLICATE_REDUCED:V2_FRAME_DUP_00759,NOT_ANNOTATED,6.7,1046.122
aerial_frame_000173,pexels_9322363_aerial_busy_intersection,data/raw/videos/pexels_9322363_aerial_busy_intersection.mp4,173,5.772433,Aerial,data/interim/v2_targeted_annotation/images/aerial_frame_000173.jpg,77db305ef38784735c76436c58965d014bfd388067a40d0777aaa21d43cb5325,f2aab472ba11bcae,V2_FRAME_DUP_00760,1,HARD_NEGATIVE_CONTEXT,car,AERIAL_SMALL_OBJECT;DENSE_TRAFFIC;HARD_NEGATIVE;INTERSECTION;OCCLUSION,HEURISTIC,False,SELECTED_FOR_ANNOTATION,COVERAGE_BALANCED_DUPLICATE_REPRESENTATIVE,NOT_ANNOTATED,6.55,975.692
aerial_frame_000177,pexels_9322363_aerial_busy_intersection,data/raw/videos/pexels_9322363_aerial_busy_intersection.mp4,177,5.9059,Aerial,data/interim/v2_targeted_annotation/images/aerial_frame_000177.jpg,ad2c278e72ec2d6ec4170c1b9f1ec3b3bdccc384535b9c1fcb3dddf1b8bfddf7,f2aab472ba51bcae,V2_FRAME_DUP_00761,2,HARD_NEGATIVE_CONTEXT,car,AERIAL_SMALL_OBJECT;DENSE_TRAFFIC;HARD_NEGATIVE;INTERSECTION;OCCLUSION,HEURISTIC,False,SELECTED_FOR_ANNOTATION,COVERAGE_BALANCED_DUPLICATE_REPRESENTATIVE,NOT_ANNOTATED,6.1,990.994
aerial_frame_000180,pexels_9322363_aerial_busy_intersection,data/raw/videos/pexels_9322363_aerial_busy_intersection.mp4,180,6.006,Aerial,data/interim/v2_targeted_annotation/mined/aerial_frame_000180.jpg,240da2c22da48e040b2e300ebc521377b328f3813a276520438e007bd7f62e3d,f2aab472ba51bcae,V2_FRAME_DUP_00761,2,SYSTEMATIC_TEMPORAL,car,AERIAL_SMALL_OBJECT;DENSE_TRAFFIC;HARD_NEGATIVE;INTERSECTION,HEURISTIC;SYSTEMATIC,False,REJECTED_NEAR_DUPLICATE,DUPLICATE_REDUCED:V2_FRAME_DUP_00761,NOT_ANNOTATED,5.45,1147.879
aerial_frame_000183,pexels_9322363_aerial_busy_intersection,data/raw/videos/pexels_9322363_aerial_busy_intersection.mp4,183,6.1061,Aerial,data/interim/v2_targeted_annotation/mined/aerial_frame_000183.jpg,19098317b5cad86a88098ce31108b6fe6600d1e9a07bd283c9cd23c3e02e13bd,f2aab472ba11bcae,V2_FRAME_DUP_00762,2,HARD_NEGATIVE_CONTEXT,car,AERIAL_SMALL_OBJECT;DENSE_TRAFFIC;HARD_NEGATIVE;INTERSECTION,HEURISTIC,False,REJECTED_NEAR_DUPLICATE,DUPLICATE_REDUCED:V2_FRAME_DUP_00762,NOT_ANNOTATED,4.9,954.107
aerial_frame_000186,pexels_9322363_aerial_busy_intersection,data/raw/videos/pexels_9322363_aerial_busy_intersection.mp4,186,6.2062,Aerial,data/interim/v2_targeted_annotation/images/aerial_frame_000186.jpg,0a5826c9199daf602c5a417dae377ffcf656f4a72f6d9975cdb47d89f709b39f,f2aab4729a31bcae,V2_FRAME_DUP_00762,2,HARD_NEGATIVE_CONTEXT,car,AERIAL_SMALL_OBJECT;DENSE_TRAFFIC;HARD_NEGATIVE;INTERSECTION;OCCLUSION,HEURISTIC,False,SELECTED_FOR_ANNOTATION,COVERAGE_BALANCED_DUPLICATE_REPRESENTATIVE,NOT_ANNOTATED,6.85,981.546
aerial_frame_000189,pexels_9322363_aerial_busy_intersection,data/raw/videos/pexels_9322363_aerial_busy_intersection.mp4,189,6.3063,Aerial,data/interim/v2_targeted_annotation/images/aerial_frame_000189.jpg,474b26856cdf7ac313e0886481118deedb2cec6fddb590ce921460f417416bb7,f2aab4721a31bcae,V2_FRAME_DUP_00763,2,HARD_NEGATIVE_CONTEXT,car,AERIAL_SMALL_OBJECT;DENSE_TRAFFIC;HARD_NEGATIVE;INTERSECTION;OCCLUSION,HEURISTIC,False,SELECTED_FOR_ANNOTATION,COVERAGE_BALANCED_DUPLICATE_REPRESENTATIVE,NOT_ANNOTATED,6.4,998.031
aerial_frame_000192,pexels_9322363_aerial_busy_intersection,data/raw/videos/pexels_9322363_aerial_busy_intersection.mp4,192,6.4064,Aerial,data/interim/v2_targeted_annotation/mined/aerial_frame_000192.jpg,9bc889578654e2a0e46a16ddff210c134d41d2b740c6b1ac5d57e1eca796fba5,f2aab4721a11bcae,V2_FRAME_DUP_00763,2,HARD_NEGATIVE_CONTEXT,car,AERIAL_SMALL_OBJECT;DENSE_TRAFFIC;HARD_NEGATIVE;INTERSECTION;OCCLUSION,HEURISTIC,False,REJECTED_NEAR_DUPLICATE,DUPLICATE_REDUCED:V2_FRAME_DUP_00763,NOT_ANNOTATED,6.4,1007.791
aerial_frame_000195,pexels_9322363_aerial_busy_intersection,data/raw/videos/pexels_9322363_aerial_busy_intersection.mp4,195,6.5065,Aerial,data/interim/v2_targeted_annotation/images/aerial_frame_000195.jpg,5249aa08a14a7f0157e17f200251aa765d4fe5e9dfd7313b48f8a62ab78d0c14,f2aab4761a11bcaf,V2_FRAME_DUP_00764,2,SYSTEMATIC_TEMPORAL,car,AERIAL_SMALL_OBJECT;DENSE_TRAFFIC;HARD_NEGATIVE;INTERSECTION;OCCLUSION,HEURISTIC;SYSTEMATIC,False,SELECTED_FOR_ANNOTATION,COVERAGE_BALANCED_DUPLICATE_REPRESENTATIVE,NOT_ANNOTATED,7.25,990.335
aerial_frame_000198,pexels_9322363_aerial_busy_intersection,data/raw/videos/pexels_9322363_aerial_busy_intersection.mp4,198,6.6066,Aerial,data/interim/v2_targeted_annotation/mined/aerial_frame_000198.jpg,26f1a92734b2e04c738b67b12489a94bdd20a8524c31b61d01ba3f858e7b7b42,f2aab4761a11bcae,V2_FRAME_DUP_00764,2,HARD_NEGATIVE_CONTEXT,car,AERIAL_SMALL_OBJECT;DENSE_TRAFFIC;HARD_NEGATIVE;INTERSECTION,HEURISTIC,False,REJECTED_NEAR_DUPLICATE,DUPLICATE_REDUCED:V2_FRAME_DUP_00764,NOT_ANNOTATED,4.45,1081.957
aerial_frame_000201,pexels_9322363_aerial_busy_intersection,data/raw/videos/pexels_9322363_aerial_busy_intersection.mp4,201,6.7067,Aerial,data/interim/v2_targeted_annotation/images/aerial_frame_000201.jpg,bd4ba5a0b4d37e5c15abe46d355c0db33ab9ff93c120b56ad8c1cf4d9852e2c0,f2aab4f65a91bcaf,V2_FRAME_DUP_00765,1,HARD_NEGATIVE_CONTEXT,car,AERIAL_SMALL_OBJECT;DENSE_TRAFFIC;HARD_NEGATIVE;INTERSECTION;OCCLUSION,HEURISTIC,False,SELECTED_FOR_ANNOTATION,COVERAGE_BALANCED_DUPLICATE_REPRESENTATIVE,NOT_ANNOTATED,6.85,987.104
aerial_frame_000205,pexels_9322363_aerial_busy_intersection,data/raw/videos/pexels_9322363_aerial_busy_intersection.mp4,205,6.840167,Aerial,data/interim/v2_targeted_annotation/images/aerial_frame_000205.jpg,369cf69f017eaa8f3af16989d1a4b45395c46552e3e3775159bf24bd817a59f4,f2abb4f65a91bcaf,V2_FRAME_DUP_00766,1,HARD_NEGATIVE_CONTEXT,car,AERIAL_SMALL_OBJECT;DENSE_TRAFFIC;HARD_NEGATIVE;INTERSECTION;OCCLUSION,HEURISTIC,False,SELECTED_FOR_ANNOTATION,COVERAGE_BALANCED_DUPLICATE_REPRESENTATIVE,NOT_ANNOTATED,6.85,986.165
aerial_frame_000209,pexels_9322363_aerial_busy_intersection,data/raw/videos/pexels_9322363_aerial_busy_intersection.mp4,209,6.973633,Aerial,data/interim/v2_targeted_annotation/images/aerial_frame_000209.jpg,c058ed0d87667f47e9a0fc972605dd5dae26c6f2e3bb907c62e869fe63e9f5b5,f2abb4d61690bcaf,V2_FRAME_DUP_00767,2,HARD_NEGATIVE_CONTEXT,car,AERIAL_SMALL_OBJECT;DENSE_TRAFFIC;HARD_NEGATIVE;INTERSECTION;OCCLUSION,HEURISTIC,False,SELECTED_FOR_ANNOTATION,COVERAGE_BALANCED_DUPLICATE_REPRESENTATIVE,NOT_ANNOTATED,7.0,971.34
aerial_frame_000212,pexels_9322363_aerial_busy_intersection,data/raw/videos/pexels_9322363_aerial_busy_intersection.mp4,212,7.073733,Aerial,data/interim/v2_targeted_annotation/mined/aerial_frame_000212.jpg,02fbb0b78be3a31aa0a2d4806c523e94acaea043b7f9918f8131817ebd50077d,f2abb4561490bcaf,V2_FRAME_DUP_00767,2,HARD_NEGATIVE_CONTEXT,car,AERIAL_SMALL_OBJECT;DENSE_TRAFFIC;HARD_NEGATIVE;INTERSECTION;OCCLUSION,HEURISTIC,False,REJECTED_NEAR_DUPLICATE,DUPLICATE_REDUCED:V2_FRAME_DUP_00767,NOT_ANNOTATED,6.85,983.341
aerial_frame_000216,pexels_9322363_aerial_busy_intersection,data/raw/videos/pexels_9322363_aerial_busy_intersection.mp4,216,7.2072,Aerial,data/interim/v2_targeted_annotation/images/aerial_frame_000216.jpg,e0b7d7d90c0188263f511b25960680c39df882a195227a8234149ba8febdaad1,f2abb4561492bcaf,V2_FRAME_DUP_00768,1,HARD_NEGATIVE_CONTEXT,car,AERIAL_SMALL_OBJECT;DENSE_TRAFFIC;HARD_NEGATIVE;INTERSECTION;OCCLUSION,HEURISTIC,False,SELECTED_FOR_ANNOTATION,COVERAGE_BALANCED_DUPLICATE_REPRESENTATIVE,NOT_ANNOTATED,6.55,988.992
aerial_frame_000221,pexels_9322363_aerial_busy_intersection,data/raw/videos/pexels_9322363_aerial_busy_intersection.mp4,221,7.374033,Aerial,data/interim/v2_targeted_annotation/images/aerial_frame_000221.jpg,8f341989fe154d31be4957ce87a8fdd95ed67e93f1ecb40d4454f3a82cc6f75c,f2abb4521492bcaf,V2_FRAME_DUP_00769,1,HARD_NEGATIVE_CONTEXT,car,AERIAL_SMALL_OBJECT;DENSE_TRAFFIC;HARD_NEGATIVE;INTERSECTION;OCCLUSION,HEURISTIC,False,SELECTED_FOR_ANNOTATION,COVERAGE_BALANCED_DUPLICATE_REPRESENTATIVE,NOT_ANNOTATED,6.55,978.467
aerial_frame_000225,pexels_9322363_aerial_busy_intersection,data/raw/videos/pexels_9322363_aerial_busy_intersection.mp4,225,7.5075,Aerial,data/interim/v2_targeted_annotation/images/aerial_frame_000225.jpg,b002493cdf9a06239db7fa0afbdddc59c5e96e7fed6b738ac739201307308086,f2abb452b490bcaf,V2_FRAME_DUP_00770,2,SYSTEMATIC_TEMPORAL,car,AERIAL_SMALL_OBJECT;DENSE_TRAFFIC;HARD_NEGATIVE;INTERSECTION;OCCLUSION,HEURISTIC;SYSTEMATIC,False,SELECTED_FOR_ANNOTATION,COVERAGE_BALANCED_DUPLICATE_REPRESENTATIVE,NOT_ANNOTATED,7.1,961.256
aerial_frame_000228,pexels_9322363_aerial_busy_intersection,data/raw/videos/pexels_9322363_aerial_busy_intersection.mp4,228,7.6076,Aerial,data/interim/v2_targeted_annotation/mined/aerial_frame_000228.jpg,6317cf7d4ccd5529f348dff33cfffe2ce972eca2a58f3981f4e9c6518659f68b,f2abb452b490bcef,V2_FRAME_DUP_00770,2,HARD_NEGATIVE_CONTEXT,car;truck,AERIAL_SMALL_OBJECT;DENSE_TRAFFIC;HARD_NEGATIVE;INTERSECTION,HEURISTIC,False,REJECTED_NEAR_DUPLICATE,DUPLICATE_REDUCED:V2_FRAME_DUP_00770,NOT_ANNOTATED,4.6,967.523
aerial_frame_000231,pexels_9322363_aerial_busy_intersection,data/raw/videos/pexels_9322363_aerial_busy_intersection.mp4,231,7.7077,Aerial,data/interim/v2_targeted_annotation/images/aerial_frame_000231.jpg,dceb28bc92d0fe2091e0071eddb02c3b987fad0fdbc3613b0e037185d81dc7da,f2abb452b490bcef,V2_FRAME_DUP_00771,1,HARD_NEGATIVE_CONTEXT,car;truck,AERIAL_SMALL_OBJECT;DENSE_TRAFFIC;HARD_NEGATIVE;INTERSECTION;OCCLUSION,HEURISTIC,False,SELECTED_FOR_ANNOTATION,COVERAGE_BALANCED_DUPLICATE_REPRESENTATIVE,NOT_ANNOTATED,6.55,1004.04
aerial_frame_000235,pexels_9322363_aerial_busy_intersection,data/raw/videos/pexels_9322363_aerial_busy_intersection.mp4,235,7.841167,Aerial,data/interim/v2_targeted_annotation/images/aerial_frame_000235.jpg,4be2a4f15c6be3f5cac4789792c6d71162fb6bd63b3d68774cef9fa6a5a4383f,f2abb4d0b4b0bcef,V2_FRAME_DUP_00772,1,HARD_NEGATIVE_CONTEXT,car,AERIAL_SMALL_OBJECT;DENSE_TRAFFIC;HARD_NEGATIVE;INTERSECTION;OCCLUSION,HEURISTIC,False,SELECTED_FOR_ANNOTATION,COVERAGE_BALANCED_DUPLICATE_REPRESENTATIVE,NOT_ANNOTATED,6.7,973.654
aerial_frame_000240,pexels_9322363_aerial_busy_intersection,data/raw/videos/pexels_9322363_aerial_busy_intersection.mp4,240,8.008,Aerial,data/interim/v2_targeted_annotation/images/aerial_frame_000240.jpg,0b30975f13d55bb9799d70ea37d8d9a934dacfac77aef5a14d13533bef54132d,f2abb494b4b0bcef,V2_FRAME_DUP_00773,1,SYSTEMATIC_TEMPORAL,car,AERIAL_SMALL_OBJECT;DENSE_TRAFFIC;HARD_NEGATIVE;INTERSECTION,HEURISTIC;SYSTEMATIC,False,SELECTED_FOR_ANNOTATION,COVERAGE_BALANCED_DUPLICATE_REPRESENTATIVE,NOT_ANNOTATED,5.75,1092.26
aerial_frame_000245,pexels_9322363_aerial_busy_intersection,data/raw/videos/pexels_9322363_aerial_busy_intersection.mp4,245,8.174833,Aerial,data/interim/v2_targeted_annotation/images/aerial_frame_000245.jpg,84c6c972117ff8301b1b64de69adecdd1509f1cfb8e1b48dd64851a751edfb05,f2abb4b03eb0baef,V2_FRAME_DUP_00774,1,HARD_NEGATIVE_CONTEXT,car,AERIAL_SMALL_OBJECT;DENSE_TRAFFIC;HARD_NEGATIVE;INTERSECTION;OCCLUSION,HEURISTIC,False,SELECTED_FOR_ANNOTATION,COVERAGE_BALANCED_DUPLICATE_REPRESENTATIVE,NOT_ANNOTATED,5.95,1008.234
aerial_frame_000248,pexels_9322363_aerial_busy_intersection,data/raw/videos/pexels_9322363_aerial_busy_intersection.mp4,248,8.274933,Aerial,data/interim/v2_targeted_annotation/mined/aerial_frame_000248.jpg,44eb9058538a7f9426ab80c6b1f4e1c8cdca5817d3716a7fb946bcb919d195f4,f2abb4b03eb29ae7,V2_FRAME_DUP_00775,2,HARD_NEGATIVE_CONTEXT,car,AERIAL_SMALL_OBJECT;DENSE_TRAFFIC;HARD_NEGATIVE;INTERSECTION,HEURISTIC,False,REJECTED_NEAR_DUPLICATE,DUPLICATE_REDUCED:V2_FRAME_DUP_00775,NOT_ANNOTATED,4.3,984.993
aerial_frame_000251,pexels_9322363_aerial_busy_intersection,data/raw/videos/pexels_9322363_aerial_busy_intersection.mp4,251,8.375033,Aerial,data/interim/v2_targeted_annotation/images/aerial_frame_000251.jpg,b0a1221039cf82fe9f3a7bf1f84451a4b6b46bc0512e4a7297fc4bdc7d449b3d,f2abb4f03ab29ae7,V2_FRAME_DUP_00775,2,HARD_NEGATIVE_CONTEXT,car,AERIAL_SMALL_OBJECT;DENSE_TRAFFIC;HARD_NEGATIVE;INTERSECTION;OCCLUSION,HEURISTIC,False,SELECTED_FOR_ANNOTATION,COVERAGE_BALANCED_DUPLICATE_REPRESENTATIVE,NOT_ANNOTATED,7.6,1083.261
aerial_frame_000256,pexels_9322363_aerial_busy_intersection,data/raw/videos/pexels_9322363_aerial_busy_intersection.mp4,256,8.541867,Aerial,data/interim/v2_targeted_annotation/images/aerial_frame_000256.jpg,07b303c08d436c65bd8c3dd545d8638bc000f6a19ccc981af5def5fbc3c1a818,f2abb4f93a92f8ef,V2_FRAME_DUP_00776,1,HARD_NEGATIVE_CONTEXT,bus;car,AERIAL_SMALL_OBJECT;DENSE_TRAFFIC;HARD_NEGATIVE;INTERSECTION;OCCLUSION,HEURISTIC,False,SELECTED_FOR_ANNOTATION,COVERAGE_BALANCED_DUPLICATE_REPRESENTATIVE,NOT_ANNOTATED,7.15,1012.29
aerial_frame_000259,pexels_9322363_aerial_busy_intersection,data/raw/videos/pexels_9322363_aerial_busy_intersection.mp4,259,8.641967,Aerial,data/interim/v2_targeted_annotation/images/aerial_frame_000259.jpg,9428541f76ee76a24daccd873389638e03ec06c8fb92cf933ea9379029e7d3eb,f2a9b4f13a92fcef,V2_FRAME_DUP_00777,1,HARD_NEGATIVE_CONTEXT,car,AERIAL_SMALL_OBJECT;DENSE_TRAFFIC;HARD_NEGATIVE;INTERSECTION;OCCLUSION,HEURISTIC,False,SELECTED_FOR_ANNOTATION,COVERAGE_BALANCED_DUPLICATE_REPRESENTATIVE,NOT_ANNOTATED,7.0,1034.245
aerial_frame_000264,pexels_9322363_aerial_busy_intersection,data/raw/videos/pexels_9322363_aerial_busy_intersection.mp4,264,8.8088,Aerial,data/interim/v2_targeted_annotation/images/aerial_frame_000264.jpg,60f94c510e388ffe48356958130b55c812ec639cc3b1fc6b93bcddb206bed8d0,f2abb4711a92fcef,V2_FRAME_DUP_00778,2,HARD_NEGATIVE_CONTEXT,car,AERIAL_SMALL_OBJECT;DENSE_TRAFFIC;HARD_NEGATIVE;INTERSECTION;OCCLUSION,HEURISTIC,False,SELECTED_FOR_ANNOTATION,COVERAGE_BALANCED_DUPLICATE_REPRESENTATIVE,NOT_ANNOTATED,7.3,905.867
aerial_frame_000267,pexels_9322363_aerial_busy_intersection,data/raw/videos/pexels_9322363_aerial_busy_intersection.mp4,267,8.9089,Aerial,data/interim/v2_targeted_annotation/mined/aerial_frame_000267.jpg,d021f9ee23ba6d11efbaef25d9db0dddcc9d5247aa1f5e2fbe14dd425da742fa,f2a9b4711a92f8ef,V2_FRAME_DUP_00778,2,HARD_NEGATIVE_CONTEXT,car,AERIAL_SMALL_OBJECT;DENSE_TRAFFIC;HARD_NEGATIVE;INTERSECTION;OCCLUSION,HEURISTIC,False,REJECTED_NEAR_DUPLICATE,DUPLICATE_REDUCED:V2_FRAME_DUP_00778,NOT_ANNOTATED,7.0,897.044
aerial_frame_000271,pexels_9322363_aerial_busy_intersection,data/raw/videos/pexels_9322363_aerial_busy_intersection.mp4,271,9.042367,Aerial,data/interim/v2_targeted_annotation/images/aerial_frame_000271.jpg,f09ff5195c4972f9eb16ca804199792de49166614a29bbbedcbaabbd3e537256,f2a9b4781a92f8ef,V2_FRAME_DUP_00779,1,HARD_NEGATIVE_CONTEXT,car,AERIAL_SMALL_OBJECT;DENSE_TRAFFIC;HARD_NEGATIVE;INTERSECTION;OCCLUSION,HEURISTIC,False,SELECTED_FOR_ANNOTATION,COVERAGE_BALANCED_DUPLICATE_REPRESENTATIVE,NOT_ANNOTATED,7.3,1081.42
aerial_frame_000276,pexels_9322363_aerial_busy_intersection,data/raw/videos/pexels_9322363_aerial_busy_intersection.mp4,276,9.2092,Aerial,data/interim/v2_targeted_annotation/images/aerial_frame_000276.jpg,f428c85ca6411ef2d94ead5c9643e74ea86e740b44daa1c9770ef28af63b478a,f2a9b4781c92f8ef,V2_FRAME_DUP_00780,1,HARD_NEGATIVE_CONTEXT,car,AERIAL_SMALL_OBJECT;DENSE_TRAFFIC;HARD_NEGATIVE;INTERSECTION;OCCLUSION,HEURISTIC,False,SELECTED_FOR_ANNOTATION,COVERAGE_BALANCED_DUPLICATE_REPRESENTATIVE,NOT_ANNOTATED,7.15,992.041
aerial_frame_000279,pexels_9322363_aerial_busy_intersection,data/raw/videos/pexels_9322363_aerial_busy_intersection.mp4,279,9.3093,Aerial,data/interim/v2_targeted_annotation/images/aerial_frame_000279.jpg,9d0b9c2064de44a7a7c2eea992bd8911bffd991e8da2db451b3e2c83fc0dc8e3,f2a9b4529c92b8ef,V2_FRAME_DUP_00781,1,HARD_NEGATIVE_CONTEXT,car,AERIAL_SMALL_OBJECT;DENSE_TRAFFIC;HARD_NEGATIVE;INTERSECTION;OCCLUSION,HEURISTIC,False,SELECTED_FOR_ANNOTATION,COVERAGE_BALANCED_DUPLICATE_REPRESENTATIVE,NOT_ANNOTATED,6.85,1009.651
aerial_frame_000382,pexels_9322363_aerial_busy_intersection,data/raw/videos/pexels_9322363_aerial_busy_intersection.mp4,382,12.746067,Aerial,data/interim/v2_targeted_annotation/images/aerial_frame_000382.jpg,32989dda4bcedbbd1a96e84601bfb169398335d24113732a3b99d675df3740f5,e2a9b472b491bcad,V2_FRAME_DUP_00782,1,HARD_NEGATIVE_CONTEXT,car;truck,AERIAL_SMALL_OBJECT;DENSE_TRAFFIC;HARD_NEGATIVE;INTERSECTION,HEURISTIC,False,SELECTED_FOR_ANNOTATION,COVERAGE_BALANCED_DUPLICATE_REPRESENTATIVE,NOT_ANNOTATED,5.05,964.436
aerial_frame_000386,pexels_9322363_aerial_busy_intersection,data/raw/videos/pexels_9322363_aerial_busy_intersection.mp4,386,12.879533,Aerial,data/interim/v2_targeted_annotation/images/aerial_frame_000386.jpg,2142bc1b227077dd67b554adb79fc83fc340b5a00ae6f7d7f9e7ddee562a88b3,e2a9b4723491bcad,V2_FRAME_DUP_00783,1,HARD_NEGATIVE_CONTEXT,car,AERIAL_SMALL_OBJECT;DENSE_TRAFFIC;HARD_NEGATIVE;INTERSECTION;OCCLUSION,HEURISTIC,False,SELECTED_FOR_ANNOTATION,COVERAGE_BALANCED_DUPLICATE_REPRESENTATIVE,NOT_ANNOTATED,7.0,945.003
aerial_frame_000390,pexels_9322363_aerial_busy_intersection,data/raw/videos/pexels_9322363_aerial_busy_intersection.mp4,390,13.013,Aerial,data/interim/v2_targeted_annotation/images/aerial_frame_000390.jpg,947c2030897d93e50bf4493e8308cedf05a34096e9c5792c17e7d20366b91b03,e2a994727491bcad,V2_FRAME_DUP_00784,1,SYSTEMATIC_TEMPORAL,car,AERIAL_SMALL_OBJECT;DENSE_TRAFFIC;HARD_NEGATIVE;INTERSECTION;OCCLUSION,HEURISTIC;SYSTEMATIC,False,SELECTED_FOR_ANNOTATION,COVERAGE_BALANCED_DUPLICATE_REPRESENTATIVE,NOT_ANNOTATED,7.7,1123.249
aerial_frame_000394,pexels_9322363_aerial_busy_intersection,data/raw/videos/pexels_9322363_aerial_busy_intersection.mp4,394,13.146467,Aerial,data/interim/v2_targeted_annotation/images/aerial_frame_000394.jpg,d2705e51aac62f9fbf45a47569e3709e031cb1c9577a58cf002e827970c13fda,e2a994b25491bcad,V2_FRAME_DUP_00785,1,HARD_NEGATIVE_CONTEXT,car;truck,AERIAL_SMALL_OBJECT;DENSE_TRAFFIC;HARD_NEGATIVE;INTERSECTION;OCCLUSION,HEURISTIC,False,SELECTED_FOR_ANNOTATION,COVERAGE_BALANCED_DUPLICATE_REPRESENTATIVE,NOT_ANNOTATED,6.85,901.992
aerial_frame_000398,pexels_9322363_aerial_busy_intersection,data/raw/videos/pexels_9322363_aerial_busy_intersection.mp4,398,13.279933,Aerial,data/interim/v2_targeted_annotation/images/aerial_frame_000398.jpg,b2da6cd3fb189f57f49d924ba0e882e8df954d18ffb5a50a9d7165da150d3656,e2a9b4b25491bcac,V2_FRAME_DUP_00786,1,HARD_NEGATIVE_CONTEXT,car;truck,AERIAL_SMALL_OBJECT;DENSE_TRAFFIC;HARD_NEGATIVE;INTERSECTION;OCCLUSION,HEURISTIC,False,SELECTED_FOR_ANNOTATION,COVERAGE_BALANCED_DUPLICATE_REPRESENTATIVE,NOT_ANNOTATED,6.25,948.194
aerial_frame_000402,pexels_9322363_aerial_busy_intersection,data/raw/videos/pexels_9322363_aerial_busy_intersection.mp4,402,13.4134,Aerial,data/interim/v2_targeted_annotation/mined/aerial_frame_000402.jpg,041c08fb81d7b19da74c2fe820407c22ec69fc075f9f478cad8474286e29f817,e2a9b4b65491baae,V2_FRAME_DUP_00787,2,HARD_NEGATIVE_CONTEXT,car,AERIAL_SMALL_OBJECT;DENSE_TRAFFIC;HARD_NEGATIVE;INTERSECTION;OCCLUSION,HEURISTIC,False,REJECTED_NEAR_DUPLICATE,DUPLICATE_REDUCED:V2_FRAME_DUP_00787,NOT_ANNOTATED,5.95,1074.361
aerial_frame_000405,pexels_9322363_aerial_busy_intersection,data/raw/videos/pexels_9322363_aerial_busy_intersection.mp4,405,13.5135,Aerial,data/interim/v2_targeted_annotation/images/aerial_frame_000405.jpg,f14f9e79896977ab54aaad89ec971b1468c7ffbe6acb91a6744924595d95deba,e2a9b4b65491baae,V2_FRAME_DUP_00787,2,SYSTEMATIC_TEMPORAL,car;truck,AERIAL_SMALL_OBJECT;DENSE_TRAFFIC;HARD_NEGATIVE;INTERSECTION;OCCLUSION,HEURISTIC;SYSTEMATIC,False,SELECTED_FOR_ANNOTATION,COVERAGE_BALANCED_DUPLICATE_REPRESENTATIVE,NOT_ANNOTATED,7.25,1052.725
aerial_frame_000409,pexels_9322363_aerial_busy_intersection,data/raw/videos/pexels_9322363_aerial_busy_intersection.mp4,409,13.646967,Aerial,data/interim/v2_targeted_annotation/images/aerial_frame_000409.jpg,273ae95b82629d448d586bfe34e1cf316d2bc6645a76d0079423265723dbb53a,e2a9b4b25491b8ae,V2_FRAME_DUP_00788,1,HARD_NEGATIVE_CONTEXT,car,AERIAL_SMALL_OBJECT;DENSE_TRAFFIC;HARD_NEGATIVE;INTERSECTION,HEURISTIC,False,SELECTED_FOR_ANNOTATION,COVERAGE_BALANCED_DUPLICATE_REPRESENTATIVE,NOT_ANNOTATED,4.45,916.771
aerial_frame_000412,pexels_9322363_aerial_busy_intersection,data/raw/videos/pexels_9322363_aerial_busy_intersection.mp4,412,13.747067,Aerial,data/interim/v2_targeted_annotation/images/aerial_frame_000412.jpg,f1185a66deecbd39aeb744c097fe25b1cda7eef2e0912497d001bb472f90ed73,e2a9b4f26e91b8ae,V2_FRAME_DUP_00789,1,HARD_NEGATIVE_CONTEXT,car;truck,AERIAL_SMALL_OBJECT;DENSE_TRAFFIC;HARD_NEGATIVE;INTERSECTION;OCCLUSION,HEURISTIC,False,SELECTED_FOR_ANNOTATION,COVERAGE_BALANCED_DUPLICATE_REPRESENTATIVE,NOT_ANNOTATED,7.15,881.672
aerial_frame_000415,pexels_9322363_aerial_busy_intersection,data/raw/videos/pexels_9322363_aerial_busy_intersection.mp4,415,13.847167,Aerial,data/interim/v2_targeted_annotation/images/aerial_frame_000415.jpg,bb9c4d2a575f4d8da94be03e4600e32e56cb04dac0494380b42b4e246d8c8be0,e2a9b4f86ed1b8ae,V2_FRAME_DUP_00790,1,HARD_NEGATIVE_CONTEXT,car,AERIAL_SMALL_OBJECT;DENSE_TRAFFIC;HARD_NEGATIVE;INTERSECTION;OCCLUSION,HEURISTIC,False,SELECTED_FOR_ANNOTATION,COVERAGE_BALANCED_DUPLICATE_REPRESENTATIVE,NOT_ANNOTATED,6.4,813.959
aerial_frame_000420,pexels_9322363_aerial_busy_intersection,data/raw/videos/pexels_9322363_aerial_busy_intersection.mp4,420,14.014,Aerial,data/interim/v2_targeted_annotation/images/aerial_frame_000420.jpg,4babfbf4e69fd4dd2ac4c866366a5d8a0d97678ce342871d4380ce2f613a54d2,e2a9b4782c91b8ae,V2_FRAME_DUP_00791,1,SYSTEMATIC_TEMPORAL,car;truck,AERIAL_SMALL_OBJECT;DENSE_TRAFFIC;HARD_NEGATIVE;INTERSECTION;OCCLUSION,HEURISTIC;SYSTEMATIC,False,SELECTED_FOR_ANNOTATION,COVERAGE_BALANCED_DUPLICATE_REPRESENTATIVE,NOT_ANNOTATED,7.85,820.558
aerial_frame_000424,pexels_9322363_aerial_busy_intersection,data/raw/videos/pexels_9322363_aerial_busy_intersection.mp4,424,14.147467,Aerial,data/interim/v2_targeted_annotation/images/aerial_frame_000424.jpg,96668df8f64db5796188f2088e2059e60444ce07c3b15b985eb19f6de6bd79c9,f2a9b47824b1bdae,V2_FRAME_DUP_00792,1,HARD_NEGATIVE_CONTEXT,car,AERIAL_SMALL_OBJECT;DENSE_TRAFFIC;HARD_NEGATIVE;INTERSECTION;OCCLUSION,HEURISTIC,False,SELECTED_FOR_ANNOTATION,COVERAGE_BALANCED_DUPLICATE_REPRESENTATIVE,NOT_ANNOTATED,6.85,944.083
aerial_frame_000427,pexels_9322363_aerial_busy_intersection,data/raw/videos/pexels_9322363_aerial_busy_intersection.mp4,427,14.247567,Aerial,data/interim/v2_targeted_annotation/images/aerial_frame_000427.jpg,0c97ee5d2b4da3cf8edbcd0e89935e44e600fc84914d4f2983b068a8ca77761d,f2a9b46824b1bcaf,V2_FRAME_DUP_00793,1,HARD_NEGATIVE_CONTEXT,car,AERIAL_SMALL_OBJECT;DENSE_TRAFFIC;HARD_NEGATIVE;INTERSECTION;OCCLUSION,HEURISTIC,False,SELECTED_FOR_ANNOTATION,COVERAGE_BALANCED_DUPLICATE_REPRESENTATIVE,NOT_ANNOTATED,6.85,983.638
aerial_frame_000432,pexels_9322363_aerial_busy_intersection,data/raw/videos/pexels_9322363_aerial_busy_intersection.mp4,432,14.4144,Aerial,data/interim/v2_targeted_annotation/mined/aerial_frame_000432.jpg,ccb46d3ab83d45acbc3314c11b5eb13ca08bc87be59e21ab865648721031c978,f2a9b45834b1bcaf,V2_FRAME_DUP_00794,2,HARD_NEGATIVE_CONTEXT,car,AERIAL_SMALL_OBJECT;DENSE_TRAFFIC;HARD_NEGATIVE;INTERSECTION;OCCLUSION,HEURISTIC,False,REJECTED_NEAR_DUPLICATE,DUPLICATE_REDUCED:V2_FRAME_DUP_00794,NOT_ANNOTATED,6.4,1016.442
aerial_frame_000435,pexels_9322363_aerial_busy_intersection,data/raw/videos/pexels_9322363_aerial_busy_intersection.mp4,435,14.5145,Aerial,data/interim/v2_targeted_annotation/images/aerial_frame_000435.jpg,af78bbcc7613795cf3927bbcd7f0b0ecc9b4fbd2fcb907c601b748c272351297,f2a9b45834b1bcaf,V2_FRAME_DUP_00794,2,SYSTEMATIC_TEMPORAL,car,AERIAL_SMALL_OBJECT;DENSE_TRAFFIC;HARD_NEGATIVE;INTERSECTION;OCCLUSION,HEURISTIC;SYSTEMATIC,False,SELECTED_FOR_ANNOTATION,COVERAGE_BALANCED_DUPLICATE_REPRESENTATIVE,NOT_ANNOTATED,7.55,1006.74
aerial_frame_000439,pexels_9322363_aerial_busy_intersection,data/raw/videos/pexels_9322363_aerial_busy_intersection.mp4,439,14.647967,Aerial,data/interim/v2_targeted_annotation/images/aerial_frame_000439.jpg,ee20f903c7e18a0ff7255b896a1b64bef61d05a195c06af13616de5b5dc6a3a0,f2a9b45014b1bcae,V2_FRAME_DUP_00795,1,HARD_NEGATIVE_CONTEXT,car;truck,AERIAL_SMALL_OBJECT;DENSE_TRAFFIC;HARD_NEGATIVE;INTERSECTION;OCCLUSION,HEURISTIC,False,SELECTED_FOR_ANNOTATION,COVERAGE_BALANCED_DUPLICATE_REPRESENTATIVE,NOT_ANNOTATED,6.1,983.877
aerial_frame_000443,pexels_9322363_aerial_busy_intersection,data/raw/videos/pexels_9322363_aerial_busy_intersection.mp4,443,14.781433,Aerial,data/interim/v2_targeted_annotation/images/aerial_frame_000443.jpg,b1166d3981d53796b980342113373527f43ad59dc67accf7e0d90fb1aa8bb6f2,e2a9b45214b1bcae,V2_FRAME_DUP_00796,2,HARD_NEGATIVE_CONTEXT,car;truck,AERIAL_SMALL_OBJECT;DENSE_TRAFFIC;HARD_NEGATIVE;INTERSECTION;OCCLUSION,HEURISTIC,False,SELECTED_FOR_ANNOTATION,COVERAGE_BALANCED_DUPLICATE_REPRESENTATIVE,NOT_ANNOTATED,6.55,1271.189
aerial_frame_000446,pexels_9322363_aerial_busy_intersection,data/raw/videos/pexels_9322363_aerial_busy_intersection.mp4,446,14.881533,Aerial,data/interim/v2_targeted_annotation/mined/aerial_frame_000446.jpg,9c8c77155efe8c962f5c7b3ea1596efbc3c97c20a4989fc6d92fcf1fe152b2a7,e2a9b4521491bcae,V2_FRAME_DUP_00796,2,HARD_NEGATIVE_CONTEXT,car,AERIAL_SMALL_OBJECT;DENSE_TRAFFIC;HARD_NEGATIVE;INTERSECTION;OCCLUSION,HEURISTIC,False,REJECTED_NEAR_DUPLICATE,DUPLICATE_REDUCED:V2_FRAME_DUP_00796,NOT_ANNOTATED,5.95,1040.871
aerial_frame_000450,pexels_9322363_aerial_busy_intersection,data/raw/videos/pexels_9322363_aerial_busy_intersection.mp4,450,15.015,Aerial,data/interim/v2_targeted_annotation/mined/aerial_frame_000450.jpg,42f4457ee13875d2c119429928d5d97e8ad809b5612283fc84674c721737005c,e2a9b4521491bcaf,V2_FRAME_DUP_00797,2,SYSTEMATIC_TEMPORAL,car,AERIAL_SMALL_OBJECT;DENSE_TRAFFIC;HARD_NEGATIVE;INTERSECTION,HEURISTIC;SYSTEMATIC,False,REJECTED_NEAR_DUPLICATE,DUPLICATE_REDUCED:V2_FRAME_DUP_00797,NOT_ANNOTATED,5.15,1096.315
aerial_frame_000453,pexels_9322363_aerial_busy_intersection,data/raw/videos/pexels_9322363_aerial_busy_intersection.mp4,453,15.1151,Aerial,data/interim/v2_targeted_annotation/images/aerial_frame_000453.jpg,26eaa52797fc40bc0210ef095fae9797d750236e5298ed836379c757fa2586d2,e2a9b4521491b8af,V2_FRAME_DUP_00797,2,HARD_NEGATIVE_CONTEXT,car,AERIAL_SMALL_OBJECT;DENSE_TRAFFIC;HARD_NEGATIVE;INTERSECTION;OCCLUSION,HEURISTIC,False,SELECTED_FOR_ANNOTATION,COVERAGE_BALANCED_DUPLICATE_REPRESENTATIVE,NOT_ANNOTATED,6.1,996.597
aerial_frame_000458,pexels_9322363_aerial_busy_intersection,data/raw/videos/pexels_9322363_aerial_busy_intersection.mp4,458,15.281933,Aerial,data/interim/v2_targeted_annotation/images/aerial_frame_000458.jpg,1e4c3dc001b1a98cb0308cace85f99d4b05b9448e6d3d9ba1470ca6736f0586e,e2a9b4521491b8af,V2_FRAME_DUP_00798,2,HARD_NEGATIVE_CONTEXT,car;truck,AERIAL_SMALL_OBJECT;DENSE_TRAFFIC;HARD_NEGATIVE;INTERSECTION;OCCLUSION,HEURISTIC,False,SELECTED_FOR_ANNOTATION,COVERAGE_BALANCED_DUPLICATE_REPRESENTATIVE,NOT_ANNOTATED,6.4,1090.616
aerial_frame_000461,pexels_9322363_aerial_busy_intersection,data/raw/videos/pexels_9322363_aerial_busy_intersection.mp4,461,15.382033,Aerial,data/interim/v2_targeted_annotation/mined/aerial_frame_000461.jpg,34384a7a365448e02001bf7d79c4978bee8e145a124573787fcbebbab2cffa9f,e2a9b4521491b8af,V2_FRAME_DUP_00798,2,HARD_NEGATIVE_CONTEXT,car,AERIAL_SMALL_OBJECT;DENSE_TRAFFIC;HARD_NEGATIVE;INTERSECTION;OCCLUSION,HEURISTIC,False,REJECTED_NEAR_DUPLICATE,DUPLICATE_REDUCED:V2_FRAME_DUP_00798,NOT_ANNOTATED,6.4,1071.81
aerial_frame_000465,pexels_9322363_aerial_busy_intersection,data/raw/videos/pexels_9322363_aerial_busy_intersection.mp4,465,15.5155,Aerial,data/interim/v2_targeted_annotation/images/aerial_frame_000465.jpg,199eebb1cf8412b8d47573047962adc2b2c8cd2d8454a20c4d6eac930b1734f6,e2a9b4121491b8af,V2_FRAME_DUP_00799,1,SYSTEMATIC_TEMPORAL,car,AERIAL_SMALL_OBJECT;DENSE_TRAFFIC;HARD_NEGATIVE;INTERSECTION,HEURISTIC;SYSTEMATIC,False,SELECTED_FOR_ANNOTATION,COVERAGE_BALANCED_DUPLICATE_REPRESENTATIVE,NOT_ANNOTATED,5.3,969.245
aerial_frame_000470,pexels_9322363_aerial_busy_intersection,data/raw/videos/pexels_9322363_aerial_busy_intersection.mp4,470,15.682333,Aerial,data/interim/v2_targeted_annotation/images/aerial_frame_000470.jpg,a4ff05d127e736c779d9b2dc7ec2f9c9a4d44fa37abef5cd12a266da69fabcb2,e2a9b4323491b8af,V2_FRAME_DUP_00800,1,HARD_NEGATIVE_CONTEXT,car,AERIAL_SMALL_OBJECT;DENSE_TRAFFIC;HARD_NEGATIVE;INTERSECTION;OCCLUSION,HEURISTIC,False,SELECTED_FOR_ANNOTATION,COVERAGE_BALANCED_DUPLICATE_REPRESENTATIVE,NOT_ANNOTATED,6.55,953.545
highway_frame_000000,pexels_2103099_traffic_flow_highway,data/raw/videos/pexels_2103099_traffic_flow_highway.mp4,0,0.0,Highway,data/interim/v2_targeted_annotation/images/highway_frame_000000.jpg,13292da1a7ca20bd6b5f2cbb6e94de223f1fc4de033e163b1120a6ff4e5b9e08,f0d8f03068e0cce8,V2_FRAME_DUP_00441,1,SYSTEMATIC_TEMPORAL,bus;car;truck,DENSE_TRAFFIC;HARD_NEGATIVE;OCCLUSION,HEURISTIC;SYSTEMATIC,False,SELECTED_FOR_ANNOTATION,COVERAGE_BALANCED_DUPLICATE_REPRESENTATIVE,NOT_ANNOTATED,6.8,28.196
highway_frame_000015,pexels_2103099_traffic_flow_highway,data/raw/videos/pexels_2103099_traffic_flow_highway.mp4,15,0.5,Highway,data/interim/v2_targeted_annotation/images/highway_frame_000015.jpg,6c82334ffd2649c9108efe20332645256a6f14f7cae696d5d093ec1153e0a5f6,f0d8f03068c0c4ec,V2_FRAME_DUP_00442,1,HARD_NEGATIVE_CONTEXT,bus;car;truck,DENSE_TRAFFIC;HARD_NEGATIVE;OCCLUSION,HEURISTIC,False,SELECTED_FOR_ANNOTATION,COVERAGE_BALANCED_DUPLICATE_REPRESENTATIVE,NOT_ANNOTATED,6.85,24.42
highway_frame_000030,pexels_2103099_traffic_flow_highway,data/raw/videos/pexels_2103099_traffic_flow_highway.mp4,30,1.0,Highway,data/interim/v2_targeted_annotation/mined/highway_frame_000030.jpg,11299a599a3e9bb704387d28112681c8f84be784f86883bdcfafe353df2c7fc6,f0d8f03068c0e2cc,V2_FRAME_DUP_00443,1,HARD_NEGATIVE_CONTEXT,bus;car;truck,DENSE_TRAFFIC;HARD_NEGATIVE;OCCLUSION,HEURISTIC,False,NOT_SELECTED_BALANCE,FINAL_SCENE_METHOD_BALANCE,NOT_ANNOTATED,6.1,23.978
highway_frame_000045,pexels_2103099_traffic_flow_highway,data/raw/videos/pexels_2103099_traffic_flow_highway.mp4,45,1.5,Highway,data/interim/v2_targeted_annotation/images/highway_frame_000045.jpg,cb9debeb2693c0a01a3ae06589e31a4e2ca894dc011a2080a447b3d2a3fc5c23,f0d8f03068c8e0c4,V2_FRAME_DUP_00444,1,SYSTEMATIC_TEMPORAL,bus;car;truck,DENSE_TRAFFIC;HARD_NEGATIVE;OCCLUSION,HEURISTIC;SYSTEMATIC,False,SELECTED_FOR_ANNOTATION,COVERAGE_BALANCED_DUPLICATE_REPRESENTATIVE,NOT_ANNOTATED,7.1,24.461
highway_frame_000066,pexels_2103099_traffic_flow_highway,data/raw/videos/pexels_2103099_traffic_flow_highway.mp4,66,2.2,Highway,data/interim/v2_targeted_annotation/mined/highway_frame_000066.jpg,170a6fd3b603d2109b767392977b4dc5c6fdcfeda1c96f41d3519cd247d3aaa7,f0f0f03070e8c0e2,V2_FRAME_DUP_00445,1,HARD_NEGATIVE_CONTEXT,bus;car;truck,DENSE_TRAFFIC;HARD_NEGATIVE;OCCLUSION,HEURISTIC,False,NOT_SELECTED_BALANCE,FINAL_SCENE_METHOD_BALANCE,NOT_ANNOTATED,6.25,29.604
highway_frame_000090,pexels_2103099_traffic_flow_highway,data/raw/videos/pexels_2103099_traffic_flow_highway.mp4,90,3.0,Highway,data/interim/v2_targeted_annotation/images/highway_frame_000090.jpg,0b6bc30d2e1903d8613982f1a2a6ec5b38d2992198691ee62dc5dc3dee7a903b,f0f0f02078e8ecea,V2_FRAME_DUP_00446,1,SYSTEMATIC_TEMPORAL,bus;car,DENSE_TRAFFIC;HARD_NEGATIVE;OCCLUSION,HEURISTIC;SYSTEMATIC,False,SELECTED_FOR_ANNOTATION,COVERAGE_BALANCED_DUPLICATE_REPRESENTATIVE,NOT_ANNOTATED,6.95,22.819
highway_frame_000106,pexels_2103099_traffic_flow_highway,data/raw/videos/pexels_2103099_traffic_flow_highway.mp4,106,3.533333,Highway,data/interim/v2_targeted_annotation/mined/highway_frame_000106.jpg,fd851404e9228580b429e86790923eb4b0f3a2b2eb2e7c767c3e15dd3fc03ef2,f0f0f02078e4ecec,V2_FRAME_DUP_00447,1,HARD_NEGATIVE_CONTEXT,bus;car;truck,DENSE_TRAFFIC;HARD_NEGATIVE;OCCLUSION,HEURISTIC,False,NOT_SELECTED_BALANCE,FINAL_SCENE_METHOD_BALANCE,NOT_ANNOTATED,6.4,29.346
highway_frame_000122,pexels_2103099_traffic_flow_highway,data/raw/videos/pexels_2103099_traffic_flow_highway.mp4,122,4.066667,Highway,data/interim/v2_targeted_annotation/mined/highway_frame_000122.jpg,411c9a7255a2c2eb0e270f1ad0bb06c30297fe0c1e55ac85710ab39f8b92eb5b,f0f0f03060e8e8ec,V2_FRAME_DUP_00448,1,HARD_NEGATIVE_CONTEXT,bus;car;truck,DENSE_TRAFFIC;HARD_NEGATIVE;OCCLUSION,HEURISTIC,False,NOT_SELECTED_BALANCE,FINAL_SCENE_METHOD_BALANCE,NOT_ANNOTATED,6.4,28.463
highway_frame_000436,pexels_2103099_traffic_flow_highway,data/raw/videos/pexels_2103099_traffic_flow_highway.mp4,436,14.533333,Highway,data/interim/v2_targeted_annotation/images/highway_frame_000436.jpg,423b6f1a126d111d2f7731ce31a664d508cc3269e9aa56fbfe705ad9b274558d,f0e0f0287cf8eae8,V2_FRAME_DUP_00449,1,DIFFICULT_HEURISTIC,car;person;truck,DENSE_TRAFFIC;OCCLUSION;PERSON_CAR;PERSON_PRESENT;SMALL_PERSON,HEURISTIC;MODEL_ASSISTED,False,SELECTED_FOR_ANNOTATION,COVERAGE_BALANCED_DUPLICATE_REPRESENTATIVE,NOT_ANNOTATED,12.2,28.681
highway_frame_000461,pexels_2103099_traffic_flow_highway,data/raw/videos/pexels_2103099_traffic_flow_highway.mp4,461,15.366667,Highway,data/interim/v2_targeted_annotation/mined/highway_frame_000461.jpg,823e3d0c74d3d881e6f9744778d20d0354530399f979bc38cb297906e2b5e723,f0e070206cd8e8ea,V2_FRAME_DUP_00450,1,HARD_NEGATIVE_CONTEXT,car;truck,DENSE_TRAFFIC;HARD_NEGATIVE;OCCLUSION,HEURISTIC,False,NOT_SELECTED_BALANCE,FINAL_SCENE_METHOD_BALANCE,NOT_ANNOTATED,6.55,28.865
highway_frame_000480,pexels_2103099_traffic_flow_highway,data/raw/videos/pexels_2103099_traffic_flow_highway.mp4,480,16.0,Highway,data/interim/v2_targeted_annotation/mined/highway_frame_000480.jpg,3434d68f2d5e1e96eb8a285ac596f6cc2f81b2c732a87e565b5ece8b660aaa9c,f0e070206cdceae8,V2_FRAME_DUP_00451,1,HARD_NEGATIVE_CONTEXT,car;truck,DENSE_TRAFFIC;HARD_NEGATIVE;OCCLUSION,HEURISTIC,False,NOT_SELECTED_BALANCE,FINAL_SCENE_METHOD_BALANCE,NOT_ANNOTATED,6.4,31.577
highway_frame_000495,pexels_2103099_traffic_flow_highway,data/raw/videos/pexels_2103099_traffic_flow_highway.mp4,495,16.5,Highway,data/interim/v2_targeted_annotation/images/highway_frame_000495.jpg,e81151ca4e351e64616472a3454ffba3d634bc7617d48d9e04ddd14e301258b0,f0e0702068fce8e8,V2_FRAME_DUP_00452,1,SYSTEMATIC_TEMPORAL,car;truck,DENSE_TRAFFIC;HARD_NEGATIVE;OCCLUSION,HEURISTIC;SYSTEMATIC,False,SELECTED_FOR_ANNOTATION,COVERAGE_BALANCED_DUPLICATE_REPRESENTATIVE,NOT_ANNOTATED,7.25,27.002
highway_frame_000516,pexels_2103099_traffic_flow_highway,data/raw/videos/pexels_2103099_traffic_flow_highway.mp4,516,17.2,Highway,data/interim/v2_targeted_annotation/mined/highway_frame_000516.jpg,c37fe4c7f9a1d3ce41b04384a838030e57b96188be81a184bab1ec58c66af86c,f0f0702260ecdcea,V2_FRAME_DUP_00453,1,HARD_NEGATIVE_CONTEXT,car;truck,DENSE_TRAFFIC;HARD_NEGATIVE;OCCLUSION,HEURISTIC,False,NOT_SELECTED_BALANCE,FINAL_SCENE_METHOD_BALANCE,NOT_ANNOTATED,6.7,32.014
highway_frame_000540,pexels_2103099_traffic_flow_highway,data/raw/videos/pexels_2103099_traffic_flow_highway.mp4,540,18.0,Highway,data/interim/v2_targeted_annotation/images/highway_frame_000540.jpg,60a8d5f4b1b33385d2d03c471943576e0ce9277066ebab6e1dba8baa23a31517,f0f0702a6ae8fcec,V2_FRAME_DUP_00454,1,SYSTEMATIC_TEMPORAL,car;truck,DENSE_TRAFFIC;HARD_NEGATIVE;OCCLUSION,HEURISTIC;SYSTEMATIC,False,SELECTED_FOR_ANNOTATION,COVERAGE_BALANCED_DUPLICATE_REPRESENTATIVE,NOT_ANNOTATED,7.55,30.212
highway_frame_000558,pexels_2103099_traffic_flow_highway,data/raw/videos/pexels_2103099_traffic_flow_highway.mp4,558,18.6,Highway,data/interim/v2_targeted_annotation/images/highway_frame_000558.jpg,ebf1dfee2bc5d963a155785ad6a277ecfbcceb9d54fe1c72a10c7e450a6121c3,f0f0f0286ae8eabc,V2_FRAME_DUP_00455,1,HARD_NEGATIVE_CONTEXT,bus;car;truck,DENSE_TRAFFIC;HARD_NEGATIVE;OCCLUSION,HEURISTIC,False,SELECTED_FOR_ANNOTATION,COVERAGE_BALANCED_DUPLICATE_REPRESENTATIVE,NOT_ANNOTATED,6.85,29.793
highway_frame_000574,pexels_2103099_traffic_flow_highway,data/raw/videos/pexels_2103099_traffic_flow_highway.mp4,574,19.133333,Highway,data/interim/v2_targeted_annotation/mined/highway_frame_000574.jpg,aad945a2615d1cd96f984c09eca51e97bafb24ef77bf51db9f238571d1095f30,f0f0f02862eceabc,V2_FRAME_DUP_00456,1,HARD_NEGATIVE_CONTEXT,car;truck,DENSE_TRAFFIC;HARD_NEGATIVE;OCCLUSION,HEURISTIC,False,NOT_SELECTED_BALANCE,FINAL_SCENE_METHOD_BALANCE,NOT_ANNOTATED,6.55,30.651
highway_frame_000593,pexels_2103099_traffic_flow_highway,data/raw/videos/pexels_2103099_traffic_flow_highway.mp4,593,19.766667,Highway,data/interim/v2_targeted_annotation/images/highway_frame_000593.jpg,8f5b5b1a216c01380af55a193c6d508723a8a34fda0e4af672f8b326c3d53cd4,f0f0b02862e4e8aa,V2_FRAME_DUP_00457,1,HARD_NEGATIVE_CONTEXT,car;truck,DENSE_TRAFFIC;HARD_NEGATIVE;OCCLUSION,HEURISTIC,False,SELECTED_FOR_ANNOTATION,COVERAGE_BALANCED_DUPLICATE_REPRESENTATIVE,NOT_ANNOTATED,7.15,28.515
highway_frame_000611,pexels_2103099_traffic_flow_highway,data/raw/videos/pexels_2103099_traffic_flow_highway.mp4,611,20.366667,Highway,data/interim/v2_targeted_annotation/images/highway_frame_000611.jpg,7e433814b0ad700d34f0e81d46636073a1d41c822690bd38cee636c557eaa480,f0f0b02860ecc8e2,V2_FRAME_DUP_00458,1,HARD_NEGATIVE_CONTEXT,car;truck,DENSE_TRAFFIC;HARD_NEGATIVE;OCCLUSION,HEURISTIC,False,SELECTED_FOR_ANNOTATION,COVERAGE_BALANCED_DUPLICATE_REPRESENTATIVE,NOT_ANNOTATED,6.85,29.244
highway_frame_000630,pexels_2103099_traffic_flow_highway,data/raw/videos/pexels_2103099_traffic_flow_highway.mp4,630,21.0,Highway,data/interim/v2_targeted_annotation/images/highway_frame_000630.jpg,95905b61802c864ff3fccfc3a4aa2d4dc10e3c170057e0bb255cddfe31883585,d0d0b02861c9c4ea,V2_FRAME_DUP_00459,1,SYSTEMATIC_TEMPORAL,car;truck,DENSE_TRAFFIC;HARD_NEGATIVE;OCCLUSION,HEURISTIC;SYSTEMATIC,False,SELECTED_FOR_ANNOTATION,COVERAGE_BALANCED_DUPLICATE_REPRESENTATIVE,NOT_ANNOTATED,7.55,27.152
highway_frame_000646,pexels_2103099_traffic_flow_highway,data/raw/videos/pexels_2103099_traffic_flow_highway.mp4,646,21.533333,Highway,data/interim/v2_targeted_annotation/mined/highway_frame_000646.jpg,17368991ec7f8b2f1969ec4ad34b93e1b0f199661a8b0456821f658ca9159bfe,f0d0b02860c9e5c8,V2_FRAME_DUP_00460,1,HARD_NEGATIVE_CONTEXT,car;truck,DENSE_TRAFFIC;HARD_NEGATIVE;OCCLUSION,HEURISTIC,False,NOT_SELECTED_BALANCE,FINAL_SCENE_METHOD_BALANCE,NOT_ANNOTATED,6.55,27.399
highway_frame_000675,pexels_2103099_traffic_flow_highway,data/raw/videos/pexels_2103099_traffic_flow_highway.mp4,675,22.5,Highway,data/interim/v2_targeted_annotation/images/highway_frame_000675.jpg,9f597144835fab31d6b7039f6f2b4950e907606919030335896f2cc515fc9e1d,f0d0b0a868e8c9c5,V2_FRAME_DUP_00461,1,SYSTEMATIC_TEMPORAL,bus;car;truck,DENSE_TRAFFIC;HARD_NEGATIVE;OCCLUSION,HEURISTIC;SYSTEMATIC,False,SELECTED_FOR_ANNOTATION,COVERAGE_BALANCED_DUPLICATE_REPRESENTATIVE,NOT_ANNOTATED,7.25,24.377
highway_frame_000690,pexels_2103099_traffic_flow_highway,data/raw/videos/pexels_2103099_traffic_flow_highway.mp4,690,23.0,Highway,data/interim/v2_targeted_annotation/mined/highway_frame_000690.jpg,15ddb75a2a6c5e0b331b2326e96641e740a077fbd4ad7bd3f8d0c716878c0b99,f0d0b0a878e0c8c3,V2_FRAME_DUP_00462,1,HARD_NEGATIVE_CONTEXT,bus;car;truck,DENSE_TRAFFIC;HARD_NEGATIVE;OCCLUSION,HEURISTIC,False,NOT_SELECTED_BALANCE,FINAL_SCENE_METHOD_BALANCE,NOT_ANNOTATED,6.55,25.121
highway_frame_000705,pexels_2103099_traffic_flow_highway,data/raw/videos/pexels_2103099_traffic_flow_highway.mp4,705,23.5,Highway,data/interim/v2_targeted_annotation/mined/highway_frame_000705.jpg,b647aa011d7214ac60acf26f4f75a06c52e738df3ca08adee05bec4889a6a4f6,f0d0b03878e0c8e9,V2_FRAME_DUP_00463,1,HARD_NEGATIVE_CONTEXT,bus;car;truck,DENSE_TRAFFIC;HARD_NEGATIVE;OCCLUSION,HEURISTIC,False,NOT_SELECTED_BALANCE,FINAL_SCENE_METHOD_BALANCE,NOT_ANNOTATED,6.25,31.22
highway_frame_000720,pexels_2103099_traffic_flow_highway,data/raw/videos/pexels_2103099_traffic_flow_highway.mp4,720,24.0,Highway,data/interim/v2_targeted_annotation/images/highway_frame_000720.jpg,94ba5ef6b93828a5c6eb51125752a84fc7050b616cac0003c88eab074cfdaad0,f0d0f03078e0ecc8,V2_FRAME_DUP_00464,1,SYSTEMATIC_TEMPORAL,car;truck,DENSE_TRAFFIC;HARD_NEGATIVE;OCCLUSION,HEURISTIC;SYSTEMATIC,False,SELECTED_FOR_ANNOTATION,COVERAGE_BALANCED_DUPLICATE_REPRESENTATIVE,NOT_ANNOTATED,6.8,29.392
highway_frame_000749,pexels_2103099_traffic_flow_highway,data/raw/videos/pexels_2103099_traffic_flow_highway.mp4,749,24.966667,Highway,data/interim/v2_targeted_annotation/images/highway_frame_000749.jpg,c5dfed1af6fe9ce67860d21f119eb306e7b2d567d078990b8f77dc0ef21d21f8,f0d0f03068d8e0ac,V2_FRAME_DUP_00465,1,DIFFICULT_HEURISTIC,car;person;truck,DENSE_TRAFFIC;OCCLUSION;PERSON_CAR;PERSON_PRESENT;SMALL_PERSON,HEURISTIC;MODEL_ASSISTED,False,SELECTED_FOR_ANNOTATION,COVERAGE_BALANCED_DUPLICATE_REPRESENTATIVE,NOT_ANNOTATED,11.9,28.133
highway_frame_000765,pexels_2103099_traffic_flow_highway,data/raw/videos/pexels_2103099_traffic_flow_highway.mp4,765,25.5,Highway,data/interim/v2_targeted_annotation/images/highway_frame_000765.jpg,e95f433fb4daa99c366ac4024c5c2d9e84a359cc5c9bf5f1fab0dabd0ac0c579,f0d0f03068f8c2ec,V2_FRAME_DUP_00466,1,SYSTEMATIC_TEMPORAL,car;truck,DENSE_TRAFFIC;HARD_NEGATIVE;OCCLUSION,HEURISTIC;SYSTEMATIC,False,SELECTED_FOR_ANNOTATION,COVERAGE_BALANCED_DUPLICATE_REPRESENTATIVE,NOT_ANNOTATED,7.25,30.325
highway_frame_000784,pexels_2103099_traffic_flow_highway,data/raw/videos/pexels_2103099_traffic_flow_highway.mp4,784,26.133333,Highway,data/interim/v2_targeted_annotation/mined/highway_frame_000784.jpg,298d5f8379d371b51a0387b5da00ff889f4cf02318a5e281a59dc3077eab2c22,f0d0f03068f8e0e8,V2_FRAME_DUP_00467,1,HARD_NEGATIVE_CONTEXT,bus;car;truck,DENSE_TRAFFIC;HARD_NEGATIVE;OCCLUSION,HEURISTIC,False,NOT_SELECTED_BALANCE,FINAL_SCENE_METHOD_BALANCE,NOT_ANNOTATED,6.4,31.568
highway_frame_000810,pexels_2103099_traffic_flow_highway,data/raw/videos/pexels_2103099_traffic_flow_highway.mp4,810,27.0,Highway,data/interim/v2_targeted_annotation/images/highway_frame_000810.jpg,ae209756cfb81a499c2e5b356fddfb36567a3eeaa911dd0e0930b10a26666358,f0d0703060c8e8c2,V2_FRAME_DUP_00468,1,SYSTEMATIC_TEMPORAL,car;truck,DENSE_TRAFFIC;HARD_NEGATIVE;OCCLUSION,HEURISTIC;SYSTEMATIC,False,SELECTED_FOR_ANNOTATION,COVERAGE_BALANCED_DUPLICATE_REPRESENTATIVE,NOT_ANNOTATED,7.1,33.272
highway_frame_000838,pexels_2103099_traffic_flow_highway,data/raw/videos/pexels_2103099_traffic_flow_highway.mp4,838,27.933333,Highway,data/interim/v2_targeted_annotation/mined/highway_frame_000838.jpg,1e5f6d41487a849e7e917c4dde886a87dbfcfef63622bf65566a0a26148945bf,f0d0f03060c8e8a8,V2_FRAME_DUP_00469,1,HARD_NEGATIVE_CONTEXT,car;truck,DENSE_TRAFFIC;HARD_NEGATIVE;OCCLUSION,HEURISTIC,False,NOT_SELECTED_BALANCE,FINAL_SCENE_METHOD_BALANCE,NOT_ANNOTATED,6.7,36.855
highway_frame_000855,pexels_2103099_traffic_flow_highway,data/raw/videos/pexels_2103099_traffic_flow_highway.mp4,855,28.5,Highway,data/interim/v2_targeted_annotation/images/highway_frame_000855.jpg,b6a6b8900ff21b15176e4a1a4d49fda837d1d798c0d36299df17ffec6d5bb211,f0d0706070e8d8a8,V2_FRAME_DUP_00470,1,SYSTEMATIC_TEMPORAL,car;truck,DENSE_TRAFFIC;HARD_NEGATIVE;OCCLUSION,HEURISTIC;SYSTEMATIC,False,SELECTED_FOR_ANNOTATION,COVERAGE_BALANCED_DUPLICATE_REPRESENTATIVE,NOT_ANNOTATED,7.4,34.349
highway_frame_000870,pexels_2103099_traffic_flow_highway,data/raw/videos/pexels_2103099_traffic_flow_highway.mp4,870,29.0,Highway,data/interim/v2_targeted_annotation/mined/highway_frame_000870.jpg,fcc69f6da85e3a865d2e3c5e0487b6c73bbe663879c4ec4c9332ca261376d0eb,f0d0706070ecc8e8,V2_FRAME_DUP_00471,1,HARD_NEGATIVE_CONTEXT,car;truck,DENSE_TRAFFIC;HARD_NEGATIVE;OCCLUSION,HEURISTIC,False,NOT_SELECTED_BALANCE,FINAL_SCENE_METHOD_BALANCE,NOT_ANNOTATED,6.7,31.611
highway_frame_000886,pexels_2103099_traffic_flow_highway,data/raw/videos/pexels_2103099_traffic_flow_highway.mp4,886,29.533333,Highway,data/interim/v2_targeted_annotation/images/highway_frame_000886.jpg,ad268be7e3a68678eecd5bd6862a1869663b1073aad4ac11c282ffc520dac080,f0d0706070e4c8d8,V2_FRAME_DUP_00472,1,DIFFICULT_HEURISTIC,car;person;truck,DENSE_TRAFFIC;OCCLUSION;PERSON_CAR;PERSON_PRESENT;SMALL_PERSON,HEURISTIC;MODEL_ASSISTED,False,SELECTED_FOR_ANNOTATION,COVERAGE_BALANCED_DUPLICATE_REPRESENTATIVE,NOT_ANNOTATED,12.2,30.059
highway_frame_000901,pexels_2103099_traffic_flow_highway,data/raw/videos/pexels_2103099_traffic_flow_highway.mp4,901,30.033333,Highway,data/interim/v2_targeted_annotation/images/highway_frame_000901.jpg,ff580307ba4d310a5759c7a164aa84e0a90437e73007df5b0a36ef59042fcfd4,f0d0706070e4d8da,V2_FRAME_DUP_00473,1,DIFFICULT_HEURISTIC,car;person;truck,DENSE_TRAFFIC;OCCLUSION;PERSON_CAR;PERSON_PRESENT;SMALL_PERSON,HEURISTIC;MODEL_ASSISTED,False,SELECTED_FOR_ANNOTATION,COVERAGE_BALANCED_DUPLICATE_REPRESENTATIVE,NOT_ANNOTATED,12.35,30.097
highway_frame_000919,pexels_2103099_traffic_flow_highway,data/raw/videos/pexels_2103099_traffic_flow_highway.mp4,919,30.633333,Highway,data/interim/v2_targeted_annotation/images/highway_frame_000919.jpg,bcf2fff833074ccf42404a015ac4f43320af30fa5940b828a21a7708dfee2c46,f0d070f060e4dce8,V2_FRAME_DUP_00474,1,DIFFICULT_HEURISTIC,car;person;truck,DENSE_TRAFFIC;MULTIPLE_PERSON;OCCLUSION;PERSON_CAR;PERSON_PRESENT;SMALL_PERSON,HEURISTIC;MODEL_ASSISTED,False,SELECTED_FOR_ANNOTATION,COVERAGE_BALANCED_DUPLICATE_REPRESENTATIVE,NOT_ANNOTATED,16.9,29.57
highway_frame_000938,pexels_2103099_traffic_flow_highway,data/raw/videos/pexels_2103099_traffic_flow_highway.mp4,938,31.266667,Highway,data/interim/v2_targeted_annotation/images/highway_frame_000938.jpg,74a75230dea31a8bb9d84577ea1fa449b81fc8296f3bcfed18dc6a0ae6de01bf,f0d030f060f0c4dc,V2_FRAME_DUP_00475,1,DIFFICULT_HEURISTIC,car;person;truck,DENSE_TRAFFIC;OCCLUSION;PERSON_CAR;PERSON_PRESENT;SMALL_PERSON,HEURISTIC;MODEL_ASSISTED,False,SELECTED_FOR_ANNOTATION,COVERAGE_BALANCED_DUPLICATE_REPRESENTATIVE,NOT_ANNOTATED,11.9,27.271
highway_frame_000956,pexels_2103099_traffic_flow_highway,data/raw/videos/pexels_2103099_traffic_flow_highway.mp4,956,31.866667,Highway,data/interim/v2_targeted_annotation/images/highway_frame_000956.jpg,f838645e4519b4c173726d59bba3f699ad2443be770b4f6c885ed92635f7eba0,f0d0b0f060e8c4dc,V2_FRAME_DUP_00476,1,DIFFICULT_HEURISTIC,car;person;truck,DENSE_TRAFFIC;MULTIPLE_PERSON;OCCLUSION;PERSON_CAR;PERSON_PRESENT;SMALL_PERSON,HEURISTIC;MODEL_ASSISTED,False,SELECTED_FOR_ANNOTATION,COVERAGE_BALANCED_DUPLICATE_REPRESENTATIVE,NOT_ANNOTATED,17.35,30.163
highway_frame_000982,pexels_2103099_traffic_flow_highway,data/raw/videos/pexels_2103099_traffic_flow_highway.mp4,982,32.733333,Highway,data/interim/v2_targeted_annotation/images/highway_frame_000982.jpg,2f41e81d25a47186fc5ce1e199da848f7956b7d7cd76a3f22a518cdbbf847ada,d0d0b0a078e8f4c4,V2_FRAME_DUP_00477,1,DIFFICULT_HEURISTIC,car;person;truck,DENSE_TRAFFIC;MULTIPLE_PERSON;OCCLUSION;PERSON_CAR;PERSON_PRESENT;SMALL_PERSON,HEURISTIC;MODEL_ASSISTED,False,SELECTED_FOR_ANNOTATION,COVERAGE_BALANCED_DUPLICATE_REPRESENTATIVE,NOT_ANNOTATED,17.2,27.192
highway_frame_000997,pexels_2103099_traffic_flow_highway,data/raw/videos/pexels_2103099_traffic_flow_highway.mp4,997,33.233333,Highway,data/interim/v2_targeted_annotation/images/highway_frame_000997.jpg,09e96137b0a0c137fecc36672f89767a41e815e32e71a44322e8c161e4be5fbb,f0d0b0f078c4e8c6,V2_FRAME_DUP_00478,1,DIFFICULT_HEURISTIC,car;person;truck,DENSE_TRAFFIC;MULTIPLE_PERSON;OCCLUSION;PERSON_CAR;PERSON_PRESENT;SMALL_PERSON,HEURISTIC;MODEL_ASSISTED,False,SELECTED_FOR_ANNOTATION,COVERAGE_BALANCED_DUPLICATE_REPRESENTATIVE,NOT_ANNOTATED,20.2,32.44
highway_frame_001014,pexels_2103099_traffic_flow_highway,data/raw/videos/pexels_2103099_traffic_flow_highway.mp4,1014,33.8,Highway,data/interim/v2_targeted_annotation/images/highway_frame_001014.jpg,df4b3b162b284e195f1237ad16cf7b5dad3f96147917b30de25b3764a86bebea,f0d0b07078c8c8e6,V2_FRAME_DUP_00479,1,DIFFICULT_HEURISTIC,car;person;truck,DENSE_TRAFFIC;MULTIPLE_PERSON;OCCLUSION;PERSON_CAR;PERSON_PRESENT;SMALL_PERSON,HEURISTIC;MODEL_ASSISTED,False,SELECTED_FOR_ANNOTATION,COVERAGE_BALANCED_DUPLICATE_REPRESENTATIVE,NOT_ANNOTATED,16.9,31.588
highway_frame_001030,pexels_2103099_traffic_flow_highway,data/raw/videos/pexels_2103099_traffic_flow_highway.mp4,1030,34.333333,Highway,data/interim/v2_targeted_annotation/images/highway_frame_001030.jpg,35c53941ed034d8418e4526ee092297dac5e68c2d24c8c74be4a0db9c2d62f86,f0d0b03078c8c8c8,V2_FRAME_DUP_00480,1,HARD_NEGATIVE_CONTEXT,bus;car;truck,DENSE_TRAFFIC;HARD_NEGATIVE;OCCLUSION,HEURISTIC,False,SELECTED_FOR_ANNOTATION,COVERAGE_BALANCED_DUPLICATE_REPRESENTATIVE,NOT_ANNOTATED,7.15,32.54
highway_frame_001045,pexels_2103099_traffic_flow_highway,data/raw/videos/pexels_2103099_traffic_flow_highway.mp4,1045,34.833333,Highway,data/interim/v2_targeted_annotation/mined/highway_frame_001045.jpg,c48eb1ea68592b08881044ff45ddbd27f9492e635bcf4efa1f2fdd1586ef5296,f0d0b03078e8c0c8,V2_FRAME_DUP_00481,1,HARD_NEGATIVE_CONTEXT,bus;car;truck,DENSE_TRAFFIC;HARD_NEGATIVE;OCCLUSION,HEURISTIC,False,NOT_SELECTED_BALANCE,FINAL_SCENE_METHOD_BALANCE,NOT_ANNOTATED,6.7,30.114
highway_frame_001061,pexels_2103099_traffic_flow_highway,data/raw/videos/pexels_2103099_traffic_flow_highway.mp4,1061,35.366667,Highway,data/interim/v2_targeted_annotation/images/highway_frame_001061.jpg,4830802b3671133313906b3f2fe10020d6c619314a670a4b70bfad3a74f15731,f0d0b03860d8c8c8,V2_FRAME_DUP_00482,1,HARD_NEGATIVE_CONTEXT,bus;car;truck,DENSE_TRAFFIC;HARD_NEGATIVE;OCCLUSION,HEURISTIC,False,SELECTED_FOR_ANNOTATION,COVERAGE_BALANCED_DUPLICATE_REPRESENTATIVE,NOT_ANNOTATED,7.45,31.923
highway_frame_001083,pexels_2103099_traffic_flow_highway,data/raw/videos/pexels_2103099_traffic_flow_highway.mp4,1083,36.1,Highway,data/interim/v2_targeted_annotation/images/highway_frame_001083.jpg,c4e60adc052a5b4a49793e6441d748c60233237062374fc3ac8f870e3bea7232,f0d0306060d8e8ec,V2_FRAME_DUP_00483,1,HARD_NEGATIVE_CONTEXT,car;truck,DENSE_TRAFFIC;HARD_NEGATIVE;OCCLUSION,HEURISTIC,False,SELECTED_FOR_ANNOTATION,COVERAGE_BALANCED_DUPLICATE_REPRESENTATIVE,NOT_ANNOTATED,7.15,23.682
highway_frame_001099,pexels_2103099_traffic_flow_highway,data/raw/videos/pexels_2103099_traffic_flow_highway.mp4,1099,36.633333,Highway,data/interim/v2_targeted_annotation/mined/highway_frame_001099.jpg,4b7ed41a8bf7ab52765c9672fb9d641e3daf2c9f4e35c2c27bd181ab4afb618a,f0d0b06068f8cccc,V2_FRAME_DUP_00484,1,HARD_NEGATIVE_CONTEXT,car;truck,DENSE_TRAFFIC;HARD_NEGATIVE;OCCLUSION,HEURISTIC,False,NOT_SELECTED_BALANCE,FINAL_SCENE_METHOD_BALANCE,NOT_ANNOTATED,6.55,24.829
highway_frame_001125,pexels_2103099_traffic_flow_highway,data/raw/videos/pexels_2103099_traffic_flow_highway.mp4,1125,37.5,Highway,data/interim/v2_targeted_annotation/images/highway_frame_001125.jpg,3e3b082777d1bcc8563bc133acc87fbf4e6e419a4c11d065ab52a00cfee2aa2c,f0d0f03068e8d4ec,V2_FRAME_DUP_00485,1,SYSTEMATIC_TEMPORAL,car;truck,DENSE_TRAFFIC;HARD_NEGATIVE;OCCLUSION,HEURISTIC;SYSTEMATIC,False,SELECTED_FOR_ANNOTATION,COVERAGE_BALANCED_DUPLICATE_REPRESENTATIVE,NOT_ANNOTATED,7.85,25.811
highway_frame_001140,pexels_2103099_traffic_flow_highway,data/raw/videos/pexels_2103099_traffic_flow_highway.mp4,1140,38.0,Highway,data/interim/v2_targeted_annotation/mined/highway_frame_001140.jpg,669e14f43ced1ab24107b1c0a5b198e33384e507e6177d0c3855026e5055a07d,f0d0f03068e0f8c4,V2_FRAME_DUP_00486,1,HARD_NEGATIVE_CONTEXT,car;truck,DENSE_TRAFFIC;HARD_NEGATIVE;OCCLUSION,HEURISTIC,False,NOT_SELECTED_BALANCE,FINAL_SCENE_METHOD_BALANCE,NOT_ANNOTATED,6.7,30.773
highway_frame_001155,pexels_2103099_traffic_flow_highway,data/raw/videos/pexels_2103099_traffic_flow_highway.mp4,1155,38.5,Highway,data/interim/v2_targeted_annotation/mined/highway_frame_001155.jpg,18d7bdd878f277f82e0594e49911e545816e2bf2528cf8cdd91a49c59a9bca62,f0d0f03068e4e8c6,V2_FRAME_DUP_00487,1,HARD_NEGATIVE_CONTEXT,car;truck,DENSE_TRAFFIC;HARD_NEGATIVE;OCCLUSION,HEURISTIC,False,NOT_SELECTED_BALANCE,FINAL_SCENE_METHOD_BALANCE,NOT_ANNOTATED,6.25,28.18
highway_frame_001170,pexels_2103099_traffic_flow_highway,data/raw/videos/pexels_2103099_traffic_flow_highway.mp4,1170,39.0,Highway,data/interim/v2_targeted_annotation/images/highway_frame_001170.jpg,3f7ead28b1d76782f72317a897eda874a998ffcc4b15d45ad751d8302016d0fe,f0d0f03068ece8f2,V2_FRAME_DUP_00488,1,SYSTEMATIC_TEMPORAL,car;truck,DENSE_TRAFFIC;HARD_NEGATIVE;OCCLUSION,HEURISTIC;SYSTEMATIC,False,SELECTED_FOR_ANNOTATION,COVERAGE_BALANCED_DUPLICATE_REPRESENTATIVE,NOT_ANNOTATED,7.4,36.227
highway_frame_001188,pexels_2103099_traffic_flow_highway,data/raw/videos/pexels_2103099_traffic_flow_highway.mp4,1188,39.6,Highway,data/interim/v2_targeted_annotation/mined/highway_frame_001188.jpg,af02a9f9d4514dcff171296f38e73ec927d5d5fa66f0110f0f83decee9782b20,f0d0b03068ecc8e8,V2_FRAME_DUP_00489,1,HARD_NEGATIVE_CONTEXT,car;truck,DENSE_TRAFFIC;HARD_NEGATIVE;OCCLUSION,HEURISTIC,False,NOT_SELECTED_BALANCE,FINAL_SCENE_METHOD_BALANCE,NOT_ANNOTATED,6.7,31.003
highway_frame_001215,pexels_2103099_traffic_flow_highway,data/raw/videos/pexels_2103099_traffic_flow_highway.mp4,1215,40.5,Highway,data/interim/v2_targeted_annotation/images/highway_frame_001215.jpg,b40584e957480d2b7b5ccbd3b0403a65b72570cf26012fa7e33740a5ebaa7892,f0d0b03060c8ece8,V2_FRAME_DUP_00490,1,SYSTEMATIC_TEMPORAL,car;truck,DENSE_TRAFFIC;HARD_NEGATIVE;OCCLUSION,HEURISTIC;SYSTEMATIC,False,SELECTED_FOR_ANNOTATION,COVERAGE_BALANCED_DUPLICATE_REPRESENTATIVE,NOT_ANNOTATED,7.4,30.694
highway_frame_001237,pexels_2103099_traffic_flow_highway,data/raw/videos/pexels_2103099_traffic_flow_highway.mp4,1237,41.233333,Highway,data/interim/v2_targeted_annotation/images/highway_frame_001237.jpg,31407b15f651e5de47b480f9a6519c0f3fdb1888e57e6e31867f527206cbf112,f0d0303060e8e4c8,V2_FRAME_DUP_00491,1,HARD_NEGATIVE_CONTEXT,car;truck,DENSE_TRAFFIC;HARD_NEGATIVE;OCCLUSION,HEURISTIC,False,SELECTED_FOR_ANNOTATION,COVERAGE_BALANCED_DUPLICATE_REPRESENTATIVE,NOT_ANNOTATED,6.85,33.603
highway_frame_001260,pexels_2103099_traffic_flow_highway,data/raw/videos/pexels_2103099_traffic_flow_highway.mp4,1260,42.0,Highway,data/interim/v2_targeted_annotation/images/highway_frame_001260.jpg,a65b9f620382ac96aef55c913088928dd06650dbcb2e009fa0e5195c643926c2,f0d0303060e8c8ec,V2_FRAME_DUP_00492,1,SYSTEMATIC_TEMPORAL,car,DENSE_TRAFFIC;HARD_NEGATIVE;OCCLUSION,HEURISTIC;SYSTEMATIC,False,SELECTED_FOR_ANNOTATION,COVERAGE_BALANCED_DUPLICATE_REPRESENTATIVE,NOT_ANNOTATED,6.95,24.738
highway_frame_001275,pexels_2103099_traffic_flow_highway,data/raw/videos/pexels_2103099_traffic_flow_highway.mp4,1275,42.5,Highway,data/interim/v2_targeted_annotation/mined/highway_frame_001275.jpg,69c2b4b339cb2158b065286c7ffeb72ee0064f099ea7e8024c67280a66781621,f0d0303060c8e8e6,V2_FRAME_DUP_00493,1,HARD_NEGATIVE_CONTEXT,car,DENSE_TRAFFIC;HARD_NEGATIVE;OCCLUSION,HEURISTIC,False,NOT_SELECTED_BALANCE,FINAL_SCENE_METHOD_BALANCE,NOT_ANNOTATED,6.55,26.691
highway_frame_001290,pexels_2103099_traffic_flow_highway,data/raw/videos/pexels_2103099_traffic_flow_highway.mp4,1290,43.0,Highway,data/interim/v2_targeted_annotation/images/highway_frame_001290.jpg,258a4cd464abd1e418499ac2c5f823bfaeea2b571104164db26f0b6894238388,f0d0303068c0e8c6,V2_FRAME_DUP_00494,1,DIFFICULT_HEURISTIC,car;person,DENSE_TRAFFIC;OCCLUSION;PERSON_CAR;PERSON_PRESENT;SMALL_PERSON,HEURISTIC;MODEL_ASSISTED,False,SELECTED_FOR_ANNOTATION,COVERAGE_BALANCED_DUPLICATE_REPRESENTATIVE,NOT_ANNOTATED,12.5,25.804
highway_frame_001305,pexels_2103099_traffic_flow_highway,data/raw/videos/pexels_2103099_traffic_flow_highway.mp4,1305,43.5,Highway,data/interim/v2_targeted_annotation/images/highway_frame_001305.jpg,fb38fd78c02854bd110a0fd78749d01f4087b862a1db9c810dae64f72fe08404,f0d0b07068d4c8e8,V2_FRAME_DUP_00495,1,SYSTEMATIC_TEMPORAL,car;person,DENSE_TRAFFIC;OCCLUSION;PERSON_CAR;PERSON_PRESENT;SMALL_PERSON,HEURISTIC;MODEL_ASSISTED;SYSTEMATIC,False,SELECTED_FOR_ANNOTATION,COVERAGE_BALANCED_DUPLICATE_REPRESENTATIVE,NOT_ANNOTATED,12.45,29.717
highway_frame_001332,pexels_2103099_traffic_flow_highway,data/raw/videos/pexels_2103099_traffic_flow_highway.mp4,1332,44.4,Highway,data/interim/v2_targeted_annotation/mined/highway_frame_001332.jpg,6885a358b468661fd4d4beb4224a68ce9a8610b77efaa88d03f51cbad3d643c5,f0d0b07070c4c8c8,V2_FRAME_DUP_00496,1,HARD_NEGATIVE_CONTEXT,car,DENSE_TRAFFIC;HARD_NEGATIVE;OCCLUSION,HEURISTIC,False,NOT_SELECTED_BALANCE,FINAL_SCENE_METHOD_BALANCE,NOT_ANNOTATED,6.55,39.188
highway_frame_001350,pexels_2103099_traffic_flow_highway,data/raw/videos/pexels_2103099_traffic_flow_highway.mp4,1350,45.0,Highway,data/interim/v2_targeted_annotation/mined/highway_frame_001350.jpg,4902df965b247e0be44f4ed03a6fb04b6610f3c9ce2e80288d04da9d499f59fc,f0d0b02070e4d4c8,V2_FRAME_DUP_00497,1,SYSTEMATIC_TEMPORAL,car,DENSE_TRAFFIC;HARD_NEGATIVE;OCCLUSION,HEURISTIC;SYSTEMATIC,False,NOT_SELECTED_BALANCE,FINAL_SCENE_METHOD_BALANCE,NOT_ANNOTATED,6.8,26.929
highway_frame_001375,pexels_2103099_traffic_flow_highway,data/raw/videos/pexels_2103099_traffic_flow_highway.mp4,1375,45.833333,Highway,data/interim/v2_targeted_annotation/mined/highway_frame_001375.jpg,cbe0fe119393af20cc3d0bd7d4801e5d744d6b2b7178cd89814b9c565e4ff09e,f0d0b02864e8e4c8,V2_FRAME_DUP_00498,1,HARD_NEGATIVE_CONTEXT,car;truck,DENSE_TRAFFIC;HARD_NEGATIVE;OCCLUSION,HEURISTIC,False,NOT_SELECTED_BALANCE,FINAL_SCENE_METHOD_BALANCE,NOT_ANNOTATED,6.7,26.484
highway_frame_001395,pexels_2103099_traffic_flow_highway,data/raw/videos/pexels_2103099_traffic_flow_highway.mp4,1395,46.5,Highway,data/interim/v2_targeted_annotation/mined/highway_frame_001395.jpg,670e457379785ef5dc86e565ec0e4f96b033cf10060424c30bd9b5b2908cd76d,f0d0b03070e8e4b4,V2_FRAME_DUP_00499,1,SYSTEMATIC_TEMPORAL,car;truck,DENSE_TRAFFIC;HARD_NEGATIVE;OCCLUSION,HEURISTIC;SYSTEMATIC,False,NOT_SELECTED_BALANCE,FINAL_SCENE_METHOD_BALANCE,NOT_ANNOTATED,6.5,35.457
highway_frame_001424,pexels_2103099_traffic_flow_highway,data/raw/videos/pexels_2103099_traffic_flow_highway.mp4,1424,47.466667,Highway,data/interim/v2_targeted_annotation/images/highway_frame_001424.jpg,37cdd1bfdb6cf83d2e4ee23699d5c5da8e4de82b47560bf234da3bab11beab56,f0d0a03068e8e0e6,V2_FRAME_DUP_00500,1,DIFFICULT_HEURISTIC,bus;car;person;truck,DENSE_TRAFFIC;OCCLUSION;PERSON_CAR;PERSON_PRESENT;SMALL_PERSON,HEURISTIC;MODEL_ASSISTED,False,SELECTED_FOR_ANNOTATION,COVERAGE_BALANCED_DUPLICATE_REPRESENTATIVE,NOT_ANNOTATED,12.2,39.629
highway_frame_001440,pexels_2103099_traffic_flow_highway,data/raw/videos/pexels_2103099_traffic_flow_highway.mp4,1440,48.0,Highway,data/interim/v2_targeted_annotation/images/highway_frame_001440.jpg,dee9507138a21fc46184049b8ff10b553fddc4cd1710e9a086bebb8ad47e7195,f0d0a03078c4e8c6,V2_FRAME_DUP_00501,1,SYSTEMATIC_TEMPORAL,car;truck,DENSE_TRAFFIC;HARD_NEGATIVE;OCCLUSION,HEURISTIC;SYSTEMATIC,False,SELECTED_FOR_ANNOTATION,COVERAGE_BALANCED_DUPLICATE_REPRESENTATIVE,NOT_ANNOTATED,6.95,39.091
highway_frame_001466,pexels_2103099_traffic_flow_highway,data/raw/videos/pexels_2103099_traffic_flow_highway.mp4,1466,48.866667,Highway,data/interim/v2_targeted_annotation/images/highway_frame_001466.jpg,ca97f9952ec39297f252bdd22640a9c28a5c565cb64768c5aaeb1f542aedc037,f0d0e02078c0c8e4,V2_FRAME_DUP_00502,1,DIFFICULT_HEURISTIC,car;person;truck,DENSE_TRAFFIC;OCCLUSION;PERSON_CAR;PERSON_PRESENT;SMALL_PERSON,HEURISTIC;MODEL_ASSISTED,False,SELECTED_FOR_ANNOTATION,COVERAGE_BALANCED_DUPLICATE_REPRESENTATIVE,NOT_ANNOTATED,11.75,29.275
highway_frame_001485,pexels_2103099_traffic_flow_highway,data/raw/videos/pexels_2103099_traffic_flow_highway.mp4,1485,49.5,Highway,data/interim/v2_targeted_annotation/images/highway_frame_001485.jpg,88a3dd7969eab9f1c8f3e58bbd9ceda30e0e70041a37f9a5f70496185235eef9,f0e0e02060c8ecc8,V2_FRAME_DUP_00503,1,SYSTEMATIC_TEMPORAL,car;truck,DENSE_TRAFFIC;HARD_NEGATIVE;OCCLUSION,HEURISTIC;SYSTEMATIC,False,SELECTED_FOR_ANNOTATION,COVERAGE_BALANCED_DUPLICATE_REPRESENTATIVE,NOT_ANNOTATED,7.25,32.403
highway_frame_001500,pexels_2103099_traffic_flow_highway,data/raw/videos/pexels_2103099_traffic_flow_highway.mp4,1500,50.0,Highway,data/interim/v2_targeted_annotation/mined/highway_frame_001500.jpg,a3475411eada95e0aa360542931ea1561cd08d2aff3aea3633874845298da675,f0e0e06060d8c0c8,V2_FRAME_DUP_00504,1,HARD_NEGATIVE_CONTEXT,car;truck,DENSE_TRAFFIC;HARD_NEGATIVE;OCCLUSION,HEURISTIC,False,NOT_SELECTED_BALANCE,FINAL_SCENE_METHOD_BALANCE,NOT_ANNOTATED,6.55,37.878
highway_frame_001527,pexels_2103099_traffic_flow_highway,data/raw/videos/pexels_2103099_traffic_flow_highway.mp4,1527,50.9,Highway,data/interim/v2_targeted_annotation/images/highway_frame_001527.jpg,c2c86322f28a9746d38fa054490beb160f5beb5b9ce3553494e8a91fa0b5d041,f0e0e02060e8cce8,V2_FRAME_DUP_00505,1,DIFFICULT_HEURISTIC,car;person;truck,DENSE_TRAFFIC;OCCLUSION;PERSON_CAR;PERSON_PRESENT;SMALL_PERSON,HEURISTIC;MODEL_ASSISTED,False,SELECTED_FOR_ANNOTATION,COVERAGE_BALANCED_DUPLICATE_REPRESENTATIVE,NOT_ANNOTATED,12.2,28.049
highway_frame_001552,pexels_2103099_traffic_flow_highway,data/raw/videos/pexels_2103099_traffic_flow_highway.mp4,1552,51.733333,Highway,data/interim/v2_targeted_annotation/images/highway_frame_001552.jpg,77b4878ccc315e3f680a0c94a2c48e185fdf00772315688945fa3b0cf3872b62,f0e0e03068e8e8d2,V2_FRAME_DUP_00506,1,DIFFICULT_HEURISTIC,car;person;truck,DENSE_TRAFFIC;OCCLUSION;PERSON_CAR;PERSON_PRESENT;SMALL_PERSON,HEURISTIC;MODEL_ASSISTED,False,SELECTED_FOR_ANNOTATION,COVERAGE_BALANCED_DUPLICATE_REPRESENTATIVE,NOT_ANNOTATED,11.9,28.497
highway_frame_001575,pexels_2103099_traffic_flow_highway,data/raw/videos/pexels_2103099_traffic_flow_highway.mp4,1575,52.5,Highway,data/interim/v2_targeted_annotation/images/highway_frame_001575.jpg,563aa6562089b244a5ec643d8d3b8b58b5e5c06e46146358285307d789855322,f0f0f02068e8e8ec,V2_FRAME_DUP_00507,1,SYSTEMATIC_TEMPORAL,car;truck,DENSE_TRAFFIC;HARD_NEGATIVE;OCCLUSION,HEURISTIC;SYSTEMATIC,False,SELECTED_FOR_ANNOTATION,COVERAGE_BALANCED_DUPLICATE_REPRESENTATIVE,NOT_ANNOTATED,7.25,33.014
highway_frame_001601,pexels_2103099_traffic_flow_highway,data/raw/videos/pexels_2103099_traffic_flow_highway.mp4,1601,53.366667,Highway,data/interim/v2_targeted_annotation/images/highway_frame_001601.jpg,7f6ff6a5eaad694517ad3d1c155d74756df4829f2823cae7be847767cac2c56f,f0f0b06068e8e8ec,V2_FRAME_DUP_00508,1,DIFFICULT_HEURISTIC,car;person;truck,DENSE_TRAFFIC;OCCLUSION;PERSON_CAR;PERSON_PRESENT;SMALL_PERSON,HEURISTIC;MODEL_ASSISTED,False,SELECTED_FOR_ANNOTATION,COVERAGE_BALANCED_DUPLICATE_REPRESENTATIVE,NOT_ANNOTATED,12.5,35.467
highway_frame_001620,pexels_2103099_traffic_flow_highway,data/raw/videos/pexels_2103099_traffic_flow_highway.mp4,1620,54.0,Highway,data/interim/v2_targeted_annotation/images/highway_frame_001620.jpg,777fd909b7d9d4dcc8f8c01f34a29efd84129e7222716ad0c216769b522ad06b,f0f0f02068e8e8e8,V2_FRAME_DUP_00509,1,SYSTEMATIC_TEMPORAL,bus;car;person;truck,DENSE_TRAFFIC;OCCLUSION;PERSON_CAR;PERSON_PRESENT;SMALL_PERSON,HEURISTIC;MODEL_ASSISTED;SYSTEMATIC,False,SELECTED_FOR_ANNOTATION,COVERAGE_BALANCED_DUPLICATE_REPRESENTATIVE,NOT_ANNOTATED,13.05,36.456
highway_frame_001637,pexels_2103099_traffic_flow_highway,data/raw/videos/pexels_2103099_traffic_flow_highway.mp4,1637,54.566667,Highway,data/interim/v2_targeted_annotation/images/highway_frame_001637.jpg,ace241636f30143129c414f9df841ca65b55fdc034805b0ea03135ef754f8fb7,f0f0f02068e4e8e8,V2_FRAME_DUP_00510,1,DIFFICULT_HEURISTIC,bus;car;person;truck,DENSE_TRAFFIC;OCCLUSION;PERSON_CAR;PERSON_PRESENT;SMALL_PERSON,HEURISTIC;MODEL_ASSISTED,False,SELECTED_FOR_ANNOTATION,COVERAGE_BALANCED_DUPLICATE_REPRESENTATIVE,NOT_ANNOTATED,11.75,27.125
highway_frame_001665,pexels_2103099_traffic_flow_highway,data/raw/videos/pexels_2103099_traffic_flow_highway.mp4,1665,55.5,Highway,data/interim/v2_targeted_annotation/images/highway_frame_001665.jpg,5a478628db336f4f38f4caf9e7a403d3fb5803e646391dcbb46a7b421c1972d4,f0f0f02060ece8e8,V2_FRAME_DUP_00511,1,SYSTEMATIC_TEMPORAL,bus;car;truck,DENSE_TRAFFIC;HARD_NEGATIVE;OCCLUSION,HEURISTIC;SYSTEMATIC,False,SELECTED_FOR_ANNOTATION,COVERAGE_BALANCED_DUPLICATE_REPRESENTATIVE,NOT_ANNOTATED,7.1,36.146
highway_frame_001692,pexels_2103099_traffic_flow_highway,data/raw/videos/pexels_2103099_traffic_flow_highway.mp4,1692,56.4,Highway,data/interim/v2_targeted_annotation/mined/highway_frame_001692.jpg,9b0a9439196c4620a7da8c64d4fceb3be2ed1f6498b7dd5758524bd1416dfbac,f0f0f02860e8e4e8,V2_FRAME_DUP_00512,1,HARD_NEGATIVE_CONTEXT,bus;car;truck,DENSE_TRAFFIC;HARD_NEGATIVE;OCCLUSION,HEURISTIC,False,NOT_SELECTED_BALANCE,FINAL_SCENE_METHOD_BALANCE,NOT_ANNOTATED,6.7,35.821
highway_frame_001710,pexels_2103099_traffic_flow_highway,data/raw/videos/pexels_2103099_traffic_flow_highway.mp4,1710,57.0,Highway,data/interim/v2_targeted_annotation/images/highway_frame_001710.jpg,00cf1029a63cfe5139e5fa9337eb2d47f81cfb561d04d36a72fbaddbc8c6efe6,f0d0f02060e8c4ec,V2_FRAME_DUP_00513,1,SYSTEMATIC_TEMPORAL,bus;car;truck,DENSE_TRAFFIC;HARD_NEGATIVE;OCCLUSION,HEURISTIC;SYSTEMATIC,False,SELECTED_FOR_ANNOTATION,COVERAGE_BALANCED_DUPLICATE_REPRESENTATIVE,NOT_ANNOTATED,7.7,37.46
highway_frame_001729,pexels_2103099_traffic_flow_highway,data/raw/videos/pexels_2103099_traffic_flow_highway.mp4,1729,57.633333,Highway,data/interim/v2_targeted_annotation/images/highway_frame_001729.jpg,a2a44023207ffa5b429a5d652f7dcb588b2dfd959c0f1372adfb2189c7525c07,f0d0f0a860e8cce4,V2_FRAME_DUP_00514,1,HARD_NEGATIVE_CONTEXT,bus;car;truck,DENSE_TRAFFIC;HARD_NEGATIVE;OCCLUSION,HEURISTIC,False,SELECTED_FOR_ANNOTATION,COVERAGE_BALANCED_DUPLICATE_REPRESENTATIVE,NOT_ANNOTATED,6.85,34.485
highway_frame_001755,pexels_2103099_traffic_flow_highway,data/raw/videos/pexels_2103099_traffic_flow_highway.mp4,1755,58.5,Highway,data/interim/v2_targeted_annotation/images/highway_frame_001755.jpg,aca604e491a78a004c7f46aa046caef25c67e9311ceb841571c30100baa10f54,f0d0f02860ece8c4,V2_FRAME_DUP_00515,1,SYSTEMATIC_TEMPORAL,car;truck,DENSE_TRAFFIC;HARD_NEGATIVE;OCCLUSION,HEURISTIC;SYSTEMATIC,False,SELECTED_FOR_ANNOTATION,COVERAGE_BALANCED_DUPLICATE_REPRESENTATIVE,NOT_ANNOTATED,7.4,32.084
highway_frame_001770,pexels_2103099_traffic_flow_highway,data/raw/videos/pexels_2103099_traffic_flow_highway.mp4,1770,59.0,Highway,data/interim/v2_targeted_annotation/images/highway_frame_001770.jpg,5542a00e2efd9562b65eb988e4e80049db5c32b07e1b34bdc93a102d0a2938f6,f0d0f02868c8c8cc,V2_FRAME_DUP_00516,1,HARD_NEGATIVE_CONTEXT,car;truck,DENSE_TRAFFIC;HARD_NEGATIVE;OCCLUSION,HEURISTIC,False,SELECTED_FOR_ANNOTATION,COVERAGE_BALANCED_DUPLICATE_REPRESENTATIVE,NOT_ANNOTATED,7.3,38.626
highway_frame_001790,pexels_2103099_traffic_flow_highway,data/raw/videos/pexels_2103099_traffic_flow_highway.mp4,1790,59.666667,Highway,data/interim/v2_targeted_annotation/mined/highway_frame_001790.jpg,05f039be38906f8797f1f825dce89c2fa67e5fe6849ec6fb5b7c0ad9dccdfecf,f0f0702868c0cce8,V2_FRAME_DUP_00517,1,HARD_NEGATIVE_CONTEXT,car;truck,DENSE_TRAFFIC;HARD_NEGATIVE;OCCLUSION,HEURISTIC,False,NOT_SELECTED_BALANCE,FINAL_SCENE_METHOD_BALANCE,NOT_ANNOTATED,6.55,35.477
taipei_frame_000000,pexels_13258685_traffic_in_city,data/raw/videos/pexels_13258685_traffic_in_city.mp4,0,0.0,Taipei,data/interim/v2_targeted_annotation/images/taipei_frame_000000.jpg,c927954f0c57be0880dc0bdcfcb2ead1450cbd252d1e85ac27819e082798a97a,4b2aa4e462212667,V2_FRAME_DUP_00001,1,SYSTEMATIC_TEMPORAL,person,CROSSWALK;INTERSECTION;MULTIPLE_PERSON;PERSON_PRESENT;SMALL_PERSON,HEURISTIC;MODEL_ASSISTED;SYSTEMATIC,False,SELECTED_FOR_ANNOTATION,COVERAGE_BALANCED_DUPLICATE_REPRESENTATIVE,NOT_ANNOTATED,15.45,250.429
taipei_frame_000010,pexels_13258685_traffic_in_city,data/raw/videos/pexels_13258685_traffic_in_city.mp4,10,0.2,Taipei,data/interim/v2_targeted_annotation/mined/taipei_frame_000010.jpg,93cff01d1ae6432efb8e723996b62574c9e8526800280a25cc2b83e1323b9021,5912d4c4c2b5564f,V2_FRAME_DUP_00002,1,DIFFICULT_HEURISTIC,person,CROSSWALK;INTERSECTION;MULTIPLE_PERSON;PERSON_PRESENT;SMALL_PERSON,HEURISTIC;MODEL_ASSISTED,False,NOT_SELECTED_BALANCE,FINAL_SCENE_METHOD_BALANCE,NOT_ANNOTATED,14.45,233.917
taipei_frame_000021,pexels_13258685_traffic_in_city,data/raw/videos/pexels_13258685_traffic_in_city.mp4,21,0.42,Taipei,data/interim/v2_targeted_annotation/mined/taipei_frame_000021.jpg,818c4f04529678de22f03fab1c7fb39fe5b21c2aee17a5d21b472288dc9e74f1,3932a48cea2d663f,V2_FRAME_DUP_00003,1,DIFFICULT_HEURISTIC,motorcycle;person,CROSSWALK;INTERSECTION;MULTIPLE_PERSON;OCCLUSION;PERSON_MOTORCYCLE;PERSON_PRESENT;SMALL_PERSON,HEURISTIC;MODEL_ASSISTED,False,NOT_SELECTED_BALANCE,FINAL_SCENE_METHOD_BALANCE,NOT_ANNOTATED,27.4,16.955
taipei_frame_000036,pexels_13258685_traffic_in_city,data/raw/videos/pexels_13258685_traffic_in_city.mp4,36,0.72,Taipei,data/interim/v2_targeted_annotation/images/taipei_frame_000036.jpg,76a677a72c1d927e56e242e24879129be9743b0abace4b51702f5f16d91e65a1,7972540c888dce37,V2_FRAME_DUP_00004,1,DIFFICULT_HEURISTIC,motorcycle;person,CROSSWALK;INTERSECTION;MULTIPLE_PERSON;OCCLUSION;PERSON_MOTORCYCLE;PERSON_PRESENT;SMALL_PERSON,HEURISTIC;MODEL_ASSISTED,False,SELECTED_FOR_ANNOTATION,COVERAGE_BALANCED_DUPLICATE_REPRESENTATIVE,NOT_ANNOTATED,30.55,24.497
taipei_frame_000050,pexels_13258685_traffic_in_city,data/raw/videos/pexels_13258685_traffic_in_city.mp4,50,1.0,Taipei,data/interim/v2_targeted_annotation/images/taipei_frame_000050.jpg,240122c10e78a34ca32c7b916086c40cf9fc967b417f9def22bcaa33ed4e1d46,fbf2b60c082d2e6e,V2_FRAME_DUP_00005,1,SYSTEMATIC_TEMPORAL,motorcycle;person,CROSSWALK;INTERSECTION;MULTIPLE_PERSON;OCCLUSION;PERSON_MOTORCYCLE;PERSON_PRESENT;SMALL_PERSON,HEURISTIC;MODEL_ASSISTED;SYSTEMATIC,False,SELECTED_FOR_ANNOTATION,COVERAGE_BALANCED_DUPLICATE_REPRESENTATIVE,NOT_ANNOTATED,22.1,24.833
taipei_frame_000061,pexels_13258685_traffic_in_city,data/raw/videos/pexels_13258685_traffic_in_city.mp4,61,1.22,Taipei,data/interim/v2_targeted_annotation/mined/taipei_frame_000061.jpg,ecafdaf030000262a12782de031b13f81fc5a2e2c2709bcc92ddd10b68f1655b,fbb2362c0a0d0e6e,V2_FRAME_DUP_00006,1,DIFFICULT_HEURISTIC,motorcycle;person,CROSSWALK;INTERSECTION;MULTIPLE_PERSON;OCCLUSION;PERSON_MOTORCYCLE;PERSON_PRESENT;SMALL_PERSON,HEURISTIC;MODEL_ASSISTED,False,NOT_SELECTED_BALANCE,FINAL_SCENE_METHOD_BALANCE,NOT_ANNOTATED,27.4,22.982
taipei_frame_000080,pexels_13258685_traffic_in_city,data/raw/videos/pexels_13258685_traffic_in_city.mp4,80,1.6,Taipei,data/interim/v2_targeted_annotation/images/taipei_frame_000080.jpg,95b02ad9748bfcebc986ee003b05ec21cffd215e11609c0d563d19ae3e25154c,3932962c0a0d4ecc,V2_FRAME_DUP_00007,1,DIFFICULT_HEURISTIC,motorcycle;person,CROSSWALK;INTERSECTION;MULTIPLE_PERSON;OCCLUSION;PERSON_MOTORCYCLE;PERSON_PRESENT;SMALL_PERSON,HEURISTIC;MODEL_ASSISTED,False,SELECTED_FOR_ANNOTATION,COVERAGE_BALANCED_DUPLICATE_REPRESENTATIVE,NOT_ANNOTATED,33.7,215.147
taipei_frame_000090,pexels_13258685_traffic_in_city,data/raw/videos/pexels_13258685_traffic_in_city.mp4,90,1.8,Taipei,data/interim/v2_targeted_annotation/mined/taipei_frame_000090.jpg,07bf329dc2e49aab49bf939669acf0fa6c29e7d93e473dbf57deae840fddaa34,3932962c0a8d8ecc,V2_FRAME_DUP_00008,1,DIFFICULT_HEURISTIC,motorcycle;person,CROSSWALK;INTERSECTION;MULTIPLE_PERSON;OCCLUSION;PERSON_MOTORCYCLE;PERSON_PRESENT;SMALL_PERSON,HEURISTIC;MODEL_ASSISTED,False,NOT_SELECTED_BALANCE,FINAL_SCENE_METHOD_BALANCE,NOT_ANNOTATED,27.4,303.287
taipei_frame_000100,pexels_13258685_traffic_in_city,data/raw/videos/pexels_13258685_traffic_in_city.mp4,100,2.0,Taipei,data/interim/v2_targeted_annotation/images/taipei_frame_000100.jpg,7f993b9e102776cc579a84451e78f064728d6a1344c4d4162553acea3c294e88,393292acaa8d8ecc,V2_FRAME_DUP_00009,1,SYSTEMATIC_TEMPORAL,motorcycle;person,CROSSWALK;INTERSECTION;MULTIPLE_PERSON;OCCLUSION;PERSON_MOTORCYCLE;PERSON_PRESENT;SMALL_PERSON,HEURISTIC;MODEL_ASSISTED;SYSTEMATIC,False,SELECTED_FOR_ANNOTATION,COVERAGE_BALANCED_DUPLICATE_REPRESENTATIVE,NOT_ANNOTATED,31.55,349.724
taipei_frame_000110,pexels_13258685_traffic_in_city,data/raw/videos/pexels_13258685_traffic_in_city.mp4,110,2.2,Taipei,data/interim/v2_targeted_annotation/images/taipei_frame_000110.jpg,bbf8fda48614d664ebb85f58542bb4290afe64737be3594cfe437311b892a3f2,393292acaa8d8ecc,V2_FRAME_DUP_00010,1,DIFFICULT_HEURISTIC,motorcycle;person,CROSSWALK;INTERSECTION;MULTIPLE_PERSON;OCCLUSION;PERSON_MOTORCYCLE;PERSON_PRESENT;SMALL_PERSON,HEURISTIC;MODEL_ASSISTED,False,SELECTED_FOR_ANNOTATION,COVERAGE_BALANCED_DUPLICATE_REPRESENTATIVE,NOT_ANNOTATED,30.55,355.907
taipei_frame_000121,pexels_13258685_traffic_in_city,data/raw/videos/pexels_13258685_traffic_in_city.mp4,121,2.42,Taipei,data/interim/v2_targeted_annotation/images/taipei_frame_000121.jpg,b048313fe7d72af4a06e079a1875489a83a9cf735d2bbb3fd423d04f4db04ba5,293292acaa8f8e4c,V2_FRAME_DUP_00011,1,DIFFICULT_HEURISTIC,motorcycle;person,CROSSWALK;INTERSECTION;MULTIPLE_PERSON;OCCLUSION;PERSON_MOTORCYCLE;PERSON_PRESENT;SMALL_PERSON,HEURISTIC;MODEL_ASSISTED,False,SELECTED_FOR_ANNOTATION,COVERAGE_BALANCED_DUPLICATE_REPRESENTATIVE,NOT_ANNOTATED,30.55,372.736
taipei_frame_000140,pexels_13258685_traffic_in_city,data/raw/videos/pexels_13258685_traffic_in_city.mp4,140,2.8,Taipei,data/interim/v2_targeted_annotation/images/taipei_frame_000140.jpg,5f7b1a917cb7292078ee3225d42558b2aa5ee217c4165ee05cff00f5c2658f6e,793a92ac288f8e4c,V2_FRAME_DUP_00012,1,DIFFICULT_HEURISTIC,motorcycle;person,CROSSWALK;INTERSECTION;MULTIPLE_PERSON;OCCLUSION;PERSON_MOTORCYCLE;PERSON_PRESENT;SMALL_PERSON,HEURISTIC;MODEL_ASSISTED,False,SELECTED_FOR_ANNOTATION,COVERAGE_BALANCED_DUPLICATE_REPRESENTATIVE,NOT_ANNOTATED,30.55,257.118
taipei_frame_000150,pexels_13258685_traffic_in_city,data/raw/videos/pexels_13258685_traffic_in_city.mp4,150,3.0,Taipei,data/interim/v2_targeted_annotation/images/taipei_frame_000150.jpg,21bb862f6cd7d499bcce58be9c7793a64a2dea74d27fed02cd3577ccdbf26c3c,793a92ac288f8e4c,V2_FRAME_DUP_00013,1,SYSTEMATIC_TEMPORAL,motorcycle;person,CROSSWALK;INTERSECTION;MULTIPLE_PERSON;OCCLUSION;PERSON_MOTORCYCLE;PERSON_PRESENT,HEURISTIC;MODEL_ASSISTED;SYSTEMATIC,False,SELECTED_FOR_ANNOTATION,COVERAGE_BALANCED_DUPLICATE_REPRESENTATIVE,NOT_ANNOTATED,19.1,356.12
taipei_frame_000160,pexels_13258685_traffic_in_city,data/raw/videos/pexels_13258685_traffic_in_city.mp4,160,3.2,Taipei,data/interim/v2_targeted_annotation/mined/taipei_frame_000160.jpg,b9720a38590d242a19e0ee474db666340afa6b8190f61621bba565e716bf3cc4,793b96ac088f0e4c,V2_FRAME_DUP_00014,1,DIFFICULT_HEURISTIC,motorcycle;person,CROSSWALK;INTERSECTION;MULTIPLE_PERSON;OCCLUSION;PERSON_MOTORCYCLE;PERSON_PRESENT;SMALL_PERSON,HEURISTIC;MODEL_ASSISTED,False,NOT_SELECTED_BALANCE,FINAL_SCENE_METHOD_BALANCE,NOT_ANNOTATED,27.4,381.661
taipei_frame_000171,pexels_13258685_traffic_in_city,data/raw/videos/pexels_13258685_traffic_in_city.mp4,171,3.42,Taipei,data/interim/v2_targeted_annotation/images/taipei_frame_000171.jpg,2ed529c26459e0c7df7bdb43a698df7c13dce6a22a19212083ad128a9b6a032d,793b92ac088f0e4c,V2_FRAME_DUP_00015,1,DIFFICULT_HEURISTIC,motorcycle;person,CROSSWALK;DENSE_TRAFFIC;INTERSECTION;MULTIPLE_PERSON;OCCLUSION;PERSON_MOTORCYCLE;PERSON_PRESENT;SMALL_PERSON,HEURISTIC;MODEL_ASSISTED,False,SELECTED_FOR_ANNOTATION,COVERAGE_BALANCED_DUPLICATE_REPRESENTATIVE,NOT_ANNOTATED,42.0,381.275
taipei_frame_000181,pexels_13258685_traffic_in_city,data/raw/videos/pexels_13258685_traffic_in_city.mp4,181,3.62,Taipei,data/interim/v2_targeted_annotation/images/taipei_frame_000181.jpg,3685355528fa8f95c770441d004da2b8a756507a2d56bfbb913a8e7c4f9e4038,793b92ac4c8f8e4c,V2_FRAME_DUP_00016,1,DIFFICULT_HEURISTIC,motorcycle;person,CROSSWALK;DENSE_TRAFFIC;INTERSECTION;MULTIPLE_PERSON;OCCLUSION;PERSON_MOTORCYCLE;PERSON_PRESENT;SMALL_PERSON,HEURISTIC;MODEL_ASSISTED,False,SELECTED_FOR_ANNOTATION,COVERAGE_BALANCED_DUPLICATE_REPRESENTATIVE,NOT_ANNOTATED,42.0,397.179
taipei_frame_000198,pexels_13258685_traffic_in_city,data/raw/videos/pexels_13258685_traffic_in_city.mp4,198,3.96,Taipei,data/interim/v2_targeted_annotation/images/taipei_frame_000198.jpg,8894cef26db04dee036fa442c01bc3d003b02fe9d35859753f74e2a918e03588,793b92ac4d0e0e4c,V2_FRAME_DUP_00017,1,DIFFICULT_HEURISTIC,motorcycle;person,CROSSWALK;DENSE_TRAFFIC;INTERSECTION;MULTIPLE_PERSON;OCCLUSION;PERSON_MOTORCYCLE;PERSON_PRESENT;SMALL_PERSON,HEURISTIC;MODEL_ASSISTED,False,SELECTED_FOR_ANNOTATION,COVERAGE_BALANCED_DUPLICATE_REPRESENTATIVE,NOT_ANNOTATED,42.0,371.48
taipei_frame_000208,pexels_13258685_traffic_in_city,data/raw/videos/pexels_13258685_traffic_in_city.mp4,208,4.16,Taipei,data/interim/v2_targeted_annotation/images/taipei_frame_000208.jpg,25b29cd43150c735afc2d72ed21bf833549330ea97677271fecd98c0dad6ad33,793b92ec4dce4e4c,V2_FRAME_DUP_00018,1,DIFFICULT_HEURISTIC,motorcycle;person,CROSSWALK;INTERSECTION;MULTIPLE_PERSON;OCCLUSION;PERSON_MOTORCYCLE;PERSON_PRESENT;SMALL_PERSON,HEURISTIC;MODEL_ASSISTED,False,SELECTED_FOR_ANNOTATION,COVERAGE_BALANCED_DUPLICATE_REPRESENTATIVE,NOT_ANNOTATED,30.55,395.604
taipei_frame_000218,pexels_13258685_traffic_in_city,data/raw/videos/pexels_13258685_traffic_in_city.mp4,218,4.36,Taipei,data/interim/v2_targeted_annotation/images/taipei_frame_000218.jpg,9c8823dc9eb3f7dbd2506b0501b4ec6dc9d94be54335ce4aac7f5565eb01a0d3,793b92ec0d4e4e4c,V2_FRAME_DUP_00019,1,DIFFICULT_HEURISTIC,motorcycle;person,CROSSWALK;INTERSECTION;MULTIPLE_PERSON;OCCLUSION;PERSON_MOTORCYCLE;PERSON_PRESENT;SMALL_PERSON,HEURISTIC;MODEL_ASSISTED,False,SELECTED_FOR_ANNOTATION,COVERAGE_BALANCED_DUPLICATE_REPRESENTATIVE,NOT_ANNOTATED,33.7,384.848
taipei_frame_000236,pexels_13258685_traffic_in_city,data/raw/videos/pexels_13258685_traffic_in_city.mp4,236,4.72,Taipei,data/interim/v2_targeted_annotation/images/taipei_frame_000236.jpg,2060dd47e03f2e4e0e4f4b69ba5bc4cb99ba16ffc703884e024709b6d8d77366,793b92ac0dcc8e4c,V2_FRAME_DUP_00020,1,DIFFICULT_HEURISTIC,motorcycle;person,CROSSWALK;INTERSECTION;MULTIPLE_PERSON;OCCLUSION;PERSON_MOTORCYCLE;PERSON_PRESENT;SMALL_PERSON,HEURISTIC;MODEL_ASSISTED,False,SELECTED_FOR_ANNOTATION,COVERAGE_BALANCED_DUPLICATE_REPRESENTATIVE,NOT_ANNOTATED,33.7,396.336
taipei_frame_000252,pexels_13258685_traffic_in_city,data/raw/videos/pexels_13258685_traffic_in_city.mp4,252,5.04,Taipei,data/interim/v2_targeted_annotation/images/taipei_frame_000252.jpg,8a07a8e81fca561ded874979667a1271685d7f252a40a30cc49dc4a566abed50,793b92ac0e6e0e4c,V2_FRAME_DUP_00021,1,DIFFICULT_HEURISTIC,motorcycle;person,CROSSWALK;DENSE_TRAFFIC;INTERSECTION;MULTIPLE_PERSON;OCCLUSION;PERSON_MOTORCYCLE;PERSON_PRESENT;SMALL_PERSON,HEURISTIC;MODEL_ASSISTED,False,SELECTED_FOR_ANNOTATION,COVERAGE_BALANCED_DUPLICATE_REPRESENTATIVE,NOT_ANNOTATED,42.0,377.766
taipei_frame_000262,pexels_13258685_traffic_in_city,data/raw/videos/pexels_13258685_traffic_in_city.mp4,262,5.24,Taipei,data/interim/v2_targeted_annotation/mined/taipei_frame_000262.jpg,c35afb5e1006766b848841d5cfacc39d7fe3c0ae6f733cc38d6aa7a0f56c2146,793b92ac0c4e0e4c,V2_FRAME_DUP_00022,1,DIFFICULT_HEURISTIC,motorcycle;person,CROSSWALK;INTERSECTION;MULTIPLE_PERSON;OCCLUSION;PERSON_MOTORCYCLE;PERSON_PRESENT,HEURISTIC;MODEL_ASSISTED,False,NOT_SELECTED_BALANCE,FINAL_SCENE_METHOD_BALANCE,NOT_ANNOTATED,24.4,394.491
taipei_frame_000272,pexels_13258685_traffic_in_city,data/raw/videos/pexels_13258685_traffic_in_city.mp4,272,5.44,Taipei,data/interim/v2_targeted_annotation/images/taipei_frame_000272.jpg,d40a310f3d3b4d3e7a69a7152fdee46638224bdd13a320fba566b616133f1d40,793b92ac0c4c4e4c,V2_FRAME_DUP_00023,1,DIFFICULT_HEURISTIC,car;motorcycle;person,CROSSWALK;DENSE_TRAFFIC;INTERSECTION;MULTIPLE_PERSON;OCCLUSION;PERSON_CAR;PERSON_MOTORCYCLE;PERSON_PRESENT;SMALL_PERSON,HEURISTIC;MODEL_ASSISTED,False,SELECTED_FOR_ANNOTATION,COVERAGE_BALANCED_DUPLICATE_REPRESENTATIVE,NOT_ANNOTATED,39.0,374.25
taipei_frame_000286,pexels_13258685_traffic_in_city,data/raw/videos/pexels_13258685_traffic_in_city.mp4,286,5.72,Taipei,data/interim/v2_targeted_annotation/images/taipei_frame_000286.jpg,47857582f048c481c9d74d91d49c247dbf19a18a5819c75f2b20f8dd64780daa,793b92ac0e290e4c,V2_FRAME_DUP_00024,1,DIFFICULT_HEURISTIC,car;motorcycle;person,CROSSWALK;DENSE_TRAFFIC;INTERSECTION;MULTIPLE_PERSON;OCCLUSION;PERSON_CAR;PERSON_MOTORCYCLE;PERSON_PRESENT;SMALL_PERSON,HEURISTIC;MODEL_ASSISTED,False,SELECTED_FOR_ANNOTATION,COVERAGE_BALANCED_DUPLICATE_REPRESENTATIVE,NOT_ANNOTATED,48.45,391.555
taipei_frame_000300,pexels_13258685_traffic_in_city,data/raw/videos/pexels_13258685_traffic_in_city.mp4,300,6.0,Taipei,data/interim/v2_targeted_annotation/images/taipei_frame_000300.jpg,f945987d79a1563a5737c4517fe0c85e0199fe6a8a7538a27b4c407a7d5766f4,793b92ac0d0b0e4c,V2_FRAME_DUP_00025,1,SYSTEMATIC_TEMPORAL,car;motorcycle;person,CROSSWALK;INTERSECTION;MULTIPLE_PERSON;OCCLUSION;PERSON_CAR;PERSON_MOTORCYCLE;PERSON_PRESENT;SMALL_PERSON,HEURISTIC;MODEL_ASSISTED;SYSTEMATIC,False,SELECTED_FOR_ANNOTATION,COVERAGE_BALANCED_DUPLICATE_REPRESENTATIVE,NOT_ANNOTATED,31.7,369.929
taipei_frame_000313,pexels_13258685_traffic_in_city,data/raw/videos/pexels_13258685_traffic_in_city.mp4,313,6.26,Taipei,data/interim/v2_targeted_annotation/images/taipei_frame_000313.jpg,967de59c8f56be92380bc0ab721622a765bae50943b72f0e5d4eab86578fdb6b,792b92ac0d0b0e4c,V2_FRAME_DUP_00026,1,DIFFICULT_HEURISTIC,car;motorcycle;person,CROSSWALK;INTERSECTION;MULTIPLE_PERSON;OCCLUSION;PERSON_CAR;PERSON_MOTORCYCLE;PERSON_PRESENT;SMALL_PERSON,HEURISTIC;MODEL_ASSISTED,False,SELECTED_FOR_ANNOTATION,COVERAGE_BALANCED_DUPLICATE_REPRESENTATIVE,NOT_ANNOTATED,30.7,373.753
taipei_frame_000330,pexels_13258685_traffic_in_city,data/raw/videos/pexels_13258685_traffic_in_city.mp4,330,6.6,Taipei,data/interim/v2_targeted_annotation/images/taipei_frame_000330.jpg,a9feac65d4e0708e6a495019b684bd8c57524cb81cef9e9c5745358486e4681d,792b92ac0f0a0e4c,V2_FRAME_DUP_00027,1,DIFFICULT_HEURISTIC,car;motorcycle;person,CROSSWALK;INTERSECTION;MULTIPLE_PERSON;OCCLUSION;PERSON_CAR;PERSON_MOTORCYCLE;PERSON_PRESENT;SMALL_PERSON,HEURISTIC;MODEL_ASSISTED,False,SELECTED_FOR_ANNOTATION,COVERAGE_BALANCED_DUPLICATE_REPRESENTATIVE,NOT_ANNOTATED,30.7,405.144
taipei_frame_000340,pexels_13258685_traffic_in_city,data/raw/videos/pexels_13258685_traffic_in_city.mp4,340,6.8,Taipei,data/interim/v2_targeted_annotation/mined/taipei_frame_000340.jpg,178d66d9648c1f1cd2f804916ddb0af2b16b756461244724a333af621891d100,692b12ac0d0a0c4c,V2_FRAME_DUP_00028,1,DIFFICULT_HEURISTIC,car;motorcycle;person,CROSSWALK;INTERSECTION;MULTIPLE_PERSON;OCCLUSION;PERSON_CAR;PERSON_MOTORCYCLE;PERSON_PRESENT,HEURISTIC;MODEL_ASSISTED,False,NOT_SELECTED_BALANCE,FINAL_SCENE_METHOD_BALANCE,NOT_ANNOTATED,15.1,401.602
taipei_frame_000350,pexels_13258685_traffic_in_city,data/raw/videos/pexels_13258685_traffic_in_city.mp4,350,7.0,Taipei,data/interim/v2_targeted_annotation/images/taipei_frame_000350.jpg,c2106c259e4e4aa143bcc77435a227ec1f98f1b13748659bca4a58894b95e65a,692b12ac0f4e0c4c,V2_FRAME_DUP_00029,1,SYSTEMATIC_TEMPORAL,car;motorcycle;person,CROSSWALK;INTERSECTION;MULTIPLE_PERSON;OCCLUSION;PERSON_CAR;PERSON_MOTORCYCLE;PERSON_PRESENT;SMALL_PERSON,HEURISTIC;MODEL_ASSISTED;SYSTEMATIC,False,SELECTED_FOR_ANNOTATION,COVERAGE_BALANCED_DUPLICATE_REPRESENTATIVE,NOT_ANNOTATED,31.7,402.222
taipei_frame_000360,pexels_13258685_traffic_in_city,data/raw/videos/pexels_13258685_traffic_in_city.mp4,360,7.2,Taipei,data/interim/v2_targeted_annotation/images/taipei_frame_000360.jpg,86081c6bc959d6bf7820fd7ac697cd511adb6956e82167bacf4ca5e31121cc6b,692b12ac0f4e0c4c,V2_FRAME_DUP_00030,1,DIFFICULT_HEURISTIC,car;motorcycle;person,CROSSWALK;INTERSECTION;MULTIPLE_PERSON;OCCLUSION;PERSON_CAR;PERSON_MOTORCYCLE;PERSON_PRESENT;SMALL_PERSON,HEURISTIC;MODEL_ASSISTED,False,SELECTED_FOR_ANNOTATION,COVERAGE_BALANCED_DUPLICATE_REPRESENTATIVE,NOT_ANNOTATED,30.7,415.12
taipei_frame_000371,pexels_13258685_traffic_in_city,data/raw/videos/pexels_13258685_traffic_in_city.mp4,371,7.42,Taipei,data/interim/v2_targeted_annotation/images/taipei_frame_000371.jpg,c4de18b2dd545a61b6796d2e85339af5fa29e19c3769e59ccf171aad55923085,692b12ac0d4a0c4c,V2_FRAME_DUP_00031,1,DIFFICULT_HEURISTIC,car;motorcycle;person,CROSSWALK;INTERSECTION;MULTIPLE_PERSON;OCCLUSION;PERSON_CAR;PERSON_MOTORCYCLE;PERSON_PRESENT;SMALL_PERSON,HEURISTIC;MODEL_ASSISTED,False,SELECTED_FOR_ANNOTATION,COVERAGE_BALANCED_DUPLICATE_REPRESENTATIVE,NOT_ANNOTATED,30.7,399.997
taipei_frame_000384,pexels_13258685_traffic_in_city,data/raw/videos/pexels_13258685_traffic_in_city.mp4,384,7.68,Taipei,data/interim/v2_targeted_annotation/images/taipei_frame_000384.jpg,810bde7c4571188f06e2f70f7e5dddca599abd1e592b805cb3d9cfb4ebb22f17,692b12ac0f4a0c4c,V2_FRAME_DUP_00032,1,DIFFICULT_HEURISTIC,car;motorcycle;person,CROSSWALK;INTERSECTION;MULTIPLE_PERSON;OCCLUSION;PERSON_CAR;PERSON_MOTORCYCLE;PERSON_PRESENT;SMALL_PERSON,HEURISTIC;MODEL_ASSISTED,False,SELECTED_FOR_ANNOTATION,COVERAGE_BALANCED_DUPLICATE_REPRESENTATIVE,NOT_ANNOTATED,33.85,405.768
taipei_frame_000396,pexels_13258685_traffic_in_city,data/raw/videos/pexels_13258685_traffic_in_city.mp4,396,7.92,Taipei,data/interim/v2_targeted_annotation/images/taipei_frame_000396.jpg,7e2d813c4a0312612118ce6c12195f5748578ef1ba6eacfa8a2272b1c26e656b,692b12ac0f4e0c4c,V2_FRAME_DUP_00033,1,DIFFICULT_HEURISTIC,car;motorcycle;person,CROSSWALK;DENSE_TRAFFIC;INTERSECTION;MULTIPLE_PERSON;OCCLUSION;PERSON_CAR;PERSON_MOTORCYCLE;PERSON_PRESENT;SMALL_PERSON,HEURISTIC;MODEL_ASSISTED,False,SELECTED_FOR_ANNOTATION,COVERAGE_BALANCED_DUPLICATE_REPRESENTATIVE,NOT_ANNOTATED,42.15,420.437
taipei_frame_000413,pexels_13258685_traffic_in_city,data/raw/videos/pexels_13258685_traffic_in_city.mp4,413,8.26,Taipei,data/interim/v2_targeted_annotation/images/taipei_frame_000413.jpg,8e902681b3b617cff235746f3d7000d46e9e9a61ccf82b719102ab9c6a5f7b05,692b12ac0f4e0c4c,V2_FRAME_DUP_00034,1,DIFFICULT_HEURISTIC,car;motorcycle;person,CROSSWALK;DENSE_TRAFFIC;INTERSECTION;MULTIPLE_PERSON;OCCLUSION;PERSON_CAR;PERSON_MOTORCYCLE;PERSON_PRESENT;SMALL_PERSON,HEURISTIC;MODEL_ASSISTED,False,SELECTED_FOR_ANNOTATION,COVERAGE_BALANCED_DUPLICATE_REPRESENTATIVE,NOT_ANNOTATED,39.0,410.619
taipei_frame_000427,pexels_13258685_traffic_in_city,data/raw/videos/pexels_13258685_traffic_in_city.mp4,427,8.54,Taipei,data/interim/v2_targeted_annotation/images/taipei_frame_000427.jpg,77cec450861b0f392a2691ff8d7345ba98e4524308277b387b03f138b6221c25,692b12ac0b8e4c6c,V2_FRAME_DUP_00035,1,DIFFICULT_HEURISTIC,car;motorcycle;person,CROSSWALK;DENSE_TRAFFIC;INTERSECTION;MULTIPLE_PERSON;OCCLUSION;PERSON_CAR;PERSON_MOTORCYCLE;PERSON_PRESENT;SMALL_PERSON,HEURISTIC;MODEL_ASSISTED,False,SELECTED_FOR_ANNOTATION,COVERAGE_BALANCED_DUPLICATE_REPRESENTATIVE,NOT_ANNOTATED,36.0,361.466
taipei_frame_000443,pexels_13258685_traffic_in_city,data/raw/videos/pexels_13258685_traffic_in_city.mp4,443,8.86,Taipei,data/interim/v2_targeted_annotation/images/taipei_frame_000443.jpg,3d9696bd1628d0a3104a752ce9dc4015a04ee211ee79755ee093dd21eaf1b1cd,692b126c2b128c6e,V2_FRAME_DUP_00036,1,DIFFICULT_HEURISTIC,car;person,CROSSWALK;INTERSECTION;MULTIPLE_PERSON;OCCLUSION;PERSON_CAR;PERSON_PRESENT;SMALL_PERSON,HEURISTIC;MODEL_ASSISTED,False,SELECTED_FOR_ANNOTATION,COVERAGE_BALANCED_DUPLICATE_REPRESENTATIVE,NOT_ANNOTATED,28.85,295.09
taipei_frame_000454,pexels_13258685_traffic_in_city,data/raw/videos/pexels_13258685_traffic_in_city.mp4,454,9.08,Taipei,data/interim/v2_targeted_annotation/images/taipei_frame_000454.jpg,9833e8d0def105f4028c6a379dbdeed37fbee3f028a302ea20d7af0eb9022116,692b12cc8f026169,V2_FRAME_DUP_00037,1,DIFFICULT_HEURISTIC,car;person,CROSSWALK;DENSE_TRAFFIC;INTERSECTION;MULTIPLE_PERSON;OCCLUSION;PERSON_CAR;PERSON_PRESENT;SMALL_PERSON,HEURISTIC;MODEL_ASSISTED,False,SELECTED_FOR_ANNOTATION,COVERAGE_BALANCED_DUPLICATE_REPRESENTATIVE,NOT_ANNOTATED,37.3,237.62
taipei_frame_000471,pexels_13258685_traffic_in_city,data/raw/videos/pexels_13258685_traffic_in_city.mp4,471,9.42,Taipei,data/interim/v2_targeted_annotation/mined/taipei_frame_000471.jpg,2cea939113d2d0c0820e35f5c26be72c1f212c810f656a191df8a27a34a72abf,692b12ac38581247,V2_FRAME_DUP_00038,1,DIFFICULT_HEURISTIC,car;person,CROSSWALK;INTERSECTION;MULTIPLE_PERSON;OCCLUSION;PERSON_CAR;PERSON_PRESENT;SMALL_PERSON,HEURISTIC;MODEL_ASSISTED,False,NOT_SELECTED_BALANCE,FINAL_SCENE_METHOD_BALANCE,NOT_ANNOTATED,16.1,301.27
taipei_frame_000481,pexels_13258685_traffic_in_city,data/raw/videos/pexels_13258685_traffic_in_city.mp4,481,9.62,Taipei,data/interim/v2_targeted_annotation/images/taipei_frame_000481.jpg,704158db0313fb2712649bb2eb08bf6663c9f72e1f6a507b3655fcb5a07eb0d6,692b12ad0f4e0c48,V2_FRAME_DUP_00039,1,DIFFICULT_HEURISTIC,car;motorcycle;person,CROSSWALK;INTERSECTION;MULTIPLE_PERSON;OCCLUSION;PERSON_CAR;PERSON_MOTORCYCLE;PERSON_PRESENT;SMALL_PERSON,HEURISTIC;MODEL_ASSISTED,False,SELECTED_FOR_ANNOTATION,COVERAGE_BALANCED_DUPLICATE_REPRESENTATIVE,NOT_ANNOTATED,33.85,351.794
taipei_frame_000492,pexels_13258685_traffic_in_city,data/raw/videos/pexels_13258685_traffic_in_city.mp4,492,9.84,Taipei,data/interim/v2_targeted_annotation/images/taipei_frame_000492.jpg,1a24af1e260d3cbb9f8f05154fb9232c58ffae87209fcf75683c081516d01362,692b12ac0f4e0c4c,V2_FRAME_DUP_00040,1,DIFFICULT_HEURISTIC,car;motorcycle;person,CROSSWALK;DENSE_TRAFFIC;INTERSECTION;MULTIPLE_PERSON;OCCLUSION;PERSON_CAR;PERSON_MOTORCYCLE;PERSON_PRESENT;SMALL_PERSON,HEURISTIC;MODEL_ASSISTED,False,SELECTED_FOR_ANNOTATION,COVERAGE_BALANCED_DUPLICATE_REPRESENTATIVE,NOT_ANNOTATED,42.15,412.912
taipei_frame_000505,pexels_13258685_traffic_in_city,data/raw/videos/pexels_13258685_traffic_in_city.mp4,505,10.1,Taipei,data/interim/v2_targeted_annotation/images/taipei_frame_000505.jpg,284a3821a820b90019eb8dcbcf58ab4460652583211ecc815acaaa5003551b0b,692b12ac174a0c4c,V2_FRAME_DUP_00041,1,DIFFICULT_HEURISTIC,car;motorcycle;person,CROSSWALK;INTERSECTION;MULTIPLE_PERSON;OCCLUSION;PERSON_CAR;PERSON_MOTORCYCLE;PERSON_PRESENT;SMALL_PERSON,HEURISTIC;MODEL_ASSISTED,False,SELECTED_FOR_ANNOTATION,COVERAGE_BALANCED_DUPLICATE_REPRESENTATIVE,NOT_ANNOTATED,33.85,408.266
taipei_frame_000515,pexels_13258685_traffic_in_city,data/raw/videos/pexels_13258685_traffic_in_city.mp4,515,10.3,Taipei,data/interim/v2_targeted_annotation/images/taipei_frame_000515.jpg,d1c4db69e8e1d46489e177621a17809aeb260ceed10dc6244b8c0ed02b804139,692b12ac174a0c4c,V2_FRAME_DUP_00042,1,DIFFICULT_HEURISTIC,car;motorcycle;person,CROSSWALK;INTERSECTION;MULTIPLE_PERSON;OCCLUSION;PERSON_CAR;PERSON_MOTORCYCLE;PERSON_PRESENT;SMALL_PERSON,HEURISTIC;MODEL_ASSISTED,False,SELECTED_FOR_ANNOTATION,COVERAGE_BALANCED_DUPLICATE_REPRESENTATIVE,NOT_ANNOTATED,33.85,410.832
taipei_frame_000525,pexels_13258685_traffic_in_city,data/raw/videos/pexels_13258685_traffic_in_city.mp4,525,10.5,Taipei,data/interim/v2_targeted_annotation/images/taipei_frame_000525.jpg,bb359914243415f032e266b55ee0ecd6368dfde0dabaecb0d66a99d7ffab4347,692b12ac0fca0c4c,V2_FRAME_DUP_00043,1,DIFFICULT_HEURISTIC,car;motorcycle;person,CROSSWALK;INTERSECTION;MULTIPLE_PERSON;OCCLUSION;PERSON_CAR;PERSON_MOTORCYCLE;PERSON_PRESENT;SMALL_PERSON,HEURISTIC;MODEL_ASSISTED,False,SELECTED_FOR_ANNOTATION,COVERAGE_BALANCED_DUPLICATE_REPRESENTATIVE,NOT_ANNOTATED,30.7,416.81
taipei_frame_000537,pexels_13258685_traffic_in_city,data/raw/videos/pexels_13258685_traffic_in_city.mp4,537,10.74,Taipei,data/interim/v2_targeted_annotation/mined/taipei_frame_000537.jpg,9fc8ef7c797c600a62c989717b55f2e6d6d58eb6722ddbe468732ad985ebdb1c,692b12ac0fca0c4c,V2_FRAME_DUP_00044,1,DIFFICULT_HEURISTIC,car;motorcycle;person;truck,CROSSWALK;INTERSECTION;MULTIPLE_PERSON;OCCLUSION;PERSON_CAR;PERSON_MOTORCYCLE;PERSON_PRESENT;SMALL_PERSON,HEURISTIC;MODEL_ASSISTED,False,NOT_SELECTED_BALANCE,FINAL_SCENE_METHOD_BALANCE,NOT_ANNOTATED,24.55,418.047
taipei_frame_000852,pexels_13258685_traffic_in_city,data/raw/videos/pexels_13258685_traffic_in_city.mp4,852,17.04,Taipei,data/interim/v2_targeted_annotation/mined/taipei_frame_000852.jpg,d29b5a87f08ccdbe2e0a1eb93f5c8ad6de80462dc91bd69ba9cf3d9c175e6498,2b2b12ac0fca0c4c,V2_FRAME_DUP_00045,1,DIFFICULT_HEURISTIC,car;motorcycle;person,CROSSWALK;INTERSECTION;MULTIPLE_PERSON;OCCLUSION;PERSON_CAR;PERSON_MOTORCYCLE;PERSON_PRESENT,HEURISTIC;MODEL_ASSISTED,False,NOT_SELECTED_BALANCE,FINAL_SCENE_METHOD_BALANCE,NOT_ANNOTATED,18.25,390.336
taipei_frame_000862,pexels_13258685_traffic_in_city,data/raw/videos/pexels_13258685_traffic_in_city.mp4,862,17.24,Taipei,data/interim/v2_targeted_annotation/mined/taipei_frame_000862.jpg,cc8a4dcf1b57cc087d99298fbb76e6b45aef94037d14efa8ee896292b30c2eb5,2b2b12ac0fca0c4c,V2_FRAME_DUP_00046,1,DIFFICULT_HEURISTIC,car;motorcycle;person,CROSSWALK;INTERSECTION;MULTIPLE_PERSON;OCCLUSION;PERSON_CAR;PERSON_MOTORCYCLE;PERSON_PRESENT,HEURISTIC;MODEL_ASSISTED,False,NOT_SELECTED_BALANCE,FINAL_SCENE_METHOD_BALANCE,NOT_ANNOTATED,15.1,393.474
taipei_frame_000877,pexels_13258685_traffic_in_city,data/raw/videos/pexels_13258685_traffic_in_city.mp4,877,17.54,Taipei,data/interim/v2_targeted_annotation/mined/taipei_frame_000877.jpg,e3be565e7036c0ffa9466c311d6c7b08230cf43b49a341bf0b28e3a9cec58419,2b2b12ac2fca0c4c,V2_FRAME_DUP_00047,1,DIFFICULT_HEURISTIC,car;motorcycle;person,CROSSWALK;INTERSECTION;MULTIPLE_PERSON;OCCLUSION;PERSON_CAR;PERSON_MOTORCYCLE;PERSON_PRESENT;SMALL_PERSON,HEURISTIC;MODEL_ASSISTED,False,NOT_SELECTED_BALANCE,FINAL_SCENE_METHOD_BALANCE,NOT_ANNOTATED,21.25,397.256
taipei_frame_000887,pexels_13258685_traffic_in_city,data/raw/videos/pexels_13258685_traffic_in_city.mp4,887,17.74,Taipei,data/interim/v2_targeted_annotation/mined/taipei_frame_000887.jpg,6aa75b1d44ac23f306a8657bfd43f0cfef44577e9ad27a922c503e9b0b83837c,2b2b12ac0fca0c4c,V2_FRAME_DUP_00048,1,DIFFICULT_HEURISTIC,car;motorcycle;person,CROSSWALK;INTERSECTION;MULTIPLE_PERSON;OCCLUSION;PERSON_CAR;PERSON_MOTORCYCLE;PERSON_PRESENT,HEURISTIC;MODEL_ASSISTED,False,NOT_SELECTED_BALANCE,FINAL_SCENE_METHOD_BALANCE,NOT_ANNOTATED,15.1,388.842
taipei_frame_000900,pexels_13258685_traffic_in_city,data/raw/videos/pexels_13258685_traffic_in_city.mp4,900,18.0,Taipei,data/interim/v2_targeted_annotation/images/taipei_frame_000900.jpg,efd723685cc82f25fac741f20a690266ba232c6277296e52260e73a2c126df5c,2b2b12ac0fca0c4c,V2_FRAME_DUP_00049,1,SYSTEMATIC_TEMPORAL,car;motorcycle;person,CROSSWALK;INTERSECTION;MULTIPLE_PERSON;OCCLUSION;PERSON_CAR;PERSON_MOTORCYCLE;PERSON_PRESENT,HEURISTIC;MODEL_ASSISTED;SYSTEMATIC,False,SELECTED_FOR_ANNOTATION,COVERAGE_BALANCED_DUPLICATE_REPRESENTATIVE,NOT_ANNOTATED,16.1,381.873
taipei_frame_000910,pexels_13258685_traffic_in_city,data/raw/videos/pexels_13258685_traffic_in_city.mp4,910,18.2,Taipei,data/interim/v2_targeted_annotation/mined/taipei_frame_000910.jpg,76328e71b4f5ec7053671a7899dc6b7fe6d9bda75ac6da59d90d49b3c32c374b,2b2b12ac0fca0c4c,V2_FRAME_DUP_00050,1,DIFFICULT_HEURISTIC,car;motorcycle;person,CROSSWALK;INTERSECTION;MULTIPLE_PERSON;OCCLUSION;PERSON_CAR;PERSON_MOTORCYCLE;PERSON_PRESENT,HEURISTIC;MODEL_ASSISTED,False,NOT_SELECTED_BALANCE,FINAL_SCENE_METHOD_BALANCE,NOT_ANNOTATED,15.1,400.621
taipei_frame_000920,pexels_13258685_traffic_in_city,data/raw/videos/pexels_13258685_traffic_in_city.mp4,920,18.4,Taipei,data/interim/v2_targeted_annotation/mined/taipei_frame_000920.jpg,60f7059286809184d37c714e886dee28ead02922c5a11bd50ee306319e2c820c,2b2b12ac0fca0c4c,V2_FRAME_DUP_00051,1,DIFFICULT_HEURISTIC,car;motorcycle;person,CROSSWALK;INTERSECTION;MULTIPLE_PERSON;OCCLUSION;PERSON_CAR;PERSON_MOTORCYCLE;PERSON_PRESENT,HEURISTIC;MODEL_ASSISTED,False,NOT_SELECTED_BALANCE,FINAL_SCENE_METHOD_BALANCE,NOT_ANNOTATED,15.1,417.461
taipei_frame_000931,pexels_13258685_traffic_in_city,data/raw/videos/pexels_13258685_traffic_in_city.mp4,931,18.62,Taipei,data/interim/v2_targeted_annotation/mined/taipei_frame_000931.jpg,dfdcb6467e29f7169c3c49e871176d5915c8d2880964277c2066972b48edc548,2b2b12ac0fca0c4c,V2_FRAME_DUP_00052,1,DIFFICULT_HEURISTIC,car;motorcycle;person,CROSSWALK;INTERSECTION;MULTIPLE_PERSON;OCCLUSION;PERSON_CAR;PERSON_MOTORCYCLE;PERSON_PRESENT;SMALL_PERSON,HEURISTIC;MODEL_ASSISTED,False,NOT_SELECTED_BALANCE,FINAL_SCENE_METHOD_BALANCE,NOT_ANNOTATED,24.4,404.088
taipei_frame_000950,pexels_13258685_traffic_in_city,data/raw/videos/pexels_13258685_traffic_in_city.mp4,950,19.0,Taipei,data/interim/v2_targeted_annotation/images/taipei_frame_000950.jpg,f33aa7172436847714e68f12028f27d5075ce52716d6193caf7f2961b7d60b1c,2b2b12ac4f4a0c4c,V2_FRAME_DUP_00053,1,SYSTEMATIC_TEMPORAL,car;motorcycle;person,CROSSWALK;INTERSECTION;MULTIPLE_PERSON;OCCLUSION;PERSON_CAR;PERSON_MOTORCYCLE;PERSON_PRESENT;SMALL_PERSON,HEURISTIC;MODEL_ASSISTED;SYSTEMATIC,False,SELECTED_FOR_ANNOTATION,COVERAGE_BALANCED_DUPLICATE_REPRESENTATIVE,NOT_ANNOTATED,22.25,398.445
taipei_frame_000960,pexels_13258685_traffic_in_city,data/raw/videos/pexels_13258685_traffic_in_city.mp4,960,19.2,Taipei,data/interim/v2_targeted_annotation/mined/taipei_frame_000960.jpg,668874134544c77196c2a1ac0bd54662859488b4c87cd6e63411b51e61f8df67,2b2b12ac4f4a0c4c,V2_FRAME_DUP_00054,1,DIFFICULT_HEURISTIC,car;motorcycle;person,CROSSWALK;INTERSECTION;MULTIPLE_PERSON;OCCLUSION;PERSON_CAR;PERSON_MOTORCYCLE;PERSON_PRESENT;SMALL_PERSON,HEURISTIC;MODEL_ASSISTED,False,NOT_SELECTED_BALANCE,FINAL_SCENE_METHOD_BALANCE,NOT_ANNOTATED,21.25,401.395
taipei_frame_000971,pexels_13258685_traffic_in_city,data/raw/videos/pexels_13258685_traffic_in_city.mp4,971,19.42,Taipei,data/interim/v2_targeted_annotation/mined/taipei_frame_000971.jpg,f6ccb6d32a3fb521dd04bd73284ce2d8776b1df40fe71a16db594ded93d900d2,2b2b12ac0f4a0c4c,V2_FRAME_DUP_00055,1,DIFFICULT_HEURISTIC,car;motorcycle;person,CROSSWALK;INTERSECTION;MULTIPLE_PERSON;OCCLUSION;PERSON_CAR;PERSON_MOTORCYCLE;PERSON_PRESENT;SMALL_PERSON,HEURISTIC;MODEL_ASSISTED,False,NOT_SELECTED_BALANCE,FINAL_SCENE_METHOD_BALANCE,NOT_ANNOTATED,21.25,397.57
taipei_frame_000982,pexels_13258685_traffic_in_city,data/raw/videos/pexels_13258685_traffic_in_city.mp4,982,19.64,Taipei,data/interim/v2_targeted_annotation/mined/taipei_frame_000982.jpg,886a97da034d4cc4df6e34f7c309260486d9421e610bf7bceae5f1793b4495d4,2b2b12ac0f4a0c4c,V2_FRAME_DUP_00056,1,DIFFICULT_HEURISTIC,car;motorcycle;person,CROSSWALK;INTERSECTION;MULTIPLE_PERSON;OCCLUSION;PERSON_CAR;PERSON_MOTORCYCLE;PERSON_PRESENT;SMALL_PERSON,HEURISTIC;MODEL_ASSISTED,False,NOT_SELECTED_BALANCE,FINAL_SCENE_METHOD_BALANCE,NOT_ANNOTATED,21.25,396.341
taipei_frame_001000,pexels_13258685_traffic_in_city,data/raw/videos/pexels_13258685_traffic_in_city.mp4,1000,20.0,Taipei,data/interim/v2_targeted_annotation/images/taipei_frame_001000.jpg,97e8b41dde004aa7705b957eb3d0ef9b01ae3e6706d6ba5345a30ea287581f87,2b2b12ac0f4a0ccc,V2_FRAME_DUP_00057,1,SYSTEMATIC_TEMPORAL,car;motorcycle;person,CROSSWALK;INTERSECTION;OCCLUSION;PERSON_CAR;PERSON_MOTORCYCLE;PERSON_PRESENT,HEURISTIC;MODEL_ASSISTED;SYSTEMATIC,False,SELECTED_FOR_ANNOTATION,COVERAGE_BALANCED_DUPLICATE_REPRESENTATIVE,NOT_ANNOTATED,10.95,384.706
taipei_frame_001015,pexels_13258685_traffic_in_city,data/raw/videos/pexels_13258685_traffic_in_city.mp4,1015,20.3,Taipei,data/interim/v2_targeted_annotation/mined/taipei_frame_001015.jpg,c0c8603608cab3208bbd7e98e4e3c4a7033c12634c26a2ca3d6035e78c96d593,2b2b32ac0f8a2c2c,V2_FRAME_DUP_00058,1,DIFFICULT_HEURISTIC,car;motorcycle;person,CROSSWALK;INTERSECTION;MULTIPLE_PERSON;OCCLUSION;PERSON_CAR;PERSON_MOTORCYCLE;PERSON_PRESENT,HEURISTIC;MODEL_ASSISTED,False,NOT_SELECTED_BALANCE,FINAL_SCENE_METHOD_BALANCE,NOT_ANNOTATED,15.4,336.008
taipei_frame_001025,pexels_13258685_traffic_in_city,data/raw/videos/pexels_13258685_traffic_in_city.mp4,1025,20.5,Taipei,data/interim/v2_targeted_annotation/mined/taipei_frame_001025.jpg,df375562aff17aaa4d87ab29d0b43f3e7482e75071b7ce9b3351b40f26a92bd6,2b2b12ac4faa4c2e,V2_FRAME_DUP_00059,1,DIFFICULT_HEURISTIC,car;person,CROSSWALK;INTERSECTION;OCCLUSION;PERSON_CAR;PERSON_PRESENT,HEURISTIC;MODEL_ASSISTED,False,NOT_SELECTED_BALANCE,FINAL_SCENE_METHOD_BALANCE,NOT_ANNOTATED,4.95,308.228
taipei_frame_001044,pexels_13258685_traffic_in_city,data/raw/videos/pexels_13258685_traffic_in_city.mp4,1044,20.88,Taipei,data/interim/v2_targeted_annotation/images/taipei_frame_001044.jpg,b0a8e11fb24a98d6a05e88bc009f7b0525e5558c5a9a47181bf5e8a2c6953e39,2b2b3acc8fa2e423,V2_FRAME_DUP_00060,1,HARD_NEGATIVE_CONTEXT,car,CROSSWALK;HARD_NEGATIVE;INTERSECTION;OCCLUSION,HEURISTIC,False,SELECTED_FOR_ANNOTATION,COVERAGE_BALANCED_DUPLICATE_REPRESENTATIVE,NOT_ANNOTATED,2.6,203.83
taipei_frame_001054,pexels_13258685_traffic_in_city,data/raw/videos/pexels_13258685_traffic_in_city.mp4,1054,21.08,Taipei,data/interim/v2_targeted_annotation/images/taipei_frame_001054.jpg,258c8c392b32bcb05f2829af69aa7f7cb220b8d033d707d1dbbf348888d5b7f0,2b2b1ab2636a391d,V2_FRAME_DUP_00061,1,MODEL_ASSISTED_POSITIVE,car,CROSSWALK;INTERSECTION,HEURISTIC;MODEL_ASSISTED,False,SELECTED_FOR_ANNOTATION,COVERAGE_BALANCED_DUPLICATE_REPRESENTATIVE,NOT_ANNOTATED,0.15,244.288
taipei_frame_001066,pexels_13258685_traffic_in_city,data/raw/videos/pexels_13258685_traffic_in_city.mp4,1066,21.32,Taipei,data/interim/v2_targeted_annotation/mined/taipei_frame_001066.jpg,5d5cdeed53bddb54098c574fe25e6c1a2d4d8480ad78425c7aec2a6d2af313f3,2b2b12ac0c4d0745,V2_FRAME_DUP_00062,1,DIFFICULT_HEURISTIC,car;motorcycle;person,CROSSWALK;INTERSECTION;MULTIPLE_PERSON;OCCLUSION;PERSON_CAR;PERSON_MOTORCYCLE;PERSON_PRESENT;SMALL_PERSON,HEURISTIC;MODEL_ASSISTED,False,NOT_SELECTED_BALANCE,FINAL_SCENE_METHOD_BALANCE,NOT_ANNOTATED,18.25,318.651
taipei_frame_001079,pexels_13258685_traffic_in_city,data/raw/videos/pexels_13258685_traffic_in_city.mp4,1079,21.58,Taipei,data/interim/v2_targeted_annotation/mined/taipei_frame_001079.jpg,0c14e3da70c726558ffe1502a709e3f0d57ac06f2de2adcd00026552469c9622,2b2b12ac2f4b0c4c,V2_FRAME_DUP_00063,1,DIFFICULT_HEURISTIC,car;motorcycle;person,CROSSWALK;INTERSECTION;MULTIPLE_PERSON;OCCLUSION;PERSON_CAR;PERSON_MOTORCYCLE;PERSON_PRESENT;SMALL_PERSON,HEURISTIC;MODEL_ASSISTED,False,NOT_SELECTED_BALANCE,FINAL_SCENE_METHOD_BALANCE,NOT_ANNOTATED,21.55,386.254
taipei_frame_001090,pexels_13258685_traffic_in_city,data/raw/videos/pexels_13258685_traffic_in_city.mp4,1090,21.8,Taipei,data/interim/v2_targeted_annotation/mined/taipei_frame_001090.jpg,7dae15b36aa0dc5e405ccb4744b63eddf904c524b3356b3d2a00257a995759eb,2b2b12ac2f4a0c4c,V2_FRAME_DUP_00064,1,DIFFICULT_HEURISTIC,car;motorcycle;person,CROSSWALK;INTERSECTION;MULTIPLE_PERSON;OCCLUSION;PERSON_CAR;PERSON_MOTORCYCLE;PERSON_PRESENT;SMALL_PERSON,HEURISTIC;MODEL_ASSISTED,False,NOT_SELECTED_BALANCE,FINAL_SCENE_METHOD_BALANCE,NOT_ANNOTATED,21.25,394.864
taipei_frame_001100,pexels_13258685_traffic_in_city,data/raw/videos/pexels_13258685_traffic_in_city.mp4,1100,22.0,Taipei,data/interim/v2_targeted_annotation/images/taipei_frame_001100.jpg,f066d03389b2db73fed5108d103f6cdfbf4b10a678b98f3e8ad2468778c85657,2b2b1aac2f4a0c4c,V2_FRAME_DUP_00065,1,SYSTEMATIC_TEMPORAL,car;motorcycle;person,CROSSWALK;INTERSECTION;MULTIPLE_PERSON;OCCLUSION;PERSON_CAR;PERSON_MOTORCYCLE;PERSON_PRESENT;SMALL_PERSON,HEURISTIC;MODEL_ASSISTED;SYSTEMATIC,False,SELECTED_FOR_ANNOTATION,COVERAGE_BALANCED_DUPLICATE_REPRESENTATIVE,NOT_ANNOTATED,22.25,400.6
taipei_frame_001110,pexels_13258685_traffic_in_city,data/raw/videos/pexels_13258685_traffic_in_city.mp4,1110,22.2,Taipei,data/interim/v2_targeted_annotation/mined/taipei_frame_001110.jpg,66e4e842146e9609dec17572ee9fd02b23b346a6d0ac8c327319c8ed99fd4219,2b2b1aac2f0a0c4c,V2_FRAME_DUP_00066,1,DIFFICULT_HEURISTIC,car;motorcycle;person,CROSSWALK;INTERSECTION;MULTIPLE_PERSON;OCCLUSION;PERSON_CAR;PERSON_MOTORCYCLE;PERSON_PRESENT;SMALL_PERSON,HEURISTIC;MODEL_ASSISTED,False,NOT_SELECTED_BALANCE,FINAL_SCENE_METHOD_BALANCE,NOT_ANNOTATED,21.25,409.404
taipei_frame_001126,pexels_13258685_traffic_in_city,data/raw/videos/pexels_13258685_traffic_in_city.mp4,1126,22.52,Taipei,data/interim/v2_targeted_annotation/mined/taipei_frame_001126.jpg,77cefba87c92fac014ad9e46464a9733d8c5a24efe8b308504e92032cfdab3d1,2b2b1aac2f0a0c4c,V2_FRAME_DUP_00067,1,DIFFICULT_HEURISTIC,car;motorcycle;person,CROSSWALK;INTERSECTION;MULTIPLE_PERSON;OCCLUSION;PERSON_CAR;PERSON_MOTORCYCLE;PERSON_PRESENT;SMALL_PERSON,HEURISTIC;MODEL_ASSISTED,False,NOT_SELECTED_BALANCE,FINAL_SCENE_METHOD_BALANCE,NOT_ANNOTATED,21.25,406.064
taipei_frame_001136,pexels_13258685_traffic_in_city,data/raw/videos/pexels_13258685_traffic_in_city.mp4,1136,22.72,Taipei,data/interim/v2_targeted_annotation/mined/taipei_frame_001136.jpg,82513210c07d28a0ec156fcfa5bd8e263bf24b86776add8594a017820c3b53aa,2b2b1aac2f0a0c4c,V2_FRAME_DUP_00068,1,DIFFICULT_HEURISTIC,car;motorcycle;person,CROSSWALK;INTERSECTION;MULTIPLE_PERSON;OCCLUSION;PERSON_CAR;PERSON_MOTORCYCLE;PERSON_PRESENT;SMALL_PERSON,HEURISTIC;MODEL_ASSISTED,False,NOT_SELECTED_BALANCE,FINAL_SCENE_METHOD_BALANCE,NOT_ANNOTATED,21.25,417.876
taipei_frame_001150,pexels_13258685_traffic_in_city,data/raw/videos/pexels_13258685_traffic_in_city.mp4,1150,23.0,Taipei,data/interim/v2_targeted_annotation/images/taipei_frame_001150.jpg,01a2e0b47d01713d3d23251fa9398e1139ffd8d155cb008343ff0b557b3b7bfb,2b2b1aac2f4a0c4c,V2_FRAME_DUP_00069,1,SYSTEMATIC_TEMPORAL,car;motorcycle;person,CROSSWALK;INTERSECTION;MULTIPLE_PERSON;OCCLUSION;PERSON_CAR;PERSON_MOTORCYCLE;PERSON_PRESENT,HEURISTIC;MODEL_ASSISTED;SYSTEMATIC,False,SELECTED_FOR_ANNOTATION,COVERAGE_BALANCED_DUPLICATE_REPRESENTATIVE,NOT_ANNOTATED,16.1,407.902
taipei_frame_001164,pexels_13258685_traffic_in_city,data/raw/videos/pexels_13258685_traffic_in_city.mp4,1164,23.28,Taipei,data/interim/v2_targeted_annotation/mined/taipei_frame_001164.jpg,e20b6db05a746f4d3bd5424aabab0e6c484daa5fad633ed25ad73fcbcf55f36a,2b2b1aac2f4a0c4c,V2_FRAME_DUP_00070,1,DIFFICULT_HEURISTIC,car;motorcycle;person,CROSSWALK;INTERSECTION;MULTIPLE_PERSON;OCCLUSION;PERSON_CAR;PERSON_MOTORCYCLE;PERSON_PRESENT;SMALL_PERSON,HEURISTIC;MODEL_ASSISTED,False,NOT_SELECTED_BALANCE,FINAL_SCENE_METHOD_BALANCE,NOT_ANNOTATED,18.1,406.619
taipei_frame_001177,pexels_13258685_traffic_in_city,data/raw/videos/pexels_13258685_traffic_in_city.mp4,1177,23.54,Taipei,data/interim/v2_targeted_annotation/mined/taipei_frame_001177.jpg,3948242af0636f3265f0fef6b8ff9d183f5c2e932c7a51ab91030287c5bf8096,2b2b1aac2f0a0c4c,V2_FRAME_DUP_00071,1,DIFFICULT_HEURISTIC,car;motorcycle;person,CROSSWALK;INTERSECTION;MULTIPLE_PERSON;OCCLUSION;PERSON_CAR;PERSON_MOTORCYCLE;PERSON_PRESENT;SMALL_PERSON,HEURISTIC;MODEL_ASSISTED,False,NOT_SELECTED_BALANCE,FINAL_SCENE_METHOD_BALANCE,NOT_ANNOTATED,21.25,396.876
taipei_frame_001188,pexels_13258685_traffic_in_city,data/raw/videos/pexels_13258685_traffic_in_city.mp4,1188,23.76,Taipei,data/interim/v2_targeted_annotation/mined/taipei_frame_001188.jpg,950d32ae02adc38f4b932469f9886e71e416296328429cc90e11748d472a24ee,2b2b1aac0f4a8ccc,V2_FRAME_DUP_00072,1,DIFFICULT_HEURISTIC,car;motorcycle;person,CROSSWALK;INTERSECTION;MULTIPLE_PERSON;OCCLUSION;PERSON_CAR;PERSON_MOTORCYCLE;PERSON_PRESENT;SMALL_PERSON,HEURISTIC;MODEL_ASSISTED,False,NOT_SELECTED_BALANCE,FINAL_SCENE_METHOD_BALANCE,NOT_ANNOTATED,21.4,396.201
taipei_frame_001200,pexels_13258685_traffic_in_city,data/raw/videos/pexels_13258685_traffic_in_city.mp4,1200,24.0,Taipei,data/interim/v2_targeted_annotation/images/taipei_frame_001200.jpg,82586e013a464ce50f50e2c6cf771078cad58516a0da5aab1e52a20e34da9226,2bab1acc4f4a9c3c,V2_FRAME_DUP_00073,1,SYSTEMATIC_TEMPORAL,car;motorcycle;person,CROSSWALK;INTERSECTION;MULTIPLE_PERSON;OCCLUSION;PERSON_CAR;PERSON_MOTORCYCLE;PERSON_PRESENT;SMALL_PERSON,HEURISTIC;MODEL_ASSISTED;SYSTEMATIC,False,SELECTED_FOR_ANNOTATION,COVERAGE_BALANCED_DUPLICATE_REPRESENTATIVE,NOT_ANNOTATED,25.4,337.144
taipei_frame_001216,pexels_13258685_traffic_in_city,data/raw/videos/pexels_13258685_traffic_in_city.mp4,1216,24.32,Taipei,data/interim/v2_targeted_annotation/images/taipei_frame_001216.jpg,731acedd77d2aa65f808f0715440068d7d6f4c5baa3f7d3ad410f385fa8fe729,2b6bda6d2f4a4c4c,V2_FRAME_DUP_00074,1,DIFFICULT_HEURISTIC,car;motorcycle;person,CROSSWALK;INTERSECTION;MULTIPLE_PERSON;OCCLUSION;PERSON_CAR;PERSON_MOTORCYCLE;PERSON_PRESENT;SMALL_PERSON,HEURISTIC;MODEL_ASSISTED,False,SELECTED_FOR_ANNOTATION,COVERAGE_BALANCED_DUPLICATE_REPRESENTATIVE,NOT_ANNOTATED,30.85,359.257
taipei_frame_001226,pexels_13258685_traffic_in_city,data/raw/videos/pexels_13258685_traffic_in_city.mp4,1226,24.52,Taipei,data/interim/v2_targeted_annotation/mined/taipei_frame_001226.jpg,5c491a310a1b1d91b7aabaaccfaa9d17505705ff9d95240d7f11a085e7ea4d2a,2b6bfaacaf0a0c0c,V2_FRAME_DUP_00075,1,DIFFICULT_HEURISTIC,car;motorcycle;person,CROSSWALK;INTERSECTION;MULTIPLE_PERSON;OCCLUSION;PERSON_CAR;PERSON_MOTORCYCLE;PERSON_PRESENT;SMALL_PERSON,HEURISTIC;MODEL_ASSISTED,False,NOT_SELECTED_BALANCE,FINAL_SCENE_METHOD_BALANCE,NOT_ANNOTATED,24.4,349.407
taipei_frame_001238,pexels_13258685_traffic_in_city,data/raw/videos/pexels_13258685_traffic_in_city.mp4,1238,24.76,Taipei,data/interim/v2_targeted_annotation/mined/taipei_frame_001238.jpg,f21fd43e598e601e2cb7443a167f3220c7f0c8429bd2d122e2063db5b77e1857,2b2b7aec4f8a8c8c,V2_FRAME_DUP_00076,1,DIFFICULT_HEURISTIC,car;motorcycle;person,CROSSWALK;INTERSECTION;MULTIPLE_PERSON;OCCLUSION;PERSON_CAR;PERSON_MOTORCYCLE;PERSON_PRESENT;SMALL_PERSON,HEURISTIC;MODEL_ASSISTED,False,NOT_SELECTED_BALANCE,FINAL_SCENE_METHOD_BALANCE,NOT_ANNOTATED,27.55,331.384
taipei_frame_001250,pexels_13258685_traffic_in_city,data/raw/videos/pexels_13258685_traffic_in_city.mp4,1250,25.0,Taipei,data/interim/v2_targeted_annotation/images/taipei_frame_001250.jpg,b730d8c687236ed02e84db1527d434b77ec4ea659ca3052d5d6dd9f456c12da8,2b3b3a2c4eca4c4c,V2_FRAME_DUP_00077,1,SYSTEMATIC_TEMPORAL,car;motorcycle;person,CROSSWALK;INTERSECTION;MULTIPLE_PERSON;OCCLUSION;PERSON_CAR;PERSON_MOTORCYCLE;PERSON_PRESENT,HEURISTIC;MODEL_ASSISTED;SYSTEMATIC,False,SELECTED_FOR_ANNOTATION,COVERAGE_BALANCED_DUPLICATE_REPRESENTATIVE,NOT_ANNOTATED,19.25,323.286
taipei_frame_001261,pexels_13258685_traffic_in_city,data/raw/videos/pexels_13258685_traffic_in_city.mp4,1261,25.22,Taipei,data/interim/v2_targeted_annotation/mined/taipei_frame_001261.jpg,bce1763a4a998bc96eefacb1296bb014a2f6669453e82962c72fe37bf7c67045,2b7b1a9c2f684c4c,V2_FRAME_DUP_00078,1,DIFFICULT_HEURISTIC,motorcycle;person,CROSSWALK;INTERSECTION;MULTIPLE_PERSON;OCCLUSION;PERSON_MOTORCYCLE;PERSON_PRESENT,HEURISTIC;MODEL_ASSISTED,False,NOT_SELECTED_BALANCE,FINAL_SCENE_METHOD_BALANCE,NOT_ANNOTATED,24.7,324.206
taipei_frame_001277,pexels_13258685_traffic_in_city,data/raw/videos/pexels_13258685_traffic_in_city.mp4,1277,25.54,Taipei,data/interim/v2_targeted_annotation/images/taipei_frame_001277.jpg,fd684ab718a7584ff1840761b982c28778a20641751dc8adfe8d18b9cd5f2933,2b2b1e8c15633174,V2_FRAME_DUP_00079,1,DIFFICULT_HEURISTIC,car;motorcycle;person,CROSSWALK;INTERSECTION;MULTIPLE_PERSON;OCCLUSION;PERSON_CAR;PERSON_MOTORCYCLE;PERSON_PRESENT;SMALL_PERSON,HEURISTIC;MODEL_ASSISTED,False,SELECTED_FOR_ANNOTATION,COVERAGE_BALANCED_DUPLICATE_REPRESENTATIVE,NOT_ANNOTATED,30.7,330.005
taipei_frame_001288,pexels_13258685_traffic_in_city,data/raw/videos/pexels_13258685_traffic_in_city.mp4,1288,25.76,Taipei,data/interim/v2_targeted_annotation/images/taipei_frame_001288.jpg,bc7bb3acc635495f8808b980803c557657019cb772f169cdcf70f1ca30337f87,2b2b16ac2b521350,V2_FRAME_DUP_00080,1,DIFFICULT_HEURISTIC,car;motorcycle;person,CROSSWALK;DENSE_TRAFFIC;INTERSECTION;MULTIPLE_PERSON;OCCLUSION;PERSON_CAR;PERSON_MOTORCYCLE;PERSON_PRESENT;SMALL_PERSON,HEURISTIC;MODEL_ASSISTED,False,SELECTED_FOR_ANNOTATION,COVERAGE_BALANCED_DUPLICATE_REPRESENTATIVE,NOT_ANNOTATED,33.0,241.781
taipei_frame_001300,pexels_13258685_traffic_in_city,data/raw/videos/pexels_13258685_traffic_in_city.mp4,1300,26.0,Taipei,data/interim/v2_targeted_annotation/images/taipei_frame_001300.jpg,6684e909967fa4a6cb77609b71980430b06bed454a2f1fbace7bea677e232e08,2b2b16a62b4a1858,V2_FRAME_DUP_00081,1,SYSTEMATIC_TEMPORAL,car;motorcycle;person,CROSSWALK;INTERSECTION;MULTIPLE_PERSON;OCCLUSION;PERSON_CAR;PERSON_MOTORCYCLE;PERSON_PRESENT;SMALL_PERSON,HEURISTIC;MODEL_ASSISTED;SYSTEMATIC,False,SELECTED_FOR_ANNOTATION,COVERAGE_BALANCED_DUPLICATE_REPRESENTATIVE,NOT_ANNOTATED,25.4,163.916
taipei_frame_001310,pexels_13258685_traffic_in_city,data/raw/videos/pexels_13258685_traffic_in_city.mp4,1310,26.2,Taipei,data/interim/v2_targeted_annotation/images/taipei_frame_001310.jpg,da74fe8fe6c3df6db4c1de3787d7bc56e878be0c603e36931cadc6194b918a07,2b2b1aa60d4c0d4c,V2_FRAME_DUP_00082,1,DIFFICULT_HEURISTIC,car;motorcycle;person,CROSSWALK;INTERSECTION;MULTIPLE_PERSON;OCCLUSION;PERSON_CAR;PERSON_MOTORCYCLE;PERSON_PRESENT;SMALL_PERSON,HEURISTIC;MODEL_ASSISTED,False,SELECTED_FOR_ANNOTATION,COVERAGE_BALANCED_DUPLICATE_REPRESENTATIVE,NOT_ANNOTATED,30.7,141.954
taipei_frame_001322,pexels_13258685_traffic_in_city,data/raw/videos/pexels_13258685_traffic_in_city.mp4,1322,26.44,Taipei,data/interim/v2_targeted_annotation/mined/taipei_frame_001322.jpg,edc94f259ab42ac44799be94be2a47e44d2e9ccacaa9c70881e214e974193c53,692b1da92a4c0c4c,V2_FRAME_DUP_00083,1,DIFFICULT_HEURISTIC,car;motorcycle;person,CROSSWALK;INTERSECTION;MULTIPLE_PERSON;OCCLUSION;PERSON_CAR;PERSON_MOTORCYCLE;PERSON_PRESENT,HEURISTIC;MODEL_ASSISTED,False,NOT_SELECTED_BALANCE,FINAL_SCENE_METHOD_BALANCE,NOT_ANNOTATED,24.7,174.961
taipei_frame_001338,pexels_13258685_traffic_in_city,data/raw/videos/pexels_13258685_traffic_in_city.mp4,1338,26.76,Taipei,data/interim/v2_targeted_annotation/images/taipei_frame_001338.jpg,006f9df80ff8bc03c4387a9b6358b950f12238e48791ce58ea11915186fbc789,692b1dad2d2a0e4e,V2_FRAME_DUP_00084,1,DIFFICULT_HEURISTIC,car;motorcycle;person,CROSSWALK;INTERSECTION;MULTIPLE_PERSON;OCCLUSION;PERSON_CAR;PERSON_MOTORCYCLE;PERSON_PRESENT;SMALL_PERSON,HEURISTIC;MODEL_ASSISTED,False,SELECTED_FOR_ANNOTATION,COVERAGE_BALANCED_DUPLICATE_REPRESENTATIVE,NOT_ANNOTATED,27.7,209.382
taipei_frame_001350,pexels_13258685_traffic_in_city,data/raw/videos/pexels_13258685_traffic_in_city.mp4,1350,27.0,Taipei,data/interim/v2_targeted_annotation/images/taipei_frame_001350.jpg,83409f4bb0965f3501191c4bc5ac048d2f1b807b51b7a095772a25617ffbda39,6b2a12ec4e2b0d4d,V2_FRAME_DUP_00085,1,SYSTEMATIC_TEMPORAL,car;motorcycle;person,CROSSWALK;INTERSECTION;MULTIPLE_PERSON;OCCLUSION;PERSON_CAR;PERSON_MOTORCYCLE;PERSON_PRESENT;SMALL_PERSON,HEURISTIC;MODEL_ASSISTED;SYSTEMATIC,False,SELECTED_FOR_ANNOTATION,COVERAGE_BALANCED_DUPLICATE_REPRESENTATIVE,NOT_ANNOTATED,28.85,232.677
taipei_frame_001360,pexels_13258685_traffic_in_city,data/raw/videos/pexels_13258685_traffic_in_city.mp4,1360,27.2,Taipei,data/interim/v2_targeted_annotation/images/taipei_frame_001360.jpg,5573abcf52d766676089f9ade3aa673b1f867fc9a27af5c5e91512155957bad7,2b2b1aec4e2a0d4d,V2_FRAME_DUP_00086,1,DIFFICULT_HEURISTIC,car;motorcycle;person,CROSSWALK;INTERSECTION;MULTIPLE_PERSON;OCCLUSION;PERSON_CAR;PERSON_MOTORCYCLE;PERSON_PRESENT;SMALL_PERSON,HEURISTIC;MODEL_ASSISTED,False,SELECTED_FOR_ANNOTATION,COVERAGE_BALANCED_DUPLICATE_REPRESENTATIVE,NOT_ANNOTATED,27.7,268.866
taipei_frame_001376,pexels_13258685_traffic_in_city,data/raw/videos/pexels_13258685_traffic_in_city.mp4,1376,27.52,Taipei,data/interim/v2_targeted_annotation/mined/taipei_frame_001376.jpg,7bf6b84ff41362560d01ad837231390a92395b1a14b54de3725298707204135b,2b2b1aac0f2a0c4c,V2_FRAME_DUP_00087,1,DIFFICULT_HEURISTIC,car;motorcycle;person,CROSSWALK;INTERSECTION;MULTIPLE_PERSON;OCCLUSION;PERSON_CAR;PERSON_MOTORCYCLE;PERSON_PRESENT;SMALL_PERSON,HEURISTIC;MODEL_ASSISTED,False,NOT_SELECTED_BALANCE,FINAL_SCENE_METHOD_BALANCE,NOT_ANNOTATED,24.55,262.716
taipei_frame_001389,pexels_13258685_traffic_in_city,data/raw/videos/pexels_13258685_traffic_in_city.mp4,1389,27.78,Taipei,data/interim/v2_targeted_annotation/mined/taipei_frame_001389.jpg,9d34fa22e1cec40b7f06986e223bae879f93490216240b2b891117ff71a93975,6b2b1aac0f2a0c4c,V2_FRAME_DUP_00088,1,DIFFICULT_HEURISTIC,car;motorcycle;person,CROSSWALK;INTERSECTION;MULTIPLE_PERSON;OCCLUSION;PERSON_CAR;PERSON_MOTORCYCLE;PERSON_PRESENT;SMALL_PERSON,HEURISTIC;MODEL_ASSISTED,False,NOT_SELECTED_BALANCE,FINAL_SCENE_METHOD_BALANCE,NOT_ANNOTATED,24.55,263.511
taipei_frame_001400,pexels_13258685_traffic_in_city,data/raw/videos/pexels_13258685_traffic_in_city.mp4,1400,28.0,Taipei,data/interim/v2_targeted_annotation/images/taipei_frame_001400.jpg,45a3e9aae5d30d1a78b83c808502b363b0feeaec6dcf4e022def65af49774bf3,6b2b1aac4f2a0c4c,V2_FRAME_DUP_00089,1,SYSTEMATIC_TEMPORAL,car;motorcycle;person,CROSSWALK;INTERSECTION;MULTIPLE_PERSON;OCCLUSION;PERSON_CAR;PERSON_MOTORCYCLE;PERSON_PRESENT;SMALL_PERSON,HEURISTIC;MODEL_ASSISTED;SYSTEMATIC,False,SELECTED_FOR_ANNOTATION,COVERAGE_BALANCED_DUPLICATE_REPRESENTATIVE,NOT_ANNOTATED,22.4,261.171
taipei_frame_001410,pexels_13258685_traffic_in_city,data/raw/videos/pexels_13258685_traffic_in_city.mp4,1410,28.2,Taipei,data/interim/v2_targeted_annotation/mined/taipei_frame_001410.jpg,c7b35aecb1662ad558d31e6834ba0c344f53d72376d00c5a5d0a367fbaef117c,2b2b1aac4f2a0c4c,V2_FRAME_DUP_00090,1,DIFFICULT_HEURISTIC,car;motorcycle;person,CROSSWALK;INTERSECTION;MULTIPLE_PERSON;OCCLUSION;PERSON_CAR;PERSON_MOTORCYCLE;PERSON_PRESENT;SMALL_PERSON,HEURISTIC;MODEL_ASSISTED,False,NOT_SELECTED_BALANCE,FINAL_SCENE_METHOD_BALANCE,NOT_ANNOTATED,24.55,255.496
taipei_frame_001421,pexels_13258685_traffic_in_city,data/raw/videos/pexels_13258685_traffic_in_city.mp4,1421,28.42,Taipei,data/interim/v2_targeted_annotation/mined/taipei_frame_001421.jpg,63a3004684d07171838cc6bc605876bbbf668921f45a4ddb1c479725d3a148c8,2b2b1aac0f2a0ccc,V2_FRAME_DUP_00091,1,DIFFICULT_HEURISTIC,car;motorcycle;person,CROSSWALK;INTERSECTION;MULTIPLE_PERSON;OCCLUSION;PERSON_CAR;PERSON_MOTORCYCLE;PERSON_PRESENT;SMALL_PERSON,HEURISTIC;MODEL_ASSISTED,False,NOT_SELECTED_BALANCE,FINAL_SCENE_METHOD_BALANCE,NOT_ANNOTATED,24.7,248.23
taipei_frame_001434,pexels_13258685_traffic_in_city,data/raw/videos/pexels_13258685_traffic_in_city.mp4,1434,28.68,Taipei,data/interim/v2_targeted_annotation/mined/taipei_frame_001434.jpg,68210f33e8aeb3813b3325779454a89b4f693fecbe4a97651ba8f6dd62ba3ccd,2b2b1aac0faa6c2c,V2_FRAME_DUP_00092,1,DIFFICULT_HEURISTIC,car;motorcycle;person,CROSSWALK;INTERSECTION;MULTIPLE_PERSON;OCCLUSION;PERSON_CAR;PERSON_MOTORCYCLE;PERSON_PRESENT;SMALL_PERSON,HEURISTIC;MODEL_ASSISTED,False,NOT_SELECTED_BALANCE,FINAL_SCENE_METHOD_BALANCE,NOT_ANNOTATED,24.55,220.03
taipei_frame_001450,pexels_13258685_traffic_in_city,data/raw/videos/pexels_13258685_traffic_in_city.mp4,1450,29.0,Taipei,data/interim/v2_targeted_annotation/images/taipei_frame_001450.jpg,b4c512aad498f4744f33dee87719ca07a78d24b41a90077bb0144af957cefd9c,6b2b12acef3a8c46,V2_FRAME_DUP_00093,1,SYSTEMATIC_TEMPORAL,car;person,CROSSWALK;INTERSECTION;MULTIPLE_PERSON;OCCLUSION;PERSON_CAR;PERSON_PRESENT,HEURISTIC;MODEL_ASSISTED;SYSTEMATIC,False,SELECTED_FOR_ANNOTATION,COVERAGE_BALANCED_DUPLICATE_REPRESENTATIVE,NOT_ANNOTATED,11.1,181.232
taipei_frame_001463,pexels_13258685_traffic_in_city,data/raw/videos/pexels_13258685_traffic_in_city.mp4,1463,29.26,Taipei,data/interim/v2_targeted_annotation/mined/taipei_frame_001463.jpg,4adc6102a581fa43ef86a98b5b954cf5c8bdcea5054eb21479bc09db4c6af274,2b2b1aac1f46414b,V2_FRAME_DUP_00094,1,DIFFICULT_HEURISTIC,car;person,CROSSWALK;INTERSECTION;MULTIPLE_PERSON;OCCLUSION;PERSON_CAR;PERSON_PRESENT;SMALL_PERSON,HEURISTIC;MODEL_ASSISTED,False,NOT_SELECTED_BALANCE,FINAL_SCENE_METHOD_BALANCE,NOT_ANNOTATED,16.25,132.64
taipei_frame_001473,pexels_13258685_traffic_in_city,data/raw/videos/pexels_13258685_traffic_in_city.mp4,1473,29.46,Taipei,data/interim/v2_targeted_annotation/mined/taipei_frame_001473.jpg,8735015b6f010bf5e48f07a4f2bf52fdfe41c9a50ffb112be061be20f69e1302,2b2b1aac47111019,V2_FRAME_DUP_00095,1,DIFFICULT_HEURISTIC,car;person,CROSSWALK;INTERSECTION;MULTIPLE_PERSON;OCCLUSION;PERSON_CAR;PERSON_PRESENT;SMALL_PERSON,HEURISTIC;MODEL_ASSISTED,False,NOT_SELECTED_BALANCE,FINAL_SCENE_METHOD_BALANCE,NOT_ANNOTATED,25.7,130.142
taipei_frame_001490,pexels_13258685_traffic_in_city,data/raw/videos/pexels_13258685_traffic_in_city.mp4,1490,29.8,Taipei,data/interim/v2_targeted_annotation/mined/taipei_frame_001490.jpg,b04d074fa1aef325d1344e2b39a95875ced80c672f85f9a8b403f268237f435c,2b2b1aac08381345,V2_FRAME_DUP_00096,1,DIFFICULT_HEURISTIC,car;motorcycle;person,CROSSWALK;INTERSECTION;MULTIPLE_PERSON;OCCLUSION;PERSON_CAR;PERSON_MOTORCYCLE;PERSON_PRESENT;SMALL_PERSON,HEURISTIC;MODEL_ASSISTED,False,NOT_SELECTED_BALANCE,FINAL_SCENE_METHOD_BALANCE,NOT_ANNOTATED,27.55,195.192
taipei_frame_001500,pexels_13258685_traffic_in_city,data/raw/videos/pexels_13258685_traffic_in_city.mp4,1500,30.0,Taipei,data/interim/v2_targeted_annotation/images/taipei_frame_001500.jpg,b7aa864aa3770bc6274df690220e43477c5ce5c872df9e38b45788ef23b6b77a,2b2b3aad0e2e0c49,V2_FRAME_DUP_00097,1,SYSTEMATIC_TEMPORAL,car;motorcycle;person,CROSSWALK;INTERSECTION;MULTIPLE_PERSON;OCCLUSION;PERSON_CAR;PERSON_MOTORCYCLE;PERSON_PRESENT,HEURISTIC;MODEL_ASSISTED;SYSTEMATIC,False,SELECTED_FOR_ANNOTATION,COVERAGE_BALANCED_DUPLICATE_REPRESENTATIVE,NOT_ANNOTATED,22.55,216.23
taipei_frame_001510,pexels_13258685_traffic_in_city,data/raw/videos/pexels_13258685_traffic_in_city.mp4,1510,30.2,Taipei,data/interim/v2_targeted_annotation/images/taipei_frame_001510.jpg,a18b220a782b03f65b0707b724097ba54dc1ec08ddb4c5ef1c81ae20859c9156,2b2b12ac0f2e0d4c,V2_FRAME_DUP_00098,1,DIFFICULT_HEURISTIC,car;motorcycle;person,CROSSWALK;INTERSECTION;MULTIPLE_PERSON;OCCLUSION;PERSON_CAR;PERSON_MOTORCYCLE;PERSON_PRESENT;SMALL_PERSON,HEURISTIC;MODEL_ASSISTED,False,SELECTED_FOR_ANNOTATION,COVERAGE_BALANCED_DUPLICATE_REPRESENTATIVE,NOT_ANNOTATED,27.85,254.216
taipei_frame_001526,pexels_13258685_traffic_in_city,data/raw/videos/pexels_13258685_traffic_in_city.mp4,1526,30.52,Taipei,data/interim/v2_targeted_annotation/images/taipei_frame_001526.jpg,f954bb28c28443e055e7cb8eb132da4a0c521106af31ade2eb4628cfd6527665,2b2b3aac0f2a0c4c,V2_FRAME_DUP_00099,1,DIFFICULT_HEURISTIC,car;motorcycle;person,CROSSWALK;DENSE_TRAFFIC;INTERSECTION;MULTIPLE_PERSON;OCCLUSION;PERSON_CAR;PERSON_MOTORCYCLE;PERSON_PRESENT;SMALL_PERSON,HEURISTIC;MODEL_ASSISTED,False,SELECTED_FOR_ANNOTATION,COVERAGE_BALANCED_DUPLICATE_REPRESENTATIVE,NOT_ANNOTATED,36.0,263.848
taipei_frame_001540,pexels_13258685_traffic_in_city,data/raw/videos/pexels_13258685_traffic_in_city.mp4,1540,30.8,Taipei,data/interim/v2_targeted_annotation/images/taipei_frame_001540.jpg,815938f6d14e26d8c07fdb3167f80e2152e0ffc99fe75f5db2f1529109899218,2b2b1aac4f2a0c4c,V2_FRAME_DUP_00100,1,DIFFICULT_HEURISTIC,car;motorcycle;person,CROSSWALK;DENSE_TRAFFIC;INTERSECTION;MULTIPLE_PERSON;OCCLUSION;PERSON_CAR;PERSON_MOTORCYCLE;PERSON_PRESENT;SMALL_PERSON,HEURISTIC;MODEL_ASSISTED,False,SELECTED_FOR_ANNOTATION,COVERAGE_BALANCED_DUPLICATE_REPRESENTATIVE,NOT_ANNOTATED,39.15,267.549
taipei_frame_001550,pexels_13258685_traffic_in_city,data/raw/videos/pexels_13258685_traffic_in_city.mp4,1550,31.0,Taipei,data/interim/v2_targeted_annotation/images/taipei_frame_001550.jpg,a182b5cc5295f3d63fd35c9a38a02b9efa1b3640f0f59be8d5361c06742def33,2b2b3aac6f2a0c4c,V2_FRAME_DUP_00101,1,SYSTEMATIC_TEMPORAL,car;motorcycle;person,CROSSWALK;INTERSECTION;MULTIPLE_PERSON;OCCLUSION;PERSON_CAR;PERSON_MOTORCYCLE;PERSON_PRESENT;SMALL_PERSON,HEURISTIC;MODEL_ASSISTED;SYSTEMATIC,False,SELECTED_FOR_ANNOTATION,COVERAGE_BALANCED_DUPLICATE_REPRESENTATIVE,NOT_ANNOTATED,31.85,276.637
taipei_frame_001560,pexels_13258685_traffic_in_city,data/raw/videos/pexels_13258685_traffic_in_city.mp4,1560,31.2,Taipei,data/interim/v2_targeted_annotation/mined/taipei_frame_001560.jpg,38233079a82caf003bd00c46440a867162ddbb8bbbb51ce912ac04875dbbbb7e,2b2b1aac6f2a0c4c,V2_FRAME_DUP_00102,1,DIFFICULT_HEURISTIC,car;motorcycle;person,CROSSWALK;INTERSECTION;MULTIPLE_PERSON;OCCLUSION;PERSON_CAR;PERSON_MOTORCYCLE;PERSON_PRESENT,HEURISTIC;MODEL_ASSISTED,False,NOT_SELECTED_BALANCE,FINAL_SCENE_METHOD_BALANCE,NOT_ANNOTATED,24.7,280.857
taipei_frame_001577,pexels_13258685_traffic_in_city,data/raw/videos/pexels_13258685_traffic_in_city.mp4,1577,31.54,Taipei,data/interim/v2_targeted_annotation/mined/taipei_frame_001577.jpg,9ee259e796f3c6828bdc59890835de52bede0a9dd4039abca43684d88d861b69,2b2b3aac6f2a0c4c,V2_FRAME_DUP_00103,1,DIFFICULT_HEURISTIC,car;motorcycle;person,CROSSWALK;INTERSECTION;MULTIPLE_PERSON;OCCLUSION;PERSON_CAR;PERSON_MOTORCYCLE;PERSON_PRESENT,HEURISTIC;MODEL_ASSISTED,False,NOT_SELECTED_BALANCE,FINAL_SCENE_METHOD_BALANCE,NOT_ANNOTATED,24.7,282.321
taipei_frame_001587,pexels_13258685_traffic_in_city,data/raw/videos/pexels_13258685_traffic_in_city.mp4,1587,31.74,Taipei,data/interim/v2_targeted_annotation/mined/taipei_frame_001587.jpg,433949130d717834ec5088337e0f0efcff97d328b5fceabefcda589d0b4df109,2b2b1aac4f2a0c4c,V2_FRAME_DUP_00104,1,DIFFICULT_HEURISTIC,car;motorcycle;person,CROSSWALK;INTERSECTION;MULTIPLE_PERSON;OCCLUSION;PERSON_CAR;PERSON_MOTORCYCLE;PERSON_PRESENT,HEURISTIC;MODEL_ASSISTED,False,NOT_SELECTED_BALANCE,FINAL_SCENE_METHOD_BALANCE,NOT_ANNOTATED,21.55,283.312
taipei_frame_001600,pexels_13258685_traffic_in_city,data/raw/videos/pexels_13258685_traffic_in_city.mp4,1600,32.0,Taipei,data/interim/v2_targeted_annotation/images/taipei_frame_001600.jpg,ee2660b4bb8c768fdea2a1f6b2686e1a2a42d852ab58760cb6e835bd4a48bec7,2b2b1aac4f2a0c4c,V2_FRAME_DUP_00105,1,SYSTEMATIC_TEMPORAL,car;motorcycle;person,CROSSWALK;INTERSECTION;MULTIPLE_PERSON;OCCLUSION;PERSON_CAR;PERSON_MOTORCYCLE;PERSON_PRESENT,HEURISTIC;MODEL_ASSISTED;SYSTEMATIC,False,SELECTED_FOR_ANNOTATION,COVERAGE_BALANCED_DUPLICATE_REPRESENTATIVE,NOT_ANNOTATED,19.4,283.723
taipei_frame_001613,pexels_13258685_traffic_in_city,data/raw/videos/pexels_13258685_traffic_in_city.mp4,1613,32.26,Taipei,data/interim/v2_targeted_annotation/mined/taipei_frame_001613.jpg,9ecf810c9250dfd4eacec9babd543780c95822f2b2cd082ce6f896350fc071ad,2b2b12ac4f2a0c4c,V2_FRAME_DUP_00106,1,DIFFICULT_HEURISTIC,car;motorcycle;person,CROSSWALK;INTERSECTION;MULTIPLE_PERSON;OCCLUSION;PERSON_CAR;PERSON_MOTORCYCLE;PERSON_PRESENT;SMALL_PERSON,HEURISTIC;MODEL_ASSISTED,False,NOT_SELECTED_BALANCE,FINAL_SCENE_METHOD_BALANCE,NOT_ANNOTATED,24.7,279.234
taipei_frame_001623,pexels_13258685_traffic_in_city,data/raw/videos/pexels_13258685_traffic_in_city.mp4,1623,32.46,Taipei,data/interim/v2_targeted_annotation/mined/taipei_frame_001623.jpg,9b79e351d0ddf2ad5dd58b71e9c74abe7665480cd812d806b6fcc7605d3b2567,2b2b1aac4f2a0c4c,V2_FRAME_DUP_00107,1,DIFFICULT_HEURISTIC,car;motorcycle;person,CROSSWALK;INTERSECTION;MULTIPLE_PERSON;OCCLUSION;PERSON_CAR;PERSON_MOTORCYCLE;PERSON_PRESENT;SMALL_PERSON,HEURISTIC;MODEL_ASSISTED,False,NOT_SELECTED_BALANCE,FINAL_SCENE_METHOD_BALANCE,NOT_ANNOTATED,24.55,281.763
taipei_frame_001633,pexels_13258685_traffic_in_city,data/raw/videos/pexels_13258685_traffic_in_city.mp4,1633,32.66,Taipei,data/interim/v2_targeted_annotation/mined/taipei_frame_001633.jpg,f36eb31ea30958d5a62902f0a205055295cc6034cf549986b8660e03c62906df,2b2b1aac4f2a0c4c,V2_FRAME_DUP_00108,1,DIFFICULT_HEURISTIC,car;motorcycle;person,CROSSWALK;INTERSECTION;MULTIPLE_PERSON;OCCLUSION;PERSON_CAR;PERSON_MOTORCYCLE;PERSON_PRESENT;SMALL_PERSON,HEURISTIC;MODEL_ASSISTED,False,NOT_SELECTED_BALANCE,FINAL_SCENE_METHOD_BALANCE,NOT_ANNOTATED,24.55,281.045
taipei_frame_001650,pexels_13258685_traffic_in_city,data/raw/videos/pexels_13258685_traffic_in_city.mp4,1650,33.0,Taipei,data/interim/v2_targeted_annotation/images/taipei_frame_001650.jpg,3f638f7ab129dde0ccdb2c6bcc37e7df1bb2a519c918c865d041b85cde9f4646,2b2b1aac4f2a0c4c,V2_FRAME_DUP_00109,1,SYSTEMATIC_TEMPORAL,car;motorcycle;person,CROSSWALK;INTERSECTION;MULTIPLE_PERSON;OCCLUSION;PERSON_CAR;PERSON_MOTORCYCLE;PERSON_PRESENT;SMALL_PERSON,HEURISTIC;MODEL_ASSISTED;SYSTEMATIC,False,SELECTED_FOR_ANNOTATION,COVERAGE_BALANCED_DUPLICATE_REPRESENTATIVE,NOT_ANNOTATED,22.55,283.087
taipei_frame_001660,pexels_13258685_traffic_in_city,data/raw/videos/pexels_13258685_traffic_in_city.mp4,1660,33.2,Taipei,data/interim/v2_targeted_annotation/images/taipei_frame_001660.jpg,d2befb92d0e98e90a41c1e77f84d95a87d10fd3ae1f36af8c6eb936aebf67422,2b2b1aac6f2a0c4c,V2_FRAME_DUP_00110,1,DIFFICULT_HEURISTIC,car;motorcycle;person,CROSSWALK;INTERSECTION;MULTIPLE_PERSON;OCCLUSION;PERSON_CAR;PERSON_MOTORCYCLE;PERSON_PRESENT;SMALL_PERSON,HEURISTIC;MODEL_ASSISTED,False,SELECTED_FOR_ANNOTATION,COVERAGE_BALANCED_DUPLICATE_REPRESENTATIVE,NOT_ANNOTATED,27.7,312.572
taipei_frame_001673,pexels_13258685_traffic_in_city,data/raw/videos/pexels_13258685_traffic_in_city.mp4,1673,33.46,Taipei,data/interim/v2_targeted_annotation/images/taipei_frame_001673.jpg,a08b882be3976ba5a720d8113c7fccc0cd228fdec377b5af39193003398dab01,2b2b3aac6f2a0c4c,V2_FRAME_DUP_00111,1,DIFFICULT_HEURISTIC,car;motorcycle;person,CROSSWALK;INTERSECTION;MULTIPLE_PERSON;OCCLUSION;PERSON_CAR;PERSON_MOTORCYCLE;PERSON_PRESENT;SMALL_PERSON,HEURISTIC;MODEL_ASSISTED,False,SELECTED_FOR_ANNOTATION,COVERAGE_BALANCED_DUPLICATE_REPRESENTATIVE,NOT_ANNOTATED,27.85,291.849
taipei_frame_001685,pexels_13258685_traffic_in_city,data/raw/videos/pexels_13258685_traffic_in_city.mp4,1685,33.7,Taipei,data/interim/v2_targeted_annotation/mined/taipei_frame_001685.jpg,ab6570845276fc2a2a84b05319a6c18ec849a889fd6b8efa58fc7641c20bdc76,2b2b1aac6f2a0c4c,V2_FRAME_DUP_00112,1,DIFFICULT_HEURISTIC,car;motorcycle;person,CROSSWALK;INTERSECTION;MULTIPLE_PERSON;OCCLUSION;PERSON_CAR;PERSON_MOTORCYCLE;PERSON_PRESENT,HEURISTIC;MODEL_ASSISTED,False,NOT_SELECTED_BALANCE,FINAL_SCENE_METHOD_BALANCE,NOT_ANNOTATED,21.7,287.709
taipei_frame_001700,pexels_13258685_traffic_in_city,data/raw/videos/pexels_13258685_traffic_in_city.mp4,1700,34.0,Taipei,data/interim/v2_targeted_annotation/images/taipei_frame_001700.jpg,4a0bf75935cd6d5a07a29bb87de16344e39d2d668b260260c7eda3a1a4bd7a4a,2b2b1aac6f2a0c4c,V2_FRAME_DUP_00113,1,SYSTEMATIC_TEMPORAL,car;motorcycle;person,CROSSWALK;INTERSECTION;MULTIPLE_PERSON;OCCLUSION;PERSON_CAR;PERSON_MOTORCYCLE;PERSON_PRESENT,HEURISTIC;MODEL_ASSISTED;SYSTEMATIC,False,SELECTED_FOR_ANNOTATION,COVERAGE_BALANCED_DUPLICATE_REPRESENTATIVE,NOT_ANNOTATED,22.55,290.134
taipei_frame_001713,pexels_13258685_traffic_in_city,data/raw/videos/pexels_13258685_traffic_in_city.mp4,1713,34.26,Taipei,data/interim/v2_targeted_annotation/mined/taipei_frame_001713.jpg,26334d997db3eaf5bfd3bf42984811cb94cf1b988978c6eae85d152d1b9181d1,2b2b1aac6f2a0c4c,V2_FRAME_DUP_00114,1,DIFFICULT_HEURISTIC,car;motorcycle;person,CROSSWALK;INTERSECTION;MULTIPLE_PERSON;OCCLUSION;PERSON_CAR;PERSON_MOTORCYCLE;PERSON_PRESENT,HEURISTIC;MODEL_ASSISTED,False,NOT_SELECTED_BALANCE,FINAL_SCENE_METHOD_BALANCE,NOT_ANNOTATED,24.85,288.078
taipei_frame_001724,pexels_13258685_traffic_in_city,data/raw/videos/pexels_13258685_traffic_in_city.mp4,1724,34.48,Taipei,data/interim/v2_targeted_annotation/mined/taipei_frame_001724.jpg,5387130eaadf58a9cb2982d4c1b56ce316bcb3e73abe374a9bffde44cf2a7ed2,2b2b1aac6f2a0c4c,V2_FRAME_DUP_00115,1,DIFFICULT_HEURISTIC,car;motorcycle;person,CROSSWALK;INTERSECTION;MULTIPLE_PERSON;OCCLUSION;PERSON_CAR;PERSON_MOTORCYCLE;PERSON_PRESENT,HEURISTIC;MODEL_ASSISTED,False,NOT_SELECTED_BALANCE,FINAL_SCENE_METHOD_BALANCE,NOT_ANNOTATED,21.7,288.848
taipei_frame_001734,pexels_13258685_traffic_in_city,data/raw/videos/pexels_13258685_traffic_in_city.mp4,1734,34.68,Taipei,data/interim/v2_targeted_annotation/mined/taipei_frame_001734.jpg,ec13ef820c5a876d6153130fcfa9e74c96e611c5bcea1d96661d3ba38367d20e,2b2b1aac6f2a0c4c,V2_FRAME_DUP_00116,1,DIFFICULT_HEURISTIC,car;motorcycle;person,CROSSWALK;INTERSECTION;MULTIPLE_PERSON;OCCLUSION;PERSON_CAR;PERSON_MOTORCYCLE;PERSON_PRESENT,HEURISTIC;MODEL_ASSISTED,False,NOT_SELECTED_BALANCE,FINAL_SCENE_METHOD_BALANCE,NOT_ANNOTATED,21.7,293.348
taipei_frame_001750,pexels_13258685_traffic_in_city,data/raw/videos/pexels_13258685_traffic_in_city.mp4,1750,35.0,Taipei,data/interim/v2_targeted_annotation/images/taipei_frame_001750.jpg,3d14b8427f1c9bb648cc30aef7eb69cf1032d7a6f9d564b64cc173f9d405ba2e,2b2b1aac6f2a0c4c,V2_FRAME_DUP_00117,1,SYSTEMATIC_TEMPORAL,car;motorcycle;person,CROSSWALK;INTERSECTION;MULTIPLE_PERSON;OCCLUSION;PERSON_CAR;PERSON_MOTORCYCLE;PERSON_PRESENT,HEURISTIC;MODEL_ASSISTED;SYSTEMATIC,False,SELECTED_FOR_ANNOTATION,COVERAGE_BALANCED_DUPLICATE_REPRESENTATIVE,NOT_ANNOTATED,22.55,279.478
taipei_frame_001760,pexels_13258685_traffic_in_city,data/raw/videos/pexels_13258685_traffic_in_city.mp4,1760,35.2,Taipei,data/interim/v2_targeted_annotation/mined/taipei_frame_001760.jpg,fb9c4d8afce073d8ef23218e12288ad0f263db13203155c2c1ba1e738a984ac9,2b2b1aac4f2a0c4c,V2_FRAME_DUP_00118,1,DIFFICULT_HEURISTIC,car;motorcycle;person,CROSSWALK;INTERSECTION;MULTIPLE_PERSON;OCCLUSION;PERSON_CAR;PERSON_MOTORCYCLE;PERSON_PRESENT,HEURISTIC;MODEL_ASSISTED,False,NOT_SELECTED_BALANCE,FINAL_SCENE_METHOD_BALANCE,NOT_ANNOTATED,21.55,279.014
taipei_frame_001770,pexels_13258685_traffic_in_city,data/raw/videos/pexels_13258685_traffic_in_city.mp4,1770,35.4,Taipei,data/interim/v2_targeted_annotation/mined/taipei_frame_001770.jpg,2683655fc8fb92979b144c8ee43977232b6ede263a5ac639c4b74eda611eaeb0,2b2b1aac4f2a0c4c,V2_FRAME_DUP_00119,1,DIFFICULT_HEURISTIC,car;motorcycle;person,CROSSWALK;INTERSECTION;MULTIPLE_PERSON;OCCLUSION;PERSON_CAR;PERSON_MOTORCYCLE;PERSON_PRESENT,HEURISTIC;MODEL_ASSISTED,False,NOT_SELECTED_BALANCE,FINAL_SCENE_METHOD_BALANCE,NOT_ANNOTATED,24.85,283.991
taipei_frame_001783,pexels_13258685_traffic_in_city,data/raw/videos/pexels_13258685_traffic_in_city.mp4,1783,35.66,Taipei,data/interim/v2_targeted_annotation/mined/taipei_frame_001783.jpg,8c7916b53f65c11f0265e09f611c9414234a8317ff84970ce82025e268b14e1b,2b2b1aac4f2a0c4c,V2_FRAME_DUP_00120,1,DIFFICULT_HEURISTIC,car;motorcycle;person,CROSSWALK;INTERSECTION;MULTIPLE_PERSON;OCCLUSION;PERSON_CAR;PERSON_MOTORCYCLE;PERSON_PRESENT,HEURISTIC;MODEL_ASSISTED,False,NOT_SELECTED_BALANCE,FINAL_SCENE_METHOD_BALANCE,NOT_ANNOTATED,24.7,278.501
taipei_frame_001800,pexels_13258685_traffic_in_city,data/raw/videos/pexels_13258685_traffic_in_city.mp4,1800,36.0,Taipei,data/interim/v2_targeted_annotation/images/taipei_frame_001800.jpg,797191d5890b86d9192111536e61b2217adf5af690c3b65a4550e9006c36c203,2b2b1aac4f2a0c4c,V2_FRAME_DUP_00121,1,SYSTEMATIC_TEMPORAL,car;motorcycle;person,CROSSWALK;INTERSECTION;MULTIPLE_PERSON;OCCLUSION;PERSON_CAR;PERSON_MOTORCYCLE;PERSON_PRESENT,HEURISTIC;MODEL_ASSISTED;SYSTEMATIC,False,SELECTED_FOR_ANNOTATION,COVERAGE_BALANCED_DUPLICATE_REPRESENTATIVE,NOT_ANNOTATED,25.7,278.4
taipei_frame_001810,pexels_13258685_traffic_in_city,data/raw/videos/pexels_13258685_traffic_in_city.mp4,1810,36.2,Taipei,data/interim/v2_targeted_annotation/mined/taipei_frame_001810.jpg,cd0fe5e01f2c183e8eaf82791f5f8665fd49761d843013fa40bea290a2dc4f05,2b2b1aac4f2a0c4c,V2_FRAME_DUP_00122,1,DIFFICULT_HEURISTIC,car;motorcycle;person,CROSSWALK;INTERSECTION;MULTIPLE_PERSON;OCCLUSION;PERSON_CAR;PERSON_MOTORCYCLE;PERSON_PRESENT,HEURISTIC;MODEL_ASSISTED,False,NOT_SELECTED_BALANCE,FINAL_SCENE_METHOD_BALANCE,NOT_ANNOTATED,21.55,279.524
taipei_frame_001820,pexels_13258685_traffic_in_city,data/raw/videos/pexels_13258685_traffic_in_city.mp4,1820,36.4,Taipei,data/interim/v2_targeted_annotation/mined/taipei_frame_001820.jpg,4a16c1493ef9f17890a572cadbaf9f7f89b25a93f10c244bcb99907ea5113ab3,2b2b1aac4f2a0c4c,V2_FRAME_DUP_00123,1,DIFFICULT_HEURISTIC,car;motorcycle;person,CROSSWALK;INTERSECTION;MULTIPLE_PERSON;OCCLUSION;PERSON_CAR;PERSON_MOTORCYCLE;PERSON_PRESENT,HEURISTIC;MODEL_ASSISTED,False,NOT_SELECTED_BALANCE,FINAL_SCENE_METHOD_BALANCE,NOT_ANNOTATED,18.4,294.384
taipei_frame_001830,pexels_13258685_traffic_in_city,data/raw/videos/pexels_13258685_traffic_in_city.mp4,1830,36.6,Taipei,data/interim/v2_targeted_annotation/mined/taipei_frame_001830.jpg,4d392557e5a241ac2bc2ba940e5f9317e66a4db07021e747cdf0be4a35a4838c,2b2b1aac4f2a0c4c,V2_FRAME_DUP_00124,1,DIFFICULT_HEURISTIC,car;motorcycle;person,CROSSWALK;INTERSECTION;MULTIPLE_PERSON;OCCLUSION;PERSON_CAR;PERSON_MOTORCYCLE;PERSON_PRESENT,HEURISTIC;MODEL_ASSISTED,False,NOT_SELECTED_BALANCE,FINAL_SCENE_METHOD_BALANCE,NOT_ANNOTATED,18.4,289.471
taipei_frame_001840,pexels_13258685_traffic_in_city,data/raw/videos/pexels_13258685_traffic_in_city.mp4,1840,36.8,Taipei,data/interim/v2_targeted_annotation/mined/taipei_frame_001840.jpg,87c49c673a3e5255a48af709a4152b226dbd8dda93c22c415aea6d425fa7880c,2b2b1aac4f2a0c4c,V2_FRAME_DUP_00125,1,DIFFICULT_HEURISTIC,car;motorcycle;person,CROSSWALK;INTERSECTION;MULTIPLE_PERSON;OCCLUSION;PERSON_CAR;PERSON_MOTORCYCLE;PERSON_PRESENT,HEURISTIC;MODEL_ASSISTED,False,NOT_SELECTED_BALANCE,FINAL_SCENE_METHOD_BALANCE,NOT_ANNOTATED,18.4,283.599
taipei_frame_001850,pexels_13258685_traffic_in_city,data/raw/videos/pexels_13258685_traffic_in_city.mp4,1850,37.0,Taipei,data/interim/v2_targeted_annotation/images/taipei_frame_001850.jpg,8eb753f9046700261edcd4c3c6ced85bad410d5fb21d74237de310874dd83bbd,2b2b1aac4f2a0c4c,V2_FRAME_DUP_00126,1,SYSTEMATIC_TEMPORAL,car;motorcycle;person,CROSSWALK;INTERSECTION;MULTIPLE_PERSON;OCCLUSION;PERSON_CAR;PERSON_MOTORCYCLE;PERSON_PRESENT,HEURISTIC;MODEL_ASSISTED;SYSTEMATIC,False,SELECTED_FOR_ANNOTATION,COVERAGE_BALANCED_DUPLICATE_REPRESENTATIVE,NOT_ANNOTATED,19.55,283.702
taipei_frame_001863,pexels_13258685_traffic_in_city,data/raw/videos/pexels_13258685_traffic_in_city.mp4,1863,37.26,Taipei,data/interim/v2_targeted_annotation/images/taipei_frame_001863.jpg,6843999462741ce731942dd74f6d5a4a4e39317dbb5ed1522d6257bf28206c6e,2b2b1aac4e2a0c4c,V2_FRAME_DUP_00127,1,DIFFICULT_HEURISTIC,car;motorcycle;person,CROSSWALK;DENSE_TRAFFIC;INTERSECTION;MULTIPLE_PERSON;OCCLUSION;PERSON_CAR;PERSON_MOTORCYCLE;PERSON_PRESENT;SMALL_PERSON,HEURISTIC;MODEL_ASSISTED,False,SELECTED_FOR_ANNOTATION,COVERAGE_BALANCED_DUPLICATE_REPRESENTATIVE,NOT_ANNOTATED,30.15,273.506
taipei_frame_001873,pexels_13258685_traffic_in_city,data/raw/videos/pexels_13258685_traffic_in_city.mp4,1873,37.46,Taipei,data/interim/v2_targeted_annotation/mined/taipei_frame_001873.jpg,426f50d0b4d15e9c072d3aec831eacab91e450ad28c0a98c8f12cec0a838ffe5,2b2b1aad4e2a0c4c,V2_FRAME_DUP_00128,1,DIFFICULT_HEURISTIC,motorcycle;person,CROSSWALK;INTERSECTION;MULTIPLE_PERSON;OCCLUSION;PERSON_MOTORCYCLE;PERSON_PRESENT,HEURISTIC;MODEL_ASSISTED,False,NOT_SELECTED_BALANCE,FINAL_SCENE_METHOD_BALANCE,NOT_ANNOTATED,21.55,275.708
taipei_frame_001883,pexels_13258685_traffic_in_city,data/raw/videos/pexels_13258685_traffic_in_city.mp4,1883,37.66,Taipei,data/interim/v2_targeted_annotation/mined/taipei_frame_001883.jpg,8bb2131e3a62809ce67f1d3291bd2422cc7de44e8bdfb3ac9af315ad518bbffa,2b2b1aac4f280c4c,V2_FRAME_DUP_00129,1,DIFFICULT_HEURISTIC,motorcycle;person,CROSSWALK;INTERSECTION;MULTIPLE_PERSON;OCCLUSION;PERSON_MOTORCYCLE;PERSON_PRESENT,HEURISTIC;MODEL_ASSISTED,False,NOT_SELECTED_BALANCE,FINAL_SCENE_METHOD_BALANCE,NOT_ANNOTATED,21.55,271.733
taipei_frame_001900,pexels_13258685_traffic_in_city,data/raw/videos/pexels_13258685_traffic_in_city.mp4,1900,38.0,Taipei,data/interim/v2_targeted_annotation/images/taipei_frame_001900.jpg,678022e7075be3ecc07eff1f75714d03764bbca196a320faf4399535699383fb,2b2b1aac4f29094c,V2_FRAME_DUP_00130,1,SYSTEMATIC_TEMPORAL,car;motorcycle;person,CROSSWALK;INTERSECTION;MULTIPLE_PERSON;OCCLUSION;PERSON_CAR;PERSON_MOTORCYCLE;PERSON_PRESENT,HEURISTIC;MODEL_ASSISTED;SYSTEMATIC,False,SELECTED_FOR_ANNOTATION,COVERAGE_BALANCED_DUPLICATE_REPRESENTATIVE,NOT_ANNOTATED,22.7,273.321
taipei_frame_001911,pexels_13258685_traffic_in_city,data/raw/videos/pexels_13258685_traffic_in_city.mp4,1911,38.22,Taipei,data/interim/v2_targeted_annotation/mined/taipei_frame_001911.jpg,e13c7f6d382f30d99d09725c15cbf5a48a6952baee71edfc4d136af9074eedc2,2b2b1aac4f29094c,V2_FRAME_DUP_00131,1,DIFFICULT_HEURISTIC,car;motorcycle;person,CROSSWALK;INTERSECTION;MULTIPLE_PERSON;OCCLUSION;PERSON_CAR;PERSON_MOTORCYCLE;PERSON_PRESENT,HEURISTIC;MODEL_ASSISTED,False,NOT_SELECTED_BALANCE,FINAL_SCENE_METHOD_BALANCE,NOT_ANNOTATED,24.85,282.66
taipei_frame_001921,pexels_13258685_traffic_in_city,data/raw/videos/pexels_13258685_traffic_in_city.mp4,1921,38.42,Taipei,data/interim/v2_targeted_annotation/mined/taipei_frame_001921.jpg,e5fe9f9998ac6dbe6ff9267ee72729832a54accf1e0eb5b57f71b9293dbd56ab,2b2b1aac4f290d4c,V2_FRAME_DUP_00132,1,DIFFICULT_HEURISTIC,car;motorcycle;person,CROSSWALK;INTERSECTION;MULTIPLE_PERSON;OCCLUSION;PERSON_CAR;PERSON_MOTORCYCLE;PERSON_PRESENT,HEURISTIC;MODEL_ASSISTED,False,NOT_SELECTED_BALANCE,FINAL_SCENE_METHOD_BALANCE,NOT_ANNOTATED,24.85,288.421
taipei_frame_001935,pexels_13258685_traffic_in_city,data/raw/videos/pexels_13258685_traffic_in_city.mp4,1935,38.7,Taipei,data/interim/v2_targeted_annotation/mined/taipei_frame_001935.jpg,a13d4be5110c934178243de1f8d048004bd775b21a3e678e4d293ed6d3694f54,2b2b1aa84f2b0fcc,V2_FRAME_DUP_00133,1,DIFFICULT_HEURISTIC,car;motorcycle;person,CROSSWALK;INTERSECTION;MULTIPLE_PERSON;OCCLUSION;PERSON_CAR;PERSON_MOTORCYCLE;PERSON_PRESENT,HEURISTIC;MODEL_ASSISTED,False,NOT_SELECTED_BALANCE,FINAL_SCENE_METHOD_BALANCE,NOT_ANNOTATED,21.85,277.711
taipei_frame_001950,pexels_13258685_traffic_in_city,data/raw/videos/pexels_13258685_traffic_in_city.mp4,1950,39.0,Taipei,data/interim/v2_targeted_annotation/images/taipei_frame_001950.jpg,bf50b24d98a9fd039b1b0de26939435efd7b7245d0e643b54e03a439e27c66f9,2b2b1aac4f220f6c,V2_FRAME_DUP_00134,1,SYSTEMATIC_TEMPORAL,car;motorcycle;person,CROSSWALK;INTERSECTION;MULTIPLE_PERSON;OCCLUSION;PERSON_CAR;PERSON_MOTORCYCLE;PERSON_PRESENT,HEURISTIC;MODEL_ASSISTED;SYSTEMATIC,False,SELECTED_FOR_ANNOTATION,COVERAGE_BALANCED_DUPLICATE_REPRESENTATIVE,NOT_ANNOTATED,22.85,288.986
taipei_frame_001960,pexels_13258685_traffic_in_city,data/raw/videos/pexels_13258685_traffic_in_city.mp4,1960,39.2,Taipei,data/interim/v2_targeted_annotation/mined/taipei_frame_001960.jpg,823e4fc8bfe660cfe815f5153253d2f338a95ee1c0b8aae6942474c66559c2aa,2b2b1aac4f220f6c,V2_FRAME_DUP_00135,1,DIFFICULT_HEURISTIC,car;motorcycle;person,CROSSWALK;INTERSECTION;MULTIPLE_PERSON;OCCLUSION;PERSON_CAR;PERSON_MOTORCYCLE;PERSON_PRESENT,HEURISTIC;MODEL_ASSISTED,False,NOT_SELECTED_BALANCE,FINAL_SCENE_METHOD_BALANCE,NOT_ANNOTATED,21.85,282.128
taipei_frame_001971,pexels_13258685_traffic_in_city,data/raw/videos/pexels_13258685_traffic_in_city.mp4,1971,39.42,Taipei,data/interim/v2_targeted_annotation/mined/taipei_frame_001971.jpg,3af902e5187bb11414c1f6521ff908215a875cc8b68d8fc4cd6464de12b5c6c3,2b2b1aac4f220f6c,V2_FRAME_DUP_00136,1,DIFFICULT_HEURISTIC,car;motorcycle;person,CROSSWALK;INTERSECTION;MULTIPLE_PERSON;OCCLUSION;PERSON_CAR;PERSON_MOTORCYCLE;PERSON_PRESENT,HEURISTIC;MODEL_ASSISTED,False,NOT_SELECTED_BALANCE,FINAL_SCENE_METHOD_BALANCE,NOT_ANNOTATED,21.85,298.916
taipei_frame_001984,pexels_13258685_traffic_in_city,data/raw/videos/pexels_13258685_traffic_in_city.mp4,1984,39.68,Taipei,data/interim/v2_targeted_annotation/images/taipei_frame_001984.jpg,b355dfc7b98bfe02bc90025b039103d4a4652c65e47e0afae4898b55a277351d,ab2b1aac4f220f6e,V2_FRAME_DUP_00137,1,DIFFICULT_HEURISTIC,car;motorcycle;person,CROSSWALK;DENSE_TRAFFIC;INTERSECTION;MULTIPLE_PERSON;OCCLUSION;PERSON_CAR;PERSON_MOTORCYCLE;PERSON_PRESENT,HEURISTIC;MODEL_ASSISTED,False,SELECTED_FOR_ANNOTATION,COVERAGE_BALANCED_DUPLICATE_REPRESENTATIVE,NOT_ANNOTATED,30.15,282.365
taipei_frame_002000,pexels_13258685_traffic_in_city,data/raw/videos/pexels_13258685_traffic_in_city.mp4,2000,40.0,Taipei,data/interim/v2_targeted_annotation/images/taipei_frame_002000.jpg,4dba65a1a09b95837f350ce0b061f71ab7c8b3cdcefa19f930531cd762ae23ab,6bab3aeccfa28bee,V2_FRAME_DUP_00138,1,SYSTEMATIC_TEMPORAL,car;motorcycle;person,CROSSWALK;INTERSECTION;MULTIPLE_PERSON;OCCLUSION;PERSON_CAR;PERSON_MOTORCYCLE;PERSON_PRESENT,HEURISTIC;MODEL_ASSISTED;SYSTEMATIC,False,SELECTED_FOR_ANNOTATION,COVERAGE_BALANCED_DUPLICATE_REPRESENTATIVE,NOT_ANNOTATED,22.55,256.353
taipei_frame_002010,pexels_13258685_traffic_in_city,data/raw/videos/pexels_13258685_traffic_in_city.mp4,2010,40.2,Taipei,data/interim/v2_targeted_annotation/mined/taipei_frame_002010.jpg,88368ae611897bc57b9c82cd309fd695dde97607e179b38ca28f8051d9e52953,bb6bbaec2f222b6e,V2_FRAME_DUP_00139,1,DIFFICULT_HEURISTIC,bus;car;motorcycle;person,CROSSWALK;INTERSECTION;MULTIPLE_PERSON;OCCLUSION;PERSON_CAR;PERSON_MOTORCYCLE;PERSON_PRESENT,HEURISTIC;MODEL_ASSISTED,False,NOT_SELECTED_BALANCE,FINAL_SCENE_METHOD_BALANCE,NOT_ANNOTATED,15.55,234.079
taipei_frame_002027,pexels_13258685_traffic_in_city,data/raw/videos/pexels_13258685_traffic_in_city.mp4,2027,40.54,Taipei,data/interim/v2_targeted_annotation/images/taipei_frame_002027.jpg,b29ef1823ccf1977081a55718e5d2fc22058769e09201a0063db1d66b8a6cf1b,373b323e6f6a2b6e,V2_FRAME_DUP_00140,1,HARD_NEGATIVE_CONTEXT,bus;car;motorcycle,CROSSWALK;HARD_NEGATIVE;INTERSECTION;OCCLUSION,HEURISTIC,False,SELECTED_FOR_ANNOTATION,COVERAGE_BALANCED_DUPLICATE_REPRESENTATIVE,NOT_ANNOTATED,2.45,158.427
taipei_frame_002037,pexels_13258685_traffic_in_city,data/raw/videos/pexels_13258685_traffic_in_city.mp4,2037,40.74,Taipei,data/interim/v2_targeted_annotation/mined/taipei_frame_002037.jpg,865a8cd800554d7e7940cf6cff04100d9543debc44c2dca523f6529a9874c1bb,17575d8d93989a3f,V2_FRAME_DUP_00141,1,DIFFICULT_HEURISTIC,bus;car;person,CROSSWALK;INTERSECTION;MULTIPLE_PERSON;OCCLUSION;PERSON_CAR;PERSON_PRESENT,HEURISTIC;MODEL_ASSISTED,False,NOT_SELECTED_BALANCE,FINAL_SCENE_METHOD_BALANCE,NOT_ANNOTATED,13.25,111.328
taipei_frame_002050,pexels_13258685_traffic_in_city,data/raw/videos/pexels_13258685_traffic_in_city.mp4,2050,41.0,Taipei,data/interim/v2_targeted_annotation/images/taipei_frame_002050.jpg,143cf785f13f48593a8dabe2e81bb31c300e1f6f28552a865c1b31c6ceaec5cb,1353d3a7f4e6ca45,V2_FRAME_DUP_00142,1,SYSTEMATIC_TEMPORAL,bus;person,CROSSWALK;INTERSECTION;MULTIPLE_PERSON;OCCLUSION;PERSON_PRESENT,HEURISTIC;MODEL_ASSISTED;SYSTEMATIC,False,SELECTED_FOR_ANNOTATION,COVERAGE_BALANCED_DUPLICATE_REPRESENTATIVE,NOT_ANNOTATED,20.4,114.155
taipei_frame_002064,pexels_13258685_traffic_in_city,data/raw/videos/pexels_13258685_traffic_in_city.mp4,2064,41.28,Taipei,data/interim/v2_targeted_annotation/mined/taipei_frame_002064.jpg,1e5881fbe2014e955c01134230195727ee3115763bb42b353a6c244575d7261e,48c9f0dc7c5cd803,V2_FRAME_DUP_00143,1,DIFFICULT_HEURISTIC,person,CROSSWALK;INTERSECTION;MULTIPLE_PERSON;OCCLUSION;PERSON_PRESENT,HEURISTIC;MODEL_ASSISTED,False,NOT_SELECTED_BALANCE,FINAL_SCENE_METHOD_BALANCE,NOT_ANNOTATED,16.1,131.05
taipei_frame_002074,pexels_13258685_traffic_in_city,data/raw/videos/pexels_13258685_traffic_in_city.mp4,2074,41.48,Taipei,data/interim/v2_targeted_annotation/mined/taipei_frame_002074.jpg,f83f4af9571932b279eb3bc7582d5d38f5c72297b1b8070e5266d4b2d032cba5,537bfcf61f479469,V2_FRAME_DUP_00144,1,DIFFICULT_HEURISTIC,person,CROSSWALK;INTERSECTION;MULTIPLE_PERSON;PERSON_PRESENT,HEURISTIC;MODEL_ASSISTED,False,NOT_SELECTED_BALANCE,FINAL_SCENE_METHOD_BALANCE,NOT_ANNOTATED,11.45,157.437
taipei_frame_002085,pexels_13258685_traffic_in_city,data/raw/videos/pexels_13258685_traffic_in_city.mp4,2085,41.7,Taipei,data/interim/v2_targeted_annotation/images/taipei_frame_002085.jpg,7caf68214d3d93873351b65ca299ea1121404d532bc988162c4f61ccfb60bd53,543dfd7dc7d5e569,V2_FRAME_DUP_00145,1,MODEL_ASSISTED_POSITIVE,person,CROSSWALK;INTERSECTION;PERSON_PRESENT,HEURISTIC;MODEL_ASSISTED,False,SELECTED_FOR_ANNOTATION,COVERAGE_BALANCED_DUPLICATE_REPRESENTATIVE,NOT_ANNOTATED,3.15,139.627
taipei_frame_002095,pexels_13258685_traffic_in_city,data/raw/videos/pexels_13258685_traffic_in_city.mp4,2095,41.9,Taipei,data/interim/v2_targeted_annotation/images/taipei_frame_002095.jpg,681f280446799ec978abcc06a208569ecd545b3fb1aac2234719771c88d60195,85a7bb8f3035515f,V2_FRAME_DUP_00146,1,MODEL_ASSISTED_POSITIVE,bus,CROSSWALK;INTERSECTION,HEURISTIC;MODEL_ASSISTED,False,SELECTED_FOR_ANNOTATION,COVERAGE_BALANCED_DUPLICATE_REPRESENTATIVE,NOT_ANNOTATED,0.15,122.609
taipei_frame_002105,pexels_13258685_traffic_in_city,data/raw/videos/pexels_13258685_traffic_in_city.mp4,2105,42.1,Taipei,data/interim/v2_targeted_annotation/images/taipei_frame_002105.jpg,11246ca95482e0842fe4250d2ad7e1ce503e9e4e7e1cee8a7da1da1a9417c7c8,69296763cccdd417,V2_FRAME_DUP_00147,1,MODEL_ASSISTED_POSITIVE,bus,CROSSWALK;INTERSECTION,HEURISTIC;MODEL_ASSISTED,False,SELECTED_FOR_ANNOTATION,COVERAGE_BALANCED_DUPLICATE_REPRESENTATIVE,NOT_ANNOTATED,0.15,131.462
taipei_frame_002121,pexels_13258685_traffic_in_city,data/raw/videos/pexels_13258685_traffic_in_city.mp4,2121,42.42,Taipei,data/interim/v2_targeted_annotation/images/taipei_frame_002121.jpg,20aa7c78d33b79efc82fe682b2b2f32553fd9aea6a5db18384f159fde232b619,2e268cc49490b803,V2_FRAME_DUP_00148,1,MODEL_ASSISTED_POSITIVE,bus;person,CROSSWALK;INTERSECTION;PERSON_PRESENT,HEURISTIC;MODEL_ASSISTED,False,SELECTED_FOR_ANNOTATION,COVERAGE_BALANCED_DUPLICATE_REPRESENTATIVE,NOT_ANNOTATED,3.3,146.74
taipei_frame_002137,pexels_13258685_traffic_in_city,data/raw/videos/pexels_13258685_traffic_in_city.mp4,2137,42.74,Taipei,data/interim/v2_targeted_annotation/mined/taipei_frame_002137.jpg,f29fc44bfcde8b35cd58cd9a1620749e007ca5e5cdfa2205932ab34f4730eab8,333318ec2b3b1b48,V2_FRAME_DUP_00149,1,DIFFICULT_HEURISTIC,motorcycle;person,CROSSWALK;INTERSECTION;MULTIPLE_PERSON;OCCLUSION;PERSON_MOTORCYCLE;PERSON_PRESENT;SMALL_PERSON,HEURISTIC;MODEL_ASSISTED,False,NOT_SELECTED_BALANCE,FINAL_SCENE_METHOD_BALANCE,NOT_ANNOTATED,24.55,228.983
taipei_frame_002150,pexels_13258685_traffic_in_city,data/raw/videos/pexels_13258685_traffic_in_city.mp4,2150,43.0,Taipei,data/interim/v2_targeted_annotation/images/taipei_frame_002150.jpg,51584521be6f1e9b39cfb73f7fc9a7060de9aabbe58fb7cfc78780f3b712d357,2a2a1baf2e230b4c,V2_FRAME_DUP_00150,1,SYSTEMATIC_TEMPORAL,motorcycle;person,CROSSWALK;INTERSECTION;MULTIPLE_PERSON;OCCLUSION;PERSON_MOTORCYCLE;PERSON_PRESENT;SMALL_PERSON,HEURISTIC;MODEL_ASSISTED;SYSTEMATIC,False,SELECTED_FOR_ANNOTATION,COVERAGE_BALANCED_DUPLICATE_REPRESENTATIVE,NOT_ANNOTATED,28.85,267.613
taipei_frame_002160,pexels_13258685_traffic_in_city,data/raw/videos/pexels_13258685_traffic_in_city.mp4,2160,43.2,Taipei,data/interim/v2_targeted_annotation/mined/taipei_frame_002160.jpg,cb3b14aba68341d67cc065eaf6fbb046bb9284a67d2335d1905089081972b621,2b2b1aac2f220b4c,V2_FRAME_DUP_00151,1,DIFFICULT_HEURISTIC,car;motorcycle;person,CROSSWALK;INTERSECTION;MULTIPLE_PERSON;OCCLUSION;PERSON_CAR;PERSON_MOTORCYCLE;PERSON_PRESENT,HEURISTIC;MODEL_ASSISTED,False,NOT_SELECTED_BALANCE,FINAL_SCENE_METHOD_BALANCE,NOT_ANNOTATED,21.85,265.626
taipei_frame_002170,pexels_13258685_traffic_in_city,data/raw/videos/pexels_13258685_traffic_in_city.mp4,2170,43.4,Taipei,data/interim/v2_targeted_annotation/mined/taipei_frame_002170.jpg,b69c927898a6ebab87da4aa155845878f67a12edaffab8bb9efdd17f4b602a3d,2b2b1aac0f220b4c,V2_FRAME_DUP_00152,1,DIFFICULT_HEURISTIC,car;motorcycle;person,CROSSWALK;INTERSECTION;MULTIPLE_PERSON;OCCLUSION;PERSON_CAR;PERSON_MOTORCYCLE;PERSON_PRESENT,HEURISTIC;MODEL_ASSISTED,False,NOT_SELECTED_BALANCE,FINAL_SCENE_METHOD_BALANCE,NOT_ANNOTATED,24.85,272.296
taipei_frame_002181,pexels_13258685_traffic_in_city,data/raw/videos/pexels_13258685_traffic_in_city.mp4,2181,43.62,Taipei,data/interim/v2_targeted_annotation/mined/taipei_frame_002181.jpg,17370cb238bc46e350f23264e8578635ec15ff9ea28d78cf527ee6246cb6b978,2b2b1aac0f220b4c,V2_FRAME_DUP_00153,1,DIFFICULT_HEURISTIC,car;motorcycle;person,CROSSWALK;DENSE_TRAFFIC;INTERSECTION;MULTIPLE_PERSON;OCCLUSION;PERSON_CAR;PERSON_MOTORCYCLE;PERSON_PRESENT,HEURISTIC;MODEL_ASSISTED,False,NOT_SELECTED_BALANCE,FINAL_SCENE_METHOD_BALANCE,NOT_ANNOTATED,24.0,269.163
taipei_frame_002200,pexels_13258685_traffic_in_city,data/raw/videos/pexels_13258685_traffic_in_city.mp4,2200,44.0,Taipei,data/interim/v2_targeted_annotation/images/taipei_frame_002200.jpg,5a007e7679e8f52d416194529fcbca1395272e0f63a71c161a3d069ff20e0d4e,2b2b12ac0f220b4c,V2_FRAME_DUP_00154,1,SYSTEMATIC_TEMPORAL,car;motorcycle;person,CROSSWALK;INTERSECTION;MULTIPLE_PERSON;OCCLUSION;PERSON_CAR;PERSON_MOTORCYCLE;PERSON_PRESENT,HEURISTIC;MODEL_ASSISTED;SYSTEMATIC,False,SELECTED_FOR_ANNOTATION,COVERAGE_BALANCED_DUPLICATE_REPRESENTATIVE,NOT_ANNOTATED,22.85,282.131
taipei_frame_002212,pexels_13258685_traffic_in_city,data/raw/videos/pexels_13258685_traffic_in_city.mp4,2212,44.24,Taipei,data/interim/v2_targeted_annotation/mined/taipei_frame_002212.jpg,fec9e3ce4c9b5106aa5feaddee795d237028081ad83ae78be94a95cb5698d60d,2b2b12ac0f220b4c,V2_FRAME_DUP_00155,1,DIFFICULT_HEURISTIC,car;motorcycle;person,CROSSWALK;DENSE_TRAFFIC;INTERSECTION;MULTIPLE_PERSON;OCCLUSION;PERSON_CAR;PERSON_MOTORCYCLE;PERSON_PRESENT,HEURISTIC;MODEL_ASSISTED,False,NOT_SELECTED_BALANCE,FINAL_SCENE_METHOD_BALANCE,NOT_ANNOTATED,24.0,284.984
taipei_frame_002223,pexels_13258685_traffic_in_city,data/raw/videos/pexels_13258685_traffic_in_city.mp4,2223,44.46,Taipei,data/interim/v2_targeted_annotation/mined/taipei_frame_002223.jpg,7ecaace6310beabe797b47b51e55c62b12d0435f56e5d98627602fc5ba8b6634,2b2b12ac0f220b4c,V2_FRAME_DUP_00156,1,DIFFICULT_HEURISTIC,car;motorcycle;person,CROSSWALK;INTERSECTION;MULTIPLE_PERSON;OCCLUSION;PERSON_CAR;PERSON_MOTORCYCLE;PERSON_PRESENT,HEURISTIC;MODEL_ASSISTED,False,NOT_SELECTED_BALANCE,FINAL_SCENE_METHOD_BALANCE,NOT_ANNOTATED,21.85,283.508
taipei_frame_002236,pexels_13258685_traffic_in_city,data/raw/videos/pexels_13258685_traffic_in_city.mp4,2236,44.72,Taipei,data/interim/v2_targeted_annotation/images/taipei_frame_002236.jpg,04a636889e0b2ad8823e16591750bdea467c98b7cfed13fdd4bb77b6c2e2ad65,2b2b1aac0f220b4c,V2_FRAME_DUP_00157,1,DIFFICULT_HEURISTIC,car;motorcycle;person,CROSSWALK;DENSE_TRAFFIC;INTERSECTION;MULTIPLE_PERSON;OCCLUSION;PERSON_CAR;PERSON_MOTORCYCLE;PERSON_PRESENT;SMALL_PERSON,HEURISTIC;MODEL_ASSISTED,False,SELECTED_FOR_ANNOTATION,COVERAGE_BALANCED_DUPLICATE_REPRESENTATIVE,NOT_ANNOTATED,33.15,269.306
taipei_frame_002246,pexels_13258685_traffic_in_city,data/raw/videos/pexels_13258685_traffic_in_city.mp4,2246,44.92,Taipei,data/interim/v2_targeted_annotation/images/taipei_frame_002246.jpg,50604307664582f652b2477821e3fa87a91630919541c0543223eb341ed2c412,2b2b1aac0f220b4c,V2_FRAME_DUP_00158,1,DIFFICULT_HEURISTIC,car;motorcycle;person,CROSSWALK;DENSE_TRAFFIC;INTERSECTION;MULTIPLE_PERSON;OCCLUSION;PERSON_CAR;PERSON_MOTORCYCLE;PERSON_PRESENT;SMALL_PERSON,HEURISTIC;MODEL_ASSISTED,False,SELECTED_FOR_ANNOTATION,COVERAGE_BALANCED_DUPLICATE_REPRESENTATIVE,NOT_ANNOTATED,30.0,271.915
taipei_frame_002256,pexels_13258685_traffic_in_city,data/raw/videos/pexels_13258685_traffic_in_city.mp4,2256,45.12,Taipei,data/interim/v2_targeted_annotation/images/taipei_frame_002256.jpg,9d53c38b47c7fde777f632d43e1fea5b7f7ab4fadb972cb2506668498fb571b9,2b2b1aac0f220b4c,V2_FRAME_DUP_00159,1,DIFFICULT_HEURISTIC,car;motorcycle;person,CROSSWALK;DENSE_TRAFFIC;INTERSECTION;MULTIPLE_PERSON;OCCLUSION;PERSON_CAR;PERSON_MOTORCYCLE;PERSON_PRESENT;SMALL_PERSON,HEURISTIC;MODEL_ASSISTED,False,SELECTED_FOR_ANNOTATION,COVERAGE_BALANCED_DUPLICATE_REPRESENTATIVE,NOT_ANNOTATED,36.3,277.18
taipei_frame_002268,pexels_13258685_traffic_in_city,data/raw/videos/pexels_13258685_traffic_in_city.mp4,2268,45.36,Taipei,data/interim/v2_targeted_annotation/images/taipei_frame_002268.jpg,34b5a533871b9c3e9c7109266b19eed0e2bd341e806184dfe1ddda3aff19d395,2b2b1aac2f220b4c,V2_FRAME_DUP_00160,1,DIFFICULT_HEURISTIC,car;motorcycle;person,CROSSWALK;DENSE_TRAFFIC;INTERSECTION;MULTIPLE_PERSON;OCCLUSION;PERSON_CAR;PERSON_MOTORCYCLE;PERSON_PRESENT;SMALL_PERSON,HEURISTIC;MODEL_ASSISTED,False,SELECTED_FOR_ANNOTATION,COVERAGE_BALANCED_DUPLICATE_REPRESENTATIVE,NOT_ANNOTATED,36.3,310.798
taipei_frame_002278,pexels_13258685_traffic_in_city,data/raw/videos/pexels_13258685_traffic_in_city.mp4,2278,45.56,Taipei,data/interim/v2_targeted_annotation/images/taipei_frame_002278.jpg,8822e9c45b0ef98eafa9257c9e4ee98664f151b8d1143e99ab333bbc3243b94d,2b2b1aac2f220b4c,V2_FRAME_DUP_00161,1,DIFFICULT_HEURISTIC,car;motorcycle;person,CROSSWALK;DENSE_TRAFFIC;INTERSECTION;MULTIPLE_PERSON;OCCLUSION;PERSON_CAR;PERSON_MOTORCYCLE;PERSON_PRESENT;SMALL_PERSON,HEURISTIC;MODEL_ASSISTED,False,SELECTED_FOR_ANNOTATION,COVERAGE_BALANCED_DUPLICATE_REPRESENTATIVE,NOT_ANNOTATED,33.15,296.495
taipei_frame_002290,pexels_13258685_traffic_in_city,data/raw/videos/pexels_13258685_traffic_in_city.mp4,2290,45.8,Taipei,data/interim/v2_targeted_annotation/images/taipei_frame_002290.jpg,13c1e466dfbe01fcd4d5f2ed22d36da7d9575115fb09c0b4858655999d8eed9b,2b2b1aac2f220b6c,V2_FRAME_DUP_00162,1,DIFFICULT_HEURISTIC,car;motorcycle;person,CROSSWALK;DENSE_TRAFFIC;INTERSECTION;MULTIPLE_PERSON;OCCLUSION;PERSON_CAR;PERSON_MOTORCYCLE;PERSON_PRESENT;SMALL_PERSON,HEURISTIC;MODEL_ASSISTED,False,SELECTED_FOR_ANNOTATION,COVERAGE_BALANCED_DUPLICATE_REPRESENTATIVE,NOT_ANNOTATED,33.15,289.95
taipei_frame_002300,pexels_13258685_traffic_in_city,data/raw/videos/pexels_13258685_traffic_in_city.mp4,2300,46.0,Taipei,data/interim/v2_targeted_annotation/images/taipei_frame_002300.jpg,fec9faf2348ccaf7e69aa1bdd4e1239c7812c5dc1e474159f372952cb4164967,2b2b1aac0f220b6c,V2_FRAME_DUP_00163,1,SYSTEMATIC_TEMPORAL,car;motorcycle;person,CROSSWALK;DENSE_TRAFFIC;INTERSECTION;MULTIPLE_PERSON;OCCLUSION;PERSON_CAR;PERSON_MOTORCYCLE;PERSON_PRESENT;SMALL_PERSON,HEURISTIC;MODEL_ASSISTED;SYSTEMATIC,False,SELECTED_FOR_ANNOTATION,COVERAGE_BALANCED_DUPLICATE_REPRESENTATIVE,NOT_ANNOTATED,31.0,290.284
taipei_frame_002314,pexels_13258685_traffic_in_city,data/raw/videos/pexels_13258685_traffic_in_city.mp4,2314,46.28,Taipei,data/interim/v2_targeted_annotation/mined/taipei_frame_002314.jpg,cbf6a7d2bcd2d4a11afc490df97242d0101a3247442c709fe7bac441f48b9d0b,2b2b1aac0f220b4e,V2_FRAME_DUP_00164,1,DIFFICULT_HEURISTIC,car;motorcycle;person,CROSSWALK;DENSE_TRAFFIC;INTERSECTION;MULTIPLE_PERSON;OCCLUSION;PERSON_CAR;PERSON_MOTORCYCLE;PERSON_PRESENT,HEURISTIC;MODEL_ASSISTED,False,NOT_SELECTED_BALANCE,FINAL_SCENE_METHOD_BALANCE,NOT_ANNOTATED,24.0,282.2
taipei_frame_002324,pexels_13258685_traffic_in_city,data/raw/videos/pexels_13258685_traffic_in_city.mp4,2324,46.48,Taipei,data/interim/v2_targeted_annotation/mined/taipei_frame_002324.jpg,517208a1f2d4ad43a1afb2fac8cb04a5a72804fada1dc4db8043562953384ea3,eb6b9aac8f220b4e,V2_FRAME_DUP_00165,1,DIFFICULT_HEURISTIC,car;motorcycle;person,CROSSWALK;INTERSECTION;MULTIPLE_PERSON;OCCLUSION;PERSON_CAR;PERSON_MOTORCYCLE;PERSON_PRESENT,HEURISTIC;MODEL_ASSISTED,False,NOT_SELECTED_BALANCE,FINAL_SCENE_METHOD_BALANCE,NOT_ANNOTATED,18.55,271.129
taipei_frame_002334,pexels_13258685_traffic_in_city,data/raw/videos/pexels_13258685_traffic_in_city.mp4,2334,46.68,Taipei,data/interim/v2_targeted_annotation/mined/taipei_frame_002334.jpg,92a7fffb45ceff7ae6193e1485a758077fc7bdecb8c617904d019613567634f2,3b7b1aac6f224bec,V2_FRAME_DUP_00166,1,DIFFICULT_HEURISTIC,car;motorcycle;person,CROSSWALK;INTERSECTION;MULTIPLE_PERSON;OCCLUSION;PERSON_CAR;PERSON_MOTORCYCLE;PERSON_PRESENT;SMALL_PERSON,HEURISTIC;MODEL_ASSISTED,False,NOT_SELECTED_BALANCE,FINAL_SCENE_METHOD_BALANCE,NOT_ANNOTATED,21.4,227.699
taipei_frame_002352,pexels_13258685_traffic_in_city,data/raw/videos/pexels_13258685_traffic_in_city.mp4,2352,47.04,Taipei,data/interim/v2_targeted_annotation/images/taipei_frame_002352.jpg,f964acc5aad68abe6030b3130aa79059d2a89a748c660cf66fdb65b11cbf4f83,3763723c476aab6e,V2_FRAME_DUP_00167,1,HARD_NEGATIVE_CONTEXT,bus;car;motorcycle,CROSSWALK;HARD_NEGATIVE;INTERSECTION;OCCLUSION,HEURISTIC,False,SELECTED_FOR_ANNOTATION,COVERAGE_BALANCED_DUPLICATE_REPRESENTATIVE,NOT_ANNOTATED,2.45,141.452
taipei_frame_002364,pexels_13258685_traffic_in_city,data/raw/videos/pexels_13258685_traffic_in_city.mp4,2364,47.28,Taipei,data/interim/v2_targeted_annotation/images/taipei_frame_002364.jpg,c28c7caa86516407b10ba865ba6dc5e774f021c19d1c055184319408257dfaa0,4c8ace4e0b0a891b,V2_FRAME_DUP_00168,1,MODEL_ASSISTED_POSITIVE,bus,CROSSWALK;INTERSECTION,HEURISTIC;MODEL_ASSISTED,False,SELECTED_FOR_ANNOTATION,COVERAGE_BALANCED_DUPLICATE_REPRESENTATIVE,NOT_ANNOTATED,0.15,94.227
taipei_frame_002374,pexels_13258685_traffic_in_city,data/raw/videos/pexels_13258685_traffic_in_city.mp4,2374,47.48,Taipei,data/interim/v2_targeted_annotation/images/taipei_frame_002374.jpg,79bdb0f9839ef9bf4940756e8c13b2a8034655777f6b819a5b7117612af12e15,d1e273c36282a347,V2_FRAME_DUP_00169,1,MODEL_ASSISTED_POSITIVE,bus,CROSSWALK;INTERSECTION,HEURISTIC;MODEL_ASSISTED,False,SELECTED_FOR_ANNOTATION,COVERAGE_BALANCED_DUPLICATE_REPRESENTATIVE,NOT_ANNOTATED,0.15,97.278
taipei_frame_002385,pexels_13258685_traffic_in_city,data/raw/videos/pexels_13258685_traffic_in_city.mp4,2385,47.7,Taipei,data/interim/v2_targeted_annotation/images/taipei_frame_002385.jpg,914226ff5e73a965dd8e19dcb1e0c139eebb93ff11bc49cf54a80df2b1211960,f2aaaeaac8e82949,V2_FRAME_DUP_00170,1,MODEL_ASSISTED_POSITIVE,bus,CROSSWALK;INTERSECTION,HEURISTIC;MODEL_ASSISTED,False,SELECTED_FOR_ANNOTATION,COVERAGE_BALANCED_DUPLICATE_REPRESENTATIVE,NOT_ANNOTATED,0.15,99.98
taipei_frame_002404,pexels_13258685_traffic_in_city,data/raw/videos/pexels_13258685_traffic_in_city.mp4,2404,48.08,Taipei,data/interim/v2_targeted_annotation/images/taipei_frame_002404.jpg,33aca1d024e6d2a4bc7aeaebfac97d5760a6fdaac9fd05c10ddeb1690d4f86f4,5f6a7e57d8e0436d,V2_FRAME_DUP_00171,1,MODEL_ASSISTED_POSITIVE,truck,CROSSWALK;INTERSECTION,HEURISTIC;MODEL_ASSISTED,False,SELECTED_FOR_ANNOTATION,COVERAGE_BALANCED_DUPLICATE_REPRESENTATIVE,NOT_ANNOTATED,0.15,110.499
taipei_frame_002415,pexels_13258685_traffic_in_city,data/raw/videos/pexels_13258685_traffic_in_city.mp4,2415,48.3,Taipei,data/interim/v2_targeted_annotation/images/taipei_frame_002415.jpg,6bcf68733ae31230396486d56799ef9e253fb86ac6c9da679d36ca70c9f83b8c,4b4bcbcf5399282d,V2_FRAME_DUP_00172,1,MODEL_ASSISTED_POSITIVE,bus,CROSSWALK;INTERSECTION,HEURISTIC;MODEL_ASSISTED,False,SELECTED_FOR_ANNOTATION,COVERAGE_BALANCED_DUPLICATE_REPRESENTATIVE,NOT_ANNOTATED,0.15,114.783
taipei_frame_002426,pexels_13258685_traffic_in_city,data/raw/videos/pexels_13258685_traffic_in_city.mp4,2426,48.52,Taipei,data/interim/v2_targeted_annotation/images/taipei_frame_002426.jpg,cb4d67c166e47f3c5c3f5f807c6a165bd9708e5fb9343c3f89910ec0e16e9b59,b9fb3a11e2f3e705,V2_FRAME_DUP_00173,1,MODEL_ASSISTED_POSITIVE,bus,CROSSWALK;INTERSECTION,HEURISTIC;MODEL_ASSISTED,False,SELECTED_FOR_ANNOTATION,COVERAGE_BALANCED_DUPLICATE_REPRESENTATIVE,NOT_ANNOTATED,0.15,121.408
taipei_frame_002437,pexels_13258685_traffic_in_city,data/raw/videos/pexels_13258685_traffic_in_city.mp4,2437,48.74,Taipei,data/interim/v2_targeted_annotation/images/taipei_frame_002437.jpg,d5a481b8a776f3aa42a315cb4e99e44724d4cf1869ed6dcefef5e63738b3257a,9b9bc6e6585cd845,V2_FRAME_DUP_00174,1,HARD_NEGATIVE_CONTEXT,bus;motorcycle,CROSSWALK;HARD_NEGATIVE;INTERSECTION;OCCLUSION,HEURISTIC,False,SELECTED_FOR_ANNOTATION,COVERAGE_BALANCED_DUPLICATE_REPRESENTATIVE,NOT_ANNOTATED,2.45,161.389
taipei_frame_002450,pexels_13258685_traffic_in_city,data/raw/videos/pexels_13258685_traffic_in_city.mp4,2450,49.0,Taipei,data/interim/v2_targeted_annotation/images/taipei_frame_002450.jpg,d8b55fb6d2647856e9466d0242df2b972188718fdd7bc910f0688acd89508c0e,2b2318ae0d290948,V2_FRAME_DUP_00175,1,SYSTEMATIC_TEMPORAL,motorcycle;person,CROSSWALK;INTERSECTION;MULTIPLE_PERSON;OCCLUSION;PERSON_MOTORCYCLE;PERSON_PRESENT,HEURISTIC;MODEL_ASSISTED;SYSTEMATIC,False,SELECTED_FOR_ANNOTATION,COVERAGE_BALANCED_DUPLICATE_REPRESENTATIVE,NOT_ANNOTATED,19.4,236.577
taipei_frame_002463,pexels_13258685_traffic_in_city,data/raw/videos/pexels_13258685_traffic_in_city.mp4,2463,49.26,Taipei,data/interim/v2_targeted_annotation/mined/taipei_frame_002463.jpg,b0aaf30656510e7f8dec2ab4143c7dc59e780cdfe34293cba2f02cb2cef30da0,2b2b1bad0e220b4c,V2_FRAME_DUP_00176,1,DIFFICULT_HEURISTIC,car;motorcycle;person,CROSSWALK;DENSE_TRAFFIC;INTERSECTION;MULTIPLE_PERSON;OCCLUSION;PERSON_CAR;PERSON_MOTORCYCLE;PERSON_PRESENT,HEURISTIC;MODEL_ASSISTED,False,NOT_SELECTED_BALANCE,FINAL_SCENE_METHOD_BALANCE,NOT_ANNOTATED,24.0,256.656
taipei_frame_002478,pexels_13258685_traffic_in_city,data/raw/videos/pexels_13258685_traffic_in_city.mp4,2478,49.56,Taipei,data/interim/v2_targeted_annotation/mined/taipei_frame_002478.jpg,f2cab2ab2a8f28afe9f63ef14131522084678d8d6d94099d1bd67cd4c2cbd8af,2b2b1aac0f220b4c,V2_FRAME_DUP_00177,1,DIFFICULT_HEURISTIC,car;motorcycle;person,CROSSWALK;INTERSECTION;MULTIPLE_PERSON;OCCLUSION;PERSON_CAR;PERSON_MOTORCYCLE;PERSON_PRESENT;SMALL_PERSON,HEURISTIC;MODEL_ASSISTED,False,NOT_SELECTED_BALANCE,FINAL_SCENE_METHOD_BALANCE,NOT_ANNOTATED,24.85,258.531
taipei_frame_002489,pexels_13258685_traffic_in_city,data/raw/videos/pexels_13258685_traffic_in_city.mp4,2489,49.78,Taipei,data/interim/v2_targeted_annotation/images/taipei_frame_002489.jpg,0da075bff5c8a479993440617c512f4e8e7c205b74e19864f976d2ef2b97e88f,2b2b1aac0f220b4c,V2_FRAME_DUP_00178,1,DIFFICULT_HEURISTIC,car;motorcycle;person,CROSSWALK;DENSE_TRAFFIC;INTERSECTION;MULTIPLE_PERSON;OCCLUSION;PERSON_CAR;PERSON_MOTORCYCLE;PERSON_PRESENT;SMALL_PERSON,HEURISTIC;MODEL_ASSISTED,False,SELECTED_FOR_ANNOTATION,COVERAGE_BALANCED_DUPLICATE_REPRESENTATIVE,NOT_ANNOTATED,30.0,262.617
taipei_frame_002500,pexels_13258685_traffic_in_city,data/raw/videos/pexels_13258685_traffic_in_city.mp4,2500,50.0,Taipei,data/interim/v2_targeted_annotation/images/taipei_frame_002500.jpg,d2e7f82822b0f200c0133ac164b7bc02ba05fc202f46b5f1510cb3062e627ebd,2b2b1aac0f220b4c,V2_FRAME_DUP_00179,1,SYSTEMATIC_TEMPORAL,car;motorcycle;person,CROSSWALK;INTERSECTION;MULTIPLE_PERSON;OCCLUSION;PERSON_CAR;PERSON_MOTORCYCLE;PERSON_PRESENT;SMALL_PERSON,HEURISTIC;MODEL_ASSISTED;SYSTEMATIC,False,SELECTED_FOR_ANNOTATION,COVERAGE_BALANCED_DUPLICATE_REPRESENTATIVE,NOT_ANNOTATED,25.85,271.534
taipei_frame_002512,pexels_13258685_traffic_in_city,data/raw/videos/pexels_13258685_traffic_in_city.mp4,2512,50.24,Taipei,data/interim/v2_targeted_annotation/images/taipei_frame_002512.jpg,24fbbc61f151c199700dd7b3f0e8deda84cbea08c597d4dc78bc4380823aee0f,2b2b1aac0f220b4c,V2_FRAME_DUP_00180,1,DIFFICULT_HEURISTIC,car;motorcycle;person,CROSSWALK;DENSE_TRAFFIC;INTERSECTION;MULTIPLE_PERSON;OCCLUSION;PERSON_CAR;PERSON_MOTORCYCLE;PERSON_PRESENT;SMALL_PERSON,HEURISTIC;MODEL_ASSISTED,False,SELECTED_FOR_ANNOTATION,COVERAGE_BALANCED_DUPLICATE_REPRESENTATIVE,NOT_ANNOTATED,30.0,278.673
taipei_frame_002522,pexels_13258685_traffic_in_city,data/raw/videos/pexels_13258685_traffic_in_city.mp4,2522,50.44,Taipei,data/interim/v2_targeted_annotation/images/taipei_frame_002522.jpg,100d7aa54faeb233691c1a6491d9fa6ffe855f2250ad665f3f21bf29640232f1,2b2b1aac0f220b4c,V2_FRAME_DUP_00181,1,DIFFICULT_HEURISTIC,car;motorcycle;person,CROSSWALK;DENSE_TRAFFIC;INTERSECTION;MULTIPLE_PERSON;OCCLUSION;PERSON_CAR;PERSON_MOTORCYCLE;PERSON_PRESENT;SMALL_PERSON,HEURISTIC;MODEL_ASSISTED,False,SELECTED_FOR_ANNOTATION,COVERAGE_BALANCED_DUPLICATE_REPRESENTATIVE,NOT_ANNOTATED,30.0,273.856
taipei_frame_002534,pexels_13258685_traffic_in_city,data/raw/videos/pexels_13258685_traffic_in_city.mp4,2534,50.68,Taipei,data/interim/v2_targeted_annotation/images/taipei_frame_002534.jpg,847e5fdff6624c318207a7705d287196348ecd65bf0c1b97f44a90c6fe6e323c,2b2b1aac0f220b4c,V2_FRAME_DUP_00182,1,DIFFICULT_HEURISTIC,car;motorcycle;person,CROSSWALK;DENSE_TRAFFIC;INTERSECTION;MULTIPLE_PERSON;OCCLUSION;PERSON_CAR;PERSON_MOTORCYCLE;PERSON_PRESENT;SMALL_PERSON,HEURISTIC;MODEL_ASSISTED,False,SELECTED_FOR_ANNOTATION,COVERAGE_BALANCED_DUPLICATE_REPRESENTATIVE,NOT_ANNOTATED,30.0,277.552
taipei_frame_002544,pexels_13258685_traffic_in_city,data/raw/videos/pexels_13258685_traffic_in_city.mp4,2544,50.88,Taipei,data/interim/v2_targeted_annotation/mined/taipei_frame_002544.jpg,672266d0a15da5f99800107eb2e35b32f7ab7132e86e7ed1309264af42b71b47,2b2b1aac0f220b4c,V2_FRAME_DUP_00183,1,DIFFICULT_HEURISTIC,car;motorcycle;person,CROSSWALK;INTERSECTION;MULTIPLE_PERSON;OCCLUSION;PERSON_CAR;PERSON_MOTORCYCLE;PERSON_PRESENT,HEURISTIC;MODEL_ASSISTED,False,NOT_SELECTED_BALANCE,FINAL_SCENE_METHOD_BALANCE,NOT_ANNOTATED,21.85,271.716
taipei_frame_002558,pexels_13258685_traffic_in_city,data/raw/videos/pexels_13258685_traffic_in_city.mp4,2558,51.16,Taipei,data/interim/v2_targeted_annotation/images/taipei_frame_002558.jpg,74c251f570a41d40847ef92aa66b041f13647d5a20d23e5d38b8543f97ae227b,292810ac0d230b4e,V2_FRAME_DUP_00184,1,DIFFICULT_HEURISTIC,motorcycle;person,CROSSWALK;DENSE_TRAFFIC;INTERSECTION;MULTIPLE_PERSON;OCCLUSION;PERSON_MOTORCYCLE;PERSON_PRESENT;SMALL_PERSON,HEURISTIC;MODEL_ASSISTED,False,SELECTED_FOR_ANNOTATION,COVERAGE_BALANCED_DUPLICATE_REPRESENTATIVE,NOT_ANNOTATED,39.3,234.292
taipei_frame_002570,pexels_13258685_traffic_in_city,data/raw/videos/pexels_13258685_traffic_in_city.mp4,2570,51.4,Taipei,data/interim/v2_targeted_annotation/mined/taipei_frame_002570.jpg,8f3b9f764aa824f851c94a4bbf7b50fce2cfbec2894d05806ca0cb4127db2fe1,2b2312a3072c0c49,V2_FRAME_DUP_00185,1,DIFFICULT_HEURISTIC,car;motorcycle;person,CROSSWALK;INTERSECTION;MULTIPLE_PERSON;OCCLUSION;PERSON_CAR;PERSON_MOTORCYCLE;PERSON_PRESENT,HEURISTIC;MODEL_ASSISTED,False,NOT_SELECTED_BALANCE,FINAL_SCENE_METHOD_BALANCE,NOT_ANNOTATED,21.85,228.886
taipei_frame_002582,pexels_13258685_traffic_in_city,data/raw/videos/pexels_13258685_traffic_in_city.mp4,2582,51.64,Taipei,data/interim/v2_targeted_annotation/mined/taipei_frame_002582.jpg,c4a4889c9b0ea33011d659c2dd7f99f2f981a13629752b2e90145d8bed2b5290,2b3b1a9c3722634c,V2_FRAME_DUP_00186,1,DIFFICULT_HEURISTIC,car;motorcycle;person,CROSSWALK;INTERSECTION;MULTIPLE_PERSON;OCCLUSION;PERSON_CAR;PERSON_MOTORCYCLE;PERSON_PRESENT,HEURISTIC;MODEL_ASSISTED,False,NOT_SELECTED_BALANCE,FINAL_SCENE_METHOD_BALANCE,NOT_ANNOTATED,21.85,208.177
taipei_frame_002600,pexels_13258685_traffic_in_city,data/raw/videos/pexels_13258685_traffic_in_city.mp4,2600,52.0,Taipei,data/interim/v2_targeted_annotation/images/taipei_frame_002600.jpg,fada9779887a8a0ba8b46f8aecba3baa5939d7ed8a01bbfc8da4da0a284b27fd,2babdaec0f020b6c,V2_FRAME_DUP_00187,1,SYSTEMATIC_TEMPORAL,car;motorcycle;person,CROSSWALK;INTERSECTION;MULTIPLE_PERSON;OCCLUSION;PERSON_CAR;PERSON_MOTORCYCLE;PERSON_PRESENT,HEURISTIC;MODEL_ASSISTED;SYSTEMATIC,False,SELECTED_FOR_ANNOTATION,COVERAGE_BALANCED_DUPLICATE_REPRESENTATIVE,NOT_ANNOTATED,22.55,217.712
taipei_frame_002610,pexels_13258685_traffic_in_city,data/raw/videos/pexels_13258685_traffic_in_city.mp4,2610,52.2,Taipei,data/interim/v2_targeted_annotation/mined/taipei_frame_002610.jpg,580ccaf87924bda9eca1dfb56cdb8118b2ebcaa727943c60c1f741b04dcdc772,2b2b1aac0f220bcc,V2_FRAME_DUP_00188,1,DIFFICULT_HEURISTIC,car;motorcycle;person,CROSSWALK;DENSE_TRAFFIC;INTERSECTION;MULTIPLE_PERSON;OCCLUSION;PERSON_CAR;PERSON_MOTORCYCLE;PERSON_PRESENT,HEURISTIC;MODEL_ASSISTED,False,NOT_SELECTED_BALANCE,FINAL_SCENE_METHOD_BALANCE,NOT_ANNOTATED,27.0,274.236
taipei_frame_002620,pexels_13258685_traffic_in_city,data/raw/videos/pexels_13258685_traffic_in_city.mp4,2620,52.4,Taipei,data/interim/v2_targeted_annotation/mined/taipei_frame_002620.jpg,bd82af91449171edd3f2e474dc6d08c4dd21f90329737022d296333e4b0909fc,2b2b1aac0f220b4c,V2_FRAME_DUP_00189,1,DIFFICULT_HEURISTIC,car;motorcycle;person,CROSSWALK;INTERSECTION;MULTIPLE_PERSON;OCCLUSION;PERSON_CAR;PERSON_MOTORCYCLE;PERSON_PRESENT,HEURISTIC;MODEL_ASSISTED,False,NOT_SELECTED_BALANCE,FINAL_SCENE_METHOD_BALANCE,NOT_ANNOTATED,21.85,287.804
taipei_frame_002630,pexels_13258685_traffic_in_city,data/raw/videos/pexels_13258685_traffic_in_city.mp4,2630,52.6,Taipei,data/interim/v2_targeted_annotation/mined/taipei_frame_002630.jpg,5c463b464a56e5d581d51e1ee8215ac5137799d0f1641f33c6796798ffea4cc6,2b2b1aac0f220b4c,V2_FRAME_DUP_00190,1,DIFFICULT_HEURISTIC,car;motorcycle;person,CROSSWALK;INTERSECTION;MULTIPLE_PERSON;OCCLUSION;PERSON_CAR;PERSON_MOTORCYCLE;PERSON_PRESENT,HEURISTIC;MODEL_ASSISTED,False,NOT_SELECTED_BALANCE,FINAL_SCENE_METHOD_BALANCE,NOT_ANNOTATED,21.85,280.477
taipei_frame_002640,pexels_13258685_traffic_in_city,data/raw/videos/pexels_13258685_traffic_in_city.mp4,2640,52.8,Taipei,data/interim/v2_targeted_annotation/mined/taipei_frame_002640.jpg,d41f65d7d4c18926aeb8b7622074f23eb884f0a7098508e53eba6ed96655bee5,2b2b12ac0f220b4c,V2_FRAME_DUP_00191,1,DIFFICULT_HEURISTIC,car;motorcycle;person,CROSSWALK;INTERSECTION;MULTIPLE_PERSON;OCCLUSION;PERSON_CAR;PERSON_MOTORCYCLE;PERSON_PRESENT,HEURISTIC;MODEL_ASSISTED,False,NOT_SELECTED_BALANCE,FINAL_SCENE_METHOD_BALANCE,NOT_ANNOTATED,21.85,279.758
taipei_frame_002650,pexels_13258685_traffic_in_city,data/raw/videos/pexels_13258685_traffic_in_city.mp4,2650,53.0,Taipei,data/interim/v2_targeted_annotation/images/taipei_frame_002650.jpg,aa302f8ecabd3f461c3649d9da3365cad0c3b97079a0c117144f3d40842badb8,2b2b12ac0f220b4c,V2_FRAME_DUP_00192,1,SYSTEMATIC_TEMPORAL,car;motorcycle;person,CROSSWALK;INTERSECTION;MULTIPLE_PERSON;OCCLUSION;PERSON_CAR;PERSON_MOTORCYCLE;PERSON_PRESENT,HEURISTIC;MODEL_ASSISTED;SYSTEMATIC,False,SELECTED_FOR_ANNOTATION,COVERAGE_BALANCED_DUPLICATE_REPRESENTATIVE,NOT_ANNOTATED,22.85,281.102
taipei_frame_002660,pexels_13258685_traffic_in_city,data/raw/videos/pexels_13258685_traffic_in_city.mp4,2660,53.2,Taipei,data/interim/v2_targeted_annotation/mined/taipei_frame_002660.jpg,9e03fb0e25cd47889e05cd82fe0fb4df4447f5a1145c3cc7c1fe0d39c6f645cf,2b2b12ac0f220b4c,V2_FRAME_DUP_00193,1,DIFFICULT_HEURISTIC,car;motorcycle;person,CROSSWALK;INTERSECTION;MULTIPLE_PERSON;OCCLUSION;PERSON_CAR;PERSON_MOTORCYCLE;PERSON_PRESENT,HEURISTIC;MODEL_ASSISTED,False,NOT_SELECTED_BALANCE,FINAL_SCENE_METHOD_BALANCE,NOT_ANNOTATED,21.85,281.974
taipei_frame_002670,pexels_13258685_traffic_in_city,data/raw/videos/pexels_13258685_traffic_in_city.mp4,2670,53.4,Taipei,data/interim/v2_targeted_annotation/mined/taipei_frame_002670.jpg,63899f2b4c993544a554ffbf6efa98ec0fbe7c52185dd1bc99d0f025cd9ff0db,2b2b12ac0f220b4c,V2_FRAME_DUP_00194,1,DIFFICULT_HEURISTIC,car;motorcycle;person,CROSSWALK;INTERSECTION;MULTIPLE_PERSON;OCCLUSION;PERSON_CAR;PERSON_MOTORCYCLE;PERSON_PRESENT,HEURISTIC;MODEL_ASSISTED,False,NOT_SELECTED_BALANCE,FINAL_SCENE_METHOD_BALANCE,NOT_ANNOTATED,21.85,280.486
taipei_frame_002686,pexels_13258685_traffic_in_city,data/raw/videos/pexels_13258685_traffic_in_city.mp4,2686,53.72,Taipei,data/interim/v2_targeted_annotation/images/taipei_frame_002686.jpg,4b6d4480683152534bd8f860fa04e8ba3ab6fb354a8fee201e721ff467ddf11b,2b2b1aac0f220b4c,V2_FRAME_DUP_00195,1,DIFFICULT_HEURISTIC,car;motorcycle;person,CROSSWALK;DENSE_TRAFFIC;INTERSECTION;MULTIPLE_PERSON;OCCLUSION;PERSON_CAR;PERSON_MOTORCYCLE;PERSON_PRESENT;SMALL_PERSON,HEURISTIC;MODEL_ASSISTED,False,SELECTED_FOR_ANNOTATION,COVERAGE_BALANCED_DUPLICATE_REPRESENTATIVE,NOT_ANNOTATED,30.0,270.644
taipei_frame_002700,pexels_13258685_traffic_in_city,data/raw/videos/pexels_13258685_traffic_in_city.mp4,2700,54.0,Taipei,data/interim/v2_targeted_annotation/images/taipei_frame_002700.jpg,8d7ebe7aca37b533365ccff6bc5f6807fc5b1ab5ccbbc53791d63c10e8dae0a8,2b2b12ac0f220b4c,V2_FRAME_DUP_00196,1,SYSTEMATIC_TEMPORAL,car;motorcycle;person,CROSSWALK;DENSE_TRAFFIC;INTERSECTION;MULTIPLE_PERSON;OCCLUSION;PERSON_CAR;PERSON_MOTORCYCLE;PERSON_PRESENT;SMALL_PERSON,HEURISTIC;MODEL_ASSISTED;SYSTEMATIC,False,SELECTED_FOR_ANNOTATION,COVERAGE_BALANCED_DUPLICATE_REPRESENTATIVE,NOT_ANNOTATED,31.0,279.792
taipei_frame_002710,pexels_13258685_traffic_in_city,data/raw/videos/pexels_13258685_traffic_in_city.mp4,2710,54.2,Taipei,data/interim/v2_targeted_annotation/images/taipei_frame_002710.jpg,0d3351f97ed5f8c644434499bca463cef70bd984712a3da4a103ba252d65e128,2b2b12ac0f220b6c,V2_FRAME_DUP_00197,1,DIFFICULT_HEURISTIC,car;motorcycle;person,CROSSWALK;DENSE_TRAFFIC;INTERSECTION;MULTIPLE_PERSON;OCCLUSION;PERSON_CAR;PERSON_MOTORCYCLE;PERSON_PRESENT;SMALL_PERSON,HEURISTIC;MODEL_ASSISTED,False,SELECTED_FOR_ANNOTATION,COVERAGE_BALANCED_DUPLICATE_REPRESENTATIVE,NOT_ANNOTATED,30.0,281.354
taipei_frame_002720,pexels_13258685_traffic_in_city,data/raw/videos/pexels_13258685_traffic_in_city.mp4,2720,54.4,Taipei,data/interim/v2_targeted_annotation/mined/taipei_frame_002720.jpg,cd967a405fbe4b82a89415cc8527f77660c2cb95bdcc3fb97d70b21cca975a82,2b2b12ac0f220b6c,V2_FRAME_DUP_00198,1,DIFFICULT_HEURISTIC,car;motorcycle;person,CROSSWALK;INTERSECTION;MULTIPLE_PERSON;OCCLUSION;PERSON_CAR;PERSON_MOTORCYCLE;PERSON_PRESENT,HEURISTIC;MODEL_ASSISTED,False,NOT_SELECTED_BALANCE,FINAL_SCENE_METHOD_BALANCE,NOT_ANNOTATED,21.85,298.113
taipei_frame_002735,pexels_13258685_traffic_in_city,data/raw/videos/pexels_13258685_traffic_in_city.mp4,2735,54.7,Taipei,data/interim/v2_targeted_annotation/images/taipei_frame_002735.jpg,863fc3a9ea8d9ed538582ea85ca1151bb9679a2d0d2a8cf2ce27d61c4946aa8f,2b2b1aac0f220b4c,V2_FRAME_DUP_00199,1,DIFFICULT_HEURISTIC,car;motorcycle;person,CROSSWALK;DENSE_TRAFFIC;INTERSECTION;MULTIPLE_PERSON;OCCLUSION;PERSON_CAR;PERSON_MOTORCYCLE;PERSON_PRESENT;SMALL_PERSON,HEURISTIC;MODEL_ASSISTED,False,SELECTED_FOR_ANNOTATION,COVERAGE_BALANCED_DUPLICATE_REPRESENTATIVE,NOT_ANNOTATED,33.15,289.25
taipei_frame_002750,pexels_13258685_traffic_in_city,data/raw/videos/pexels_13258685_traffic_in_city.mp4,2750,55.0,Taipei,data/interim/v2_targeted_annotation/images/taipei_frame_002750.jpg,8de6c04e2f6120a947e6b8e1e87b5d1a944884eedd08f201391d22669d57c8cd,eb6b1aac2f220b4e,V2_FRAME_DUP_00200,1,SYSTEMATIC_TEMPORAL,car;motorcycle;person,CROSSWALK;INTERSECTION;MULTIPLE_PERSON;OCCLUSION;PERSON_CAR;PERSON_MOTORCYCLE;PERSON_PRESENT,HEURISTIC;MODEL_ASSISTED;SYSTEMATIC,False,SELECTED_FOR_ANNOTATION,COVERAGE_BALANCED_DUPLICATE_REPRESENTATIVE,NOT_ANNOTATED,22.85,279.028
taipei_frame_002761,pexels_13258685_traffic_in_city,data/raw/videos/pexels_13258685_traffic_in_city.mp4,2761,55.22,Taipei,data/interim/v2_targeted_annotation/mined/taipei_frame_002761.jpg,2d7cc5528c19b5acbf591459f0c078cc40b896558e454211f02f4eaf63a2a2d0,6bbb1aeccfe2cb6e,V2_FRAME_DUP_00201,1,DIFFICULT_HEURISTIC,car;motorcycle;person,CROSSWALK;INTERSECTION;MULTIPLE_PERSON;OCCLUSION;PERSON_CAR;PERSON_MOTORCYCLE;PERSON_PRESENT,HEURISTIC;MODEL_ASSISTED,False,NOT_SELECTED_BALANCE,FINAL_SCENE_METHOD_BALANCE,NOT_ANNOTATED,18.55,245.306
taipei_frame_002773,pexels_13258685_traffic_in_city,data/raw/videos/pexels_13258685_traffic_in_city.mp4,2773,55.46,Taipei,data/interim/v2_targeted_annotation/mined/taipei_frame_002773.jpg,99e11ae64e3b9ba0361aaa6f8029107f1c036ce4763c35cdc136f3e8f9ced3a0,9bfbea6c3f32a36c,V2_FRAME_DUP_00202,1,DIFFICULT_HEURISTIC,bus;car;motorcycle;person,CROSSWALK;INTERSECTION;MULTIPLE_PERSON;OCCLUSION;PERSON_CAR;PERSON_MOTORCYCLE;PERSON_PRESENT,HEURISTIC;MODEL_ASSISTED,False,NOT_SELECTED_BALANCE,FINAL_SCENE_METHOD_BALANCE,NOT_ANNOTATED,18.55,218.927
taipei_frame_002787,pexels_13258685_traffic_in_city,data/raw/videos/pexels_13258685_traffic_in_city.mp4,2787,55.74,Taipei,data/interim/v2_targeted_annotation/images/taipei_frame_002787.jpg,e6e3d957c34303d72bfbf8abee52bea037612d9cbbe6aa78c556ffafe04729a1,b77bbacccf6e2f6e,V2_FRAME_DUP_00203,1,HARD_NEGATIVE_CONTEXT,bus;car;motorcycle,CROSSWALK;HARD_NEGATIVE;INTERSECTION;OCCLUSION,HEURISTIC,False,SELECTED_FOR_ANNOTATION,COVERAGE_BALANCED_DUPLICATE_REPRESENTATIVE,NOT_ANNOTATED,2.45,195.719
taipei_frame_002800,pexels_13258685_traffic_in_city,data/raw/videos/pexels_13258685_traffic_in_city.mp4,2800,56.0,Taipei,data/interim/v2_targeted_annotation/images/taipei_frame_002800.jpg,f647802b964f509ac4047375f4f71c5124b27f2764f0e422f0ab183783cee70f,ad1faf93939b8b1f,V2_FRAME_DUP_00204,1,SYSTEMATIC_TEMPORAL,bus;car;person,CROSSWALK;INTERSECTION;OCCLUSION;PERSON_CAR;PERSON_PRESENT,HEURISTIC;MODEL_ASSISTED;SYSTEMATIC,False,SELECTED_FOR_ANNOTATION,COVERAGE_BALANCED_DUPLICATE_REPRESENTATIVE,NOT_ANNOTATED,5.95,137.197
taipei_frame_002813,pexels_13258685_traffic_in_city,data/raw/videos/pexels_13258685_traffic_in_city.mp4,2813,56.26,Taipei,data/interim/v2_targeted_annotation/images/taipei_frame_002813.jpg,842b4926a1432617fd6ec4766988bf4970f11f5bf25b49d42e2d8114798b9554,afa3a3a6a6a2a207,V2_FRAME_DUP_00205,1,MODEL_ASSISTED_POSITIVE,bus;person,CROSSWALK;INTERSECTION;PERSON_PRESENT,HEURISTIC;MODEL_ASSISTED,False,SELECTED_FOR_ANNOTATION,COVERAGE_BALANCED_DUPLICATE_REPRESENTATIVE,NOT_ANNOTATED,3.3,111.835
taipei_frame_002823,pexels_13258685_traffic_in_city,data/raw/videos/pexels_13258685_traffic_in_city.mp4,2823,56.46,Taipei,data/interim/v2_targeted_annotation/mined/taipei_frame_002823.jpg,85ffb1b6a4da6eece0aafb55bbb90f3a8c4bd288a3d94f033e388424916960fa,2a68fa6969696841,V2_FRAME_DUP_00206,1,DIFFICULT_HEURISTIC,bus;person,CROSSWALK;INTERSECTION;OCCLUSION;PERSON_PRESENT,HEURISTIC;MODEL_ASSISTED,False,NOT_SELECTED_BALANCE,FINAL_SCENE_METHOD_BALANCE,NOT_ANNOTATED,5.1,117.601
taipei_frame_002833,pexels_13258685_traffic_in_city,data/raw/videos/pexels_13258685_traffic_in_city.mp4,2833,56.66,Taipei,data/interim/v2_targeted_annotation/images/taipei_frame_002833.jpg,cca115561b27e78a70b63989ceab072468a7b6418c81488231d261b6e75b6e17,8a9abe9adada1a41,V2_FRAME_DUP_00207,1,MODEL_ASSISTED_POSITIVE,bus;person,CROSSWALK;INTERSECTION;PERSON_PRESENT,HEURISTIC;MODEL_ASSISTED,False,SELECTED_FOR_ANNOTATION,COVERAGE_BALANCED_DUPLICATE_REPRESENTATIVE,NOT_ANNOTATED,3.3,85.558
taipei_frame_002843,pexels_13258685_traffic_in_city,data/raw/videos/pexels_13258685_traffic_in_city.mp4,2843,56.86,Taipei,data/interim/v2_targeted_annotation/images/taipei_frame_002843.jpg,5184193dab1d199fb5f43e950cd9aa7afdd31703f80589c595f0e08acb7b3964,a2a7efe47676c6e9,V2_FRAME_DUP_00208,1,MODEL_ASSISTED_POSITIVE,bus;person,CROSSWALK;INTERSECTION;PERSON_PRESENT,HEURISTIC;MODEL_ASSISTED,False,SELECTED_FOR_ANNOTATION,COVERAGE_BALANCED_DUPLICATE_REPRESENTATIVE,NOT_ANNOTATED,3.3,100.494
taipei_frame_002855,pexels_13258685_traffic_in_city,data/raw/videos/pexels_13258685_traffic_in_city.mp4,2855,57.1,Taipei,data/interim/v2_targeted_annotation/images/taipei_frame_002855.jpg,33ec873720f5abdee7669de7e2fa2394cf595cc62acb97c9c365ce026e7333fe,8c4c3b3a646cb9bf,V2_FRAME_DUP_00209,1,MODEL_ASSISTED_POSITIVE,bus,CROSSWALK;INTERSECTION,HEURISTIC;MODEL_ASSISTED,False,SELECTED_FOR_ANNOTATION,COVERAGE_BALANCED_DUPLICATE_REPRESENTATIVE,NOT_ANNOTATED,0.15,103.912
taipei_frame_002866,pexels_13258685_traffic_in_city,data/raw/videos/pexels_13258685_traffic_in_city.mp4,2866,57.32,Taipei,data/interim/v2_targeted_annotation/images/taipei_frame_002866.jpg,0f8dfd48cc29f1b6bec7b988ed3ece07a3be7b445bae75923e0dc3afbdc1910f,3161676f8a4b5c15,V2_FRAME_DUP_00210,1,MODEL_ASSISTED_POSITIVE,bus,CROSSWALK;INTERSECTION,HEURISTIC;MODEL_ASSISTED,False,SELECTED_FOR_ANNOTATION,COVERAGE_BALANCED_DUPLICATE_REPRESENTATIVE,NOT_ANNOTATED,0.15,111.11
taipei_frame_002882,pexels_13258685_traffic_in_city,data/raw/videos/pexels_13258685_traffic_in_city.mp4,2882,57.64,Taipei,data/interim/v2_targeted_annotation/images/taipei_frame_002882.jpg,2937b23c4c5430f67121457993604b68d861496c8bf68a8b39e93609bdf912e6,a3a6a6a699959511,V2_FRAME_DUP_00211,1,HARD_NEGATIVE_CONTEXT,bus;motorcycle,CROSSWALK;HARD_NEGATIVE;INTERSECTION;OCCLUSION,HEURISTIC,False,SELECTED_FOR_ANNOTATION,COVERAGE_BALANCED_DUPLICATE_REPRESENTATIVE,NOT_ANNOTATED,2.45,114.489
taipei_frame_002900,pexels_13258685_traffic_in_city,data/raw/videos/pexels_13258685_traffic_in_city.mp4,2900,58.0,Taipei,data/interim/v2_targeted_annotation/images/taipei_frame_002900.jpg,caa44b4fb7982c1fd26cfed9758e785a54b2b5bb8881950390cc461945778945,292939a92c250c4a,V2_FRAME_DUP_00212,1,SYSTEMATIC_TEMPORAL,bus;motorcycle;person,CROSSWALK;INTERSECTION;MULTIPLE_PERSON;OCCLUSION;PERSON_MOTORCYCLE;PERSON_PRESENT,HEURISTIC;MODEL_ASSISTED;SYSTEMATIC,False,SELECTED_FOR_ANNOTATION,COVERAGE_BALANCED_DUPLICATE_REPRESENTATIVE,NOT_ANNOTATED,22.7,185.397
taipei_frame_002915,pexels_13258685_traffic_in_city,data/raw/videos/pexels_13258685_traffic_in_city.mp4,2915,58.3,Taipei,data/interim/v2_targeted_annotation/mined/taipei_frame_002915.jpg,77dbbe5636f990eeb396a2b566224e76a570038e7a52640b252f952f8afc871c,2b2236aa27321346,V2_FRAME_DUP_00213,1,DIFFICULT_HEURISTIC,car;motorcycle;person,CROSSWALK;INTERSECTION;MULTIPLE_PERSON;OCCLUSION;PERSON_CAR;PERSON_MOTORCYCLE;PERSON_PRESENT,HEURISTIC;MODEL_ASSISTED,False,NOT_SELECTED_BALANCE,FINAL_SCENE_METHOD_BALANCE,NOT_ANNOTATED,24.85,186.869
taipei_frame_002925,pexels_13258685_traffic_in_city,data/raw/videos/pexels_13258685_traffic_in_city.mp4,2925,58.5,Taipei,data/interim/v2_targeted_annotation/mined/taipei_frame_002925.jpg,a97bf33bbda6a1d725236a26d9ccedeafa39c6c1f8b6096d09d653460f15a120,2b3b1aec5f525b1c,V2_FRAME_DUP_00214,1,DIFFICULT_HEURISTIC,car;motorcycle;person,CROSSWALK;INTERSECTION;MULTIPLE_PERSON;OCCLUSION;PERSON_CAR;PERSON_MOTORCYCLE;PERSON_PRESENT,HEURISTIC;MODEL_ASSISTED,False,NOT_SELECTED_BALANCE,FINAL_SCENE_METHOD_BALANCE,NOT_ANNOTATED,21.7,206.405
taipei_frame_002938,pexels_13258685_traffic_in_city,data/raw/videos/pexels_13258685_traffic_in_city.mp4,2938,58.76,Taipei,data/interim/v2_targeted_annotation/mined/taipei_frame_002938.jpg,8624c875cd506b379db568e13c219abc246a3d65b296067ccdaa01e67776ba0f,2b6a5a6ccf624b6c,V2_FRAME_DUP_00215,1,DIFFICULT_HEURISTIC,car;motorcycle;person,CROSSWALK;INTERSECTION;MULTIPLE_PERSON;OCCLUSION;PERSON_CAR;PERSON_MOTORCYCLE;PERSON_PRESENT,HEURISTIC;MODEL_ASSISTED,False,NOT_SELECTED_BALANCE,FINAL_SCENE_METHOD_BALANCE,NOT_ANNOTATED,21.55,220.082
taipei_frame_002950,pexels_13258685_traffic_in_city,data/raw/videos/pexels_13258685_traffic_in_city.mp4,2950,59.0,Taipei,data/interim/v2_targeted_annotation/images/taipei_frame_002950.jpg,c64128249550e4cc8e0700b513ab4c14aaccc95dfb0ab0e6d07a0ebc746a330e,2b2b3aac2f220bcc,V2_FRAME_DUP_00216,1,SYSTEMATIC_TEMPORAL,car;motorcycle;person,CROSSWALK;DENSE_TRAFFIC;INTERSECTION;MULTIPLE_PERSON;OCCLUSION;PERSON_CAR;PERSON_MOTORCYCLE;PERSON_PRESENT;SMALL_PERSON,HEURISTIC;MODEL_ASSISTED;SYSTEMATIC,False,SELECTED_FOR_ANNOTATION,COVERAGE_BALANCED_DUPLICATE_REPRESENTATIVE,NOT_ANNOTATED,34.15,283.538
taipei_frame_002961,pexels_13258685_traffic_in_city,data/raw/videos/pexels_13258685_traffic_in_city.mp4,2961,59.22,Taipei,data/interim/v2_targeted_annotation/images/taipei_frame_002961.jpg,724dd02689b376758aff5c272e0074846bbe0a84f4361f27fb85f467e7120f74,2b2b1aac2f220b4c,V2_FRAME_DUP_00217,1,DIFFICULT_HEURISTIC,car;motorcycle;person,CROSSWALK;DENSE_TRAFFIC;INTERSECTION;MULTIPLE_PERSON;OCCLUSION;PERSON_CAR;PERSON_MOTORCYCLE;PERSON_PRESENT;SMALL_PERSON,HEURISTIC;MODEL_ASSISTED,False,SELECTED_FOR_ANNOTATION,COVERAGE_BALANCED_DUPLICATE_REPRESENTATIVE,NOT_ANNOTATED,30.0,283.148
taipei_frame_002975,pexels_13258685_traffic_in_city,data/raw/videos/pexels_13258685_traffic_in_city.mp4,2975,59.5,Taipei,data/interim/v2_targeted_annotation/images/taipei_frame_002975.jpg,1252e445ebfe9c6b5ba8f9419bd713f2aaf8da84c07a41e7a258fdb072b9c02b,2b2b12ac2f220b4c,V2_FRAME_DUP_00218,1,DIFFICULT_HEURISTIC,car;motorcycle;person,CROSSWALK;DENSE_TRAFFIC;INTERSECTION;MULTIPLE_PERSON;OCCLUSION;PERSON_CAR;PERSON_MOTORCYCLE;PERSON_PRESENT;SMALL_PERSON,HEURISTIC;MODEL_ASSISTED,False,SELECTED_FOR_ANNOTATION,COVERAGE_BALANCED_DUPLICATE_REPRESENTATIVE,NOT_ANNOTATED,33.15,288.427
taipei_frame_002985,pexels_13258685_traffic_in_city,data/raw/videos/pexels_13258685_traffic_in_city.mp4,2985,59.7,Taipei,data/interim/v2_targeted_annotation/images/taipei_frame_002985.jpg,a960ce53d1e167f60c5e9d028d8187c55a73d617d99bfd4b50a04442cbeda09f,2b2b1aac2f220b4c,V2_FRAME_DUP_00219,1,DIFFICULT_HEURISTIC,car;motorcycle;person,CROSSWALK;DENSE_TRAFFIC;INTERSECTION;MULTIPLE_PERSON;OCCLUSION;PERSON_CAR;PERSON_MOTORCYCLE;PERSON_PRESENT;SMALL_PERSON,HEURISTIC;MODEL_ASSISTED,False,SELECTED_FOR_ANNOTATION,COVERAGE_BALANCED_DUPLICATE_REPRESENTATIVE,NOT_ANNOTATED,30.0,281.054
taipei_frame_003000,pexels_13258685_traffic_in_city,data/raw/videos/pexels_13258685_traffic_in_city.mp4,3000,60.0,Taipei,data/interim/v2_targeted_annotation/images/taipei_frame_003000.jpg,1be6bcf613f30166fd3630fbd8796e7ba7fbd03496093e6df9f85720d4d8f62e,2b2b1aac2f220b4c,V2_FRAME_DUP_00220,1,SYSTEMATIC_TEMPORAL,car;motorcycle;person,CROSSWALK;INTERSECTION;MULTIPLE_PERSON;OCCLUSION;PERSON_CAR;PERSON_MOTORCYCLE;PERSON_PRESENT,HEURISTIC;MODEL_ASSISTED;SYSTEMATIC,False,SELECTED_FOR_ANNOTATION,COVERAGE_BALANCED_DUPLICATE_REPRESENTATIVE,NOT_ANNOTATED,22.85,285.844
taipei_frame_003015,pexels_13258685_traffic_in_city,data/raw/videos/pexels_13258685_traffic_in_city.mp4,3015,60.3,Taipei,data/interim/v2_targeted_annotation/images/taipei_frame_003015.jpg,79110cba81a3f4c7dceb4e01e22b8e50a2c9385e4e86419bfd89c1b9f0bef91f,6b2b1aac0f220b4c,V2_FRAME_DUP_00221,1,DIFFICULT_HEURISTIC,car;motorcycle;person,CROSSWALK;DENSE_TRAFFIC;INTERSECTION;MULTIPLE_PERSON;OCCLUSION;PERSON_CAR;PERSON_MOTORCYCLE;PERSON_PRESENT;SMALL_PERSON,HEURISTIC;MODEL_ASSISTED,False,SELECTED_FOR_ANNOTATION,COVERAGE_BALANCED_DUPLICATE_REPRESENTATIVE,NOT_ANNOTATED,30.0,285.771
taipei_frame_003025,pexels_13258685_traffic_in_city,data/raw/videos/pexels_13258685_traffic_in_city.mp4,3025,60.5,Taipei,data/interim/v2_targeted_annotation/images/taipei_frame_003025.jpg,ad248552e9c719fa24092864f8311dca461125055037e7b4516ef82fe627df50,2b2b1aac4f220b4c,V2_FRAME_DUP_00222,1,DIFFICULT_HEURISTIC,car;motorcycle;person,CROSSWALK;DENSE_TRAFFIC;INTERSECTION;MULTIPLE_PERSON;OCCLUSION;PERSON_CAR;PERSON_MOTORCYCLE;PERSON_PRESENT;SMALL_PERSON,HEURISTIC;MODEL_ASSISTED,False,SELECTED_FOR_ANNOTATION,COVERAGE_BALANCED_DUPLICATE_REPRESENTATIVE,NOT_ANNOTATED,33.15,295.491
taipei_frame_003039,pexels_13258685_traffic_in_city,data/raw/videos/pexels_13258685_traffic_in_city.mp4,3039,60.78,Taipei,data/interim/v2_targeted_annotation/mined/taipei_frame_003039.jpg,7c9eb72839e1067813e88b335504a9ef360c7f5cb4cdc5367ffeb6bf8a2519e6,2b2b1aac0f220b4c,V2_FRAME_DUP_00223,1,DIFFICULT_HEURISTIC,car;motorcycle;person,CROSSWALK;DENSE_TRAFFIC;INTERSECTION;MULTIPLE_PERSON;OCCLUSION;PERSON_CAR;PERSON_MOTORCYCLE;PERSON_PRESENT,HEURISTIC;MODEL_ASSISTED,False,NOT_SELECTED_BALANCE,FINAL_SCENE_METHOD_BALANCE,NOT_ANNOTATED,27.0,282.528
taipei_frame_003050,pexels_13258685_traffic_in_city,data/raw/videos/pexels_13258685_traffic_in_city.mp4,3050,61.0,Taipei,data/interim/v2_targeted_annotation/images/taipei_frame_003050.jpg,7eb1696a76a335a367d379682125b04282b578a6681cbd79e3b3f4b04a7087fc,2b2b1aac0f220b4c,V2_FRAME_DUP_00224,1,SYSTEMATIC_TEMPORAL,car;motorcycle;person,CROSSWALK;INTERSECTION;MULTIPLE_PERSON;OCCLUSION;PERSON_CAR;PERSON_MOTORCYCLE;PERSON_PRESENT,HEURISTIC;MODEL_ASSISTED;SYSTEMATIC,False,SELECTED_FOR_ANNOTATION,COVERAGE_BALANCED_DUPLICATE_REPRESENTATIVE,NOT_ANNOTATED,22.85,279.463
taipei_frame_003061,pexels_13258685_traffic_in_city,data/raw/videos/pexels_13258685_traffic_in_city.mp4,3061,61.22,Taipei,data/interim/v2_targeted_annotation/mined/taipei_frame_003061.jpg,a01d58ce9ccad9be2fdec94aef4326d198b5572a2c8222b81ab7974557a23923,2b2b1aac0f220b4c,V2_FRAME_DUP_00225,1,DIFFICULT_HEURISTIC,car;motorcycle;person,CROSSWALK;INTERSECTION;MULTIPLE_PERSON;OCCLUSION;PERSON_CAR;PERSON_MOTORCYCLE;PERSON_PRESENT,HEURISTIC;MODEL_ASSISTED,False,NOT_SELECTED_BALANCE,FINAL_SCENE_METHOD_BALANCE,NOT_ANNOTATED,21.85,281.095
taipei_frame_003077,pexels_13258685_traffic_in_city,data/raw/videos/pexels_13258685_traffic_in_city.mp4,3077,61.54,Taipei,data/interim/v2_targeted_annotation/images/taipei_frame_003077.jpg,4871bac82d8ead9cd73d66be21977dc15e023b4390859c30e1001fffc179c335,2b2b1aac0f220bcc,V2_FRAME_DUP_00226,1,DIFFICULT_HEURISTIC,car;motorcycle;person,CROSSWALK;DENSE_TRAFFIC;INTERSECTION;MULTIPLE_PERSON;OCCLUSION;PERSON_CAR;PERSON_MOTORCYCLE;PERSON_PRESENT;SMALL_PERSON,HEURISTIC;MODEL_ASSISTED,False,SELECTED_FOR_ANNOTATION,COVERAGE_BALANCED_DUPLICATE_REPRESENTATIVE,NOT_ANNOTATED,30.0,276.696
taipei_frame_003090,pexels_13258685_traffic_in_city,data/raw/videos/pexels_13258685_traffic_in_city.mp4,3090,61.8,Taipei,data/interim/v2_targeted_annotation/mined/taipei_frame_003090.jpg,0b9c58af43bcc0b377c854c7ca29b6d450f540ed1c868292dcdc858056ae595a,2b2b1aac0fe2abac,V2_FRAME_DUP_00227,1,DIFFICULT_HEURISTIC,car;motorcycle;person,CROSSWALK;DENSE_TRAFFIC;INTERSECTION;MULTIPLE_PERSON;OCCLUSION;PERSON_CAR;PERSON_MOTORCYCLE;PERSON_PRESENT,HEURISTIC;MODEL_ASSISTED,False,NOT_SELECTED_BALANCE,FINAL_SCENE_METHOD_BALANCE,NOT_ANNOTATED,24.0,253.901
taipei_frame_003100,pexels_13258685_traffic_in_city,data/raw/videos/pexels_13258685_traffic_in_city.mp4,3100,62.0,Taipei,data/interim/v2_targeted_annotation/images/taipei_frame_003100.jpg,a6d01e0c172bc985742c46fe1c52f752d38adfb34d6d92f01691f4e33ca0f309,2b2b1aac4f72ef2e,V2_FRAME_DUP_00228,1,SYSTEMATIC_TEMPORAL,car;motorcycle;person,CROSSWALK;INTERSECTION;MULTIPLE_PERSON;OCCLUSION;PERSON_CAR;PERSON_MOTORCYCLE;PERSON_PRESENT;SMALL_PERSON,HEURISTIC;MODEL_ASSISTED;SYSTEMATIC,False,SELECTED_FOR_ANNOTATION,COVERAGE_BALANCED_DUPLICATE_REPRESENTATIVE,NOT_ANNOTATED,25.55,218.303
taipei_frame_003110,pexels_13258685_traffic_in_city,data/raw/videos/pexels_13258685_traffic_in_city.mp4,3110,62.2,Taipei,data/interim/v2_targeted_annotation/mined/taipei_frame_003110.jpg,092e9855f0608b5aae6029dadbc2b87bc368708f82ec90f499dcb023efdec269,2b2b1a2c7f1a1b1b,V2_FRAME_DUP_00229,1,DIFFICULT_HEURISTIC,car;person,CROSSWALK;INTERSECTION;MULTIPLE_PERSON;OCCLUSION;PERSON_CAR;PERSON_PRESENT;SMALL_PERSON,HEURISTIC;MODEL_ASSISTED,False,NOT_SELECTED_BALANCE,FINAL_SCENE_METHOD_BALANCE,NOT_ANNOTATED,16.25,164.322
taipei_frame_003123,pexels_13258685_traffic_in_city,data/raw/videos/pexels_13258685_traffic_in_city.mp4,3123,62.46,Taipei,data/interim/v2_targeted_annotation/mined/taipei_frame_003123.jpg,69f5a90236251720a1df21761df80b1542834eced87b94c57c124cd4c6b027bc,2b2b12ac0f034d21,V2_FRAME_DUP_00230,1,DIFFICULT_HEURISTIC,car;person,CROSSWALK;INTERSECTION;MULTIPLE_PERSON;OCCLUSION;PERSON_CAR;PERSON_PRESENT;SMALL_PERSON,HEURISTIC;MODEL_ASSISTED,False,NOT_SELECTED_BALANCE,FINAL_SCENE_METHOD_BALANCE,NOT_ANNOTATED,25.7,147.901
taipei_frame_003134,pexels_13258685_traffic_in_city,data/raw/videos/pexels_13258685_traffic_in_city.mp4,3134,62.68,Taipei,data/interim/v2_targeted_annotation/images/taipei_frame_003134.jpg,ce58de0e7df00208f42d250597f40d95ca603f97c6ec47339f1fad80c1341214,2b2b1aac032009c9,V2_FRAME_DUP_00231,1,DIFFICULT_HEURISTIC,car;motorcycle;person,CROSSWALK;INTERSECTION;MULTIPLE_PERSON;OCCLUSION;PERSON_CAR;PERSON_MOTORCYCLE;PERSON_PRESENT;SMALL_PERSON,HEURISTIC;MODEL_ASSISTED,False,SELECTED_FOR_ANNOTATION,COVERAGE_BALANCED_DUPLICATE_REPRESENTATIVE,NOT_ANNOTATED,27.7,176.691
taipei_frame_003146,pexels_13258685_traffic_in_city,data/raw/videos/pexels_13258685_traffic_in_city.mp4,3146,62.92,Taipei,data/interim/v2_targeted_annotation/images/taipei_frame_003146.jpg,6cf5e5ad7fe2e43a19a7105ed70521b7d77d10c59bea7697a162b1b775e82411,2b2b122c0c2629a9,V2_FRAME_DUP_00232,1,DIFFICULT_HEURISTIC,car;motorcycle;person,CROSSWALK;DENSE_TRAFFIC;INTERSECTION;MULTIPLE_PERSON;OCCLUSION;PERSON_CAR;PERSON_MOTORCYCLE;PERSON_PRESENT;SMALL_PERSON,HEURISTIC;MODEL_ASSISTED,False,SELECTED_FOR_ANNOTATION,COVERAGE_BALANCED_DUPLICATE_REPRESENTATIVE,NOT_ANNOTATED,36.0,210.644
taipei_frame_003156,pexels_13258685_traffic_in_city,data/raw/videos/pexels_13258685_traffic_in_city.mp4,3156,63.12,Taipei,data/interim/v2_targeted_annotation/images/taipei_frame_003156.jpg,bf7f20453e10036ac3fdb113a12065bd9d970a205120f32e37efbb50f59576c1,2b2b12ac4f624b1c,V2_FRAME_DUP_00233,1,DIFFICULT_HEURISTIC,car;motorcycle;person,CROSSWALK;DENSE_TRAFFIC;INTERSECTION;MULTIPLE_PERSON;OCCLUSION;PERSON_CAR;PERSON_MOTORCYCLE;PERSON_PRESENT;SMALL_PERSON,HEURISTIC;MODEL_ASSISTED,False,SELECTED_FOR_ANNOTATION,COVERAGE_BALANCED_DUPLICATE_REPRESENTATIVE,NOT_ANNOTATED,42.6,230.803
taipei_frame_003174,pexels_13258685_traffic_in_city,data/raw/videos/pexels_13258685_traffic_in_city.mp4,3174,63.48,Taipei,data/interim/v2_targeted_annotation/images/taipei_frame_003174.jpg,05a5a74b6d45c05540e8b3ec4de67371d631ac529d5cf9b00c5ba1b9f674f8f5,2b2b12ac0e260e49,V2_FRAME_DUP_00234,1,DIFFICULT_HEURISTIC,car;motorcycle;person,CROSSWALK;DENSE_TRAFFIC;INTERSECTION;MULTIPLE_PERSON;OCCLUSION;PERSON_CAR;PERSON_MOTORCYCLE;PERSON_PRESENT;SMALL_PERSON,HEURISTIC;MODEL_ASSISTED,False,SELECTED_FOR_ANNOTATION,COVERAGE_BALANCED_DUPLICATE_REPRESENTATIVE,NOT_ANNOTATED,36.15,272.127
taipei_frame_003189,pexels_13258685_traffic_in_city,data/raw/videos/pexels_13258685_traffic_in_city.mp4,3189,63.78,Taipei,data/interim/v2_targeted_annotation/images/taipei_frame_003189.jpg,54d131be80d4ce0f0df716a4379e56c6106fcc3d0eb601d62827be1f439f9d57,2b2b13ad0f220b4c,V2_FRAME_DUP_00235,1,DIFFICULT_HEURISTIC,car;motorcycle;person,CROSSWALK;DENSE_TRAFFIC;INTERSECTION;MULTIPLE_PERSON;OCCLUSION;PERSON_CAR;PERSON_MOTORCYCLE;PERSON_PRESENT;SMALL_PERSON,HEURISTIC;MODEL_ASSISTED,False,SELECTED_FOR_ANNOTATION,COVERAGE_BALANCED_DUPLICATE_REPRESENTATIVE,NOT_ANNOTATED,30.0,287.282
taipei_frame_003200,pexels_13258685_traffic_in_city,data/raw/videos/pexels_13258685_traffic_in_city.mp4,3200,64.0,Taipei,data/interim/v2_targeted_annotation/images/taipei_frame_003200.jpg,e6856a06746b382488956ff03604e952e0ff9feb584cf563f74a9866120cd200,2b2b13af2e220b4c,V2_FRAME_DUP_00236,1,SYSTEMATIC_TEMPORAL,car;motorcycle;person,CROSSWALK;DENSE_TRAFFIC;INTERSECTION;MULTIPLE_PERSON;OCCLUSION;PERSON_CAR;PERSON_MOTORCYCLE;PERSON_PRESENT,HEURISTIC;MODEL_ASSISTED;SYSTEMATIC,False,SELECTED_FOR_ANNOTATION,COVERAGE_BALANCED_DUPLICATE_REPRESENTATIVE,NOT_ANNOTATED,31.15,280.137
taipei_frame_003219,pexels_13258685_traffic_in_city,data/raw/videos/pexels_13258685_traffic_in_city.mp4,3219,64.38,Taipei,data/interim/v2_targeted_annotation/images/taipei_frame_003219.jpg,6d13338b3eae6f9c22d0cc7770b2ce199ae44b352363938400da673c49822527,6b2b1eac8e220a4e,V2_FRAME_DUP_00237,1,DIFFICULT_HEURISTIC,car;motorcycle;person,CROSSWALK;DENSE_TRAFFIC;INTERSECTION;MULTIPLE_PERSON;OCCLUSION;PERSON_CAR;PERSON_MOTORCYCLE;PERSON_PRESENT,HEURISTIC;MODEL_ASSISTED,False,SELECTED_FOR_ANNOTATION,COVERAGE_BALANCED_DUPLICATE_REPRESENTATIVE,NOT_ANNOTATED,30.15,256.019
taipei_frame_003235,pexels_13258685_traffic_in_city,data/raw/videos/pexels_13258685_traffic_in_city.mp4,3235,64.7,Taipei,data/interim/v2_targeted_annotation/images/taipei_frame_003235.jpg,085999147ed959d72552b677ade59ae6ebf6301c2f7667c7ed1bf02d0af86d09,2b2b18a92f250d49,V2_FRAME_DUP_00238,1,DIFFICULT_HEURISTIC,car;motorcycle;person,CROSSWALK;DENSE_TRAFFIC;INTERSECTION;MULTIPLE_PERSON;OCCLUSION;PERSON_CAR;PERSON_MOTORCYCLE;PERSON_PRESENT,HEURISTIC;MODEL_ASSISTED,False,SELECTED_FOR_ANNOTATION,COVERAGE_BALANCED_DUPLICATE_REPRESENTATIVE,NOT_ANNOTATED,30.15,250.701
taipei_frame_003246,pexels_13258685_traffic_in_city,data/raw/videos/pexels_13258685_traffic_in_city.mp4,3246,64.92,Taipei,data/interim/v2_targeted_annotation/images/taipei_frame_003246.jpg,47652c824e7cf167595c3689bfeada028826ed8b6dcd06acd4db6d0a56ed2a12,2b2b32b20b2a0b4a,V2_FRAME_DUP_00239,1,DIFFICULT_HEURISTIC,car;motorcycle;person,CROSSWALK;DENSE_TRAFFIC;INTERSECTION;MULTIPLE_PERSON;OCCLUSION;PERSON_CAR;PERSON_MOTORCYCLE;PERSON_PRESENT;SMALL_PERSON,HEURISTIC;MODEL_ASSISTED,False,SELECTED_FOR_ANNOTATION,COVERAGE_BALANCED_DUPLICATE_REPRESENTATIVE,NOT_ANNOTATED,33.15,249.573
taipei_frame_003256,pexels_13258685_traffic_in_city,data/raw/videos/pexels_13258685_traffic_in_city.mp4,3256,65.12,Taipei,data/interim/v2_targeted_annotation/images/taipei_frame_003256.jpg,b4caf0aedd696588e073025c5a6060917c5d23d2a772854653ce9053c678d9e5,2b3b22e407321744,V2_FRAME_DUP_00240,1,DIFFICULT_HEURISTIC,car;motorcycle;person,CROSSWALK;DENSE_TRAFFIC;INTERSECTION;MULTIPLE_PERSON;OCCLUSION;PERSON_CAR;PERSON_MOTORCYCLE;PERSON_PRESENT;SMALL_PERSON,HEURISTIC;MODEL_ASSISTED,False,SELECTED_FOR_ANNOTATION,COVERAGE_BALANCED_DUPLICATE_REPRESENTATIVE,NOT_ANNOTATED,39.6,241.347
taipei_frame_003266,pexels_13258685_traffic_in_city,data/raw/videos/pexels_13258685_traffic_in_city.mp4,3266,65.32,Taipei,data/interim/v2_targeted_annotation/images/taipei_frame_003266.jpg,f691c01946413f7e4c4880cd9e720c7d6ef9e47eaeab156d0aa765ab9737e641,2b2b624c6f22226c,V2_FRAME_DUP_00241,1,DIFFICULT_HEURISTIC,car;motorcycle;person,CROSSWALK;DENSE_TRAFFIC;INTERSECTION;MULTIPLE_PERSON;OCCLUSION;PERSON_CAR;PERSON_MOTORCYCLE;PERSON_PRESENT,HEURISTIC;MODEL_ASSISTED,False,SELECTED_FOR_ANNOTATION,COVERAGE_BALANCED_DUPLICATE_REPRESENTATIVE,NOT_ANNOTATED,30.0,249.971
taipei_frame_003284,pexels_13258685_traffic_in_city,data/raw/videos/pexels_13258685_traffic_in_city.mp4,3284,65.68,Taipei,data/interim/v2_targeted_annotation/images/taipei_frame_003284.jpg,614024642123be47da2789de70f92eea9fe77eb5b168c3ea1cbb1da071b56471,2b2b9a9c0f624b5c,V2_FRAME_DUP_00242,1,DIFFICULT_HEURISTIC,car;motorcycle;person,CROSSWALK;DENSE_TRAFFIC;INTERSECTION;MULTIPLE_PERSON;OCCLUSION;PERSON_CAR;PERSON_MOTORCYCLE;PERSON_PRESENT;SMALL_PERSON,HEURISTIC;MODEL_ASSISTED,False,SELECTED_FOR_ANNOTATION,COVERAGE_BALANCED_DUPLICATE_REPRESENTATIVE,NOT_ANNOTATED,42.6,240.625
taipei_frame_003302,pexels_13258685_traffic_in_city,data/raw/videos/pexels_13258685_traffic_in_city.mp4,3302,66.04,Taipei,data/interim/v2_targeted_annotation/images/taipei_frame_003302.jpg,3885ebeca2e12446bc39241fba0debe6a67259285af0d5005216b40308d799a5,2b2b1a6c2f222b6c,V2_FRAME_DUP_00243,1,DIFFICULT_HEURISTIC,car;motorcycle;person,CROSSWALK;DENSE_TRAFFIC;INTERSECTION;MULTIPLE_PERSON;OCCLUSION;PERSON_CAR;PERSON_MOTORCYCLE;PERSON_PRESENT;SMALL_PERSON,HEURISTIC;MODEL_ASSISTED,False,SELECTED_FOR_ANNOTATION,COVERAGE_BALANCED_DUPLICATE_REPRESENTATIVE,NOT_ANNOTATED,39.15,240.644
taipei_frame_003318,pexels_13258685_traffic_in_city,data/raw/videos/pexels_13258685_traffic_in_city.mp4,3318,66.36,Taipei,data/interim/v2_targeted_annotation/images/taipei_frame_003318.jpg,6d75f531182407b7b384bc97bfabfdc6474baaec730ac55fdfceb4dd860cb7fc,2b2b1ae88f224bcc,V2_FRAME_DUP_00244,1,DIFFICULT_HEURISTIC,car;motorcycle;person,CROSSWALK;DENSE_TRAFFIC;INTERSECTION;MULTIPLE_PERSON;OCCLUSION;PERSON_CAR;PERSON_MOTORCYCLE;PERSON_PRESENT;SMALL_PERSON,HEURISTIC;MODEL_ASSISTED,False,SELECTED_FOR_ANNOTATION,COVERAGE_BALANCED_DUPLICATE_REPRESENTATIVE,NOT_ANNOTATED,33.0,261.853
taipei_frame_003329,pexels_13258685_traffic_in_city,data/raw/videos/pexels_13258685_traffic_in_city.mp4,3329,66.58,Taipei,data/interim/v2_targeted_annotation/images/taipei_frame_003329.jpg,35ab5b14cfbcc53bf182ba854ad4e15aee071792565c3bec40b02e9dc0461c96,2b2b12ec0f228b4c,V2_FRAME_DUP_00245,1,DIFFICULT_HEURISTIC,car;motorcycle;person,CROSSWALK;DENSE_TRAFFIC;INTERSECTION;MULTIPLE_PERSON;OCCLUSION;PERSON_CAR;PERSON_MOTORCYCLE;PERSON_PRESENT;SMALL_PERSON,HEURISTIC;MODEL_ASSISTED,False,SELECTED_FOR_ANNOTATION,COVERAGE_BALANCED_DUPLICATE_REPRESENTATIVE,NOT_ANNOTATED,36.3,294.675
taipei_frame_003340,pexels_13258685_traffic_in_city,data/raw/videos/pexels_13258685_traffic_in_city.mp4,3340,66.8,Taipei,data/interim/v2_targeted_annotation/images/taipei_frame_003340.jpg,29807dd066261a198ab784fbbcf4e24d670ad9f147614128d9b5a88bec169f05,2b2b12ec0f220b4c,V2_FRAME_DUP_00246,1,DIFFICULT_HEURISTIC,car;motorcycle;person,CROSSWALK;DENSE_TRAFFIC;INTERSECTION;MULTIPLE_PERSON;OCCLUSION;PERSON_CAR;PERSON_MOTORCYCLE;PERSON_PRESENT;SMALL_PERSON,HEURISTIC;MODEL_ASSISTED,False,SELECTED_FOR_ANNOTATION,COVERAGE_BALANCED_DUPLICATE_REPRESENTATIVE,NOT_ANNOTATED,33.15,293.462
taipei_frame_003353,pexels_13258685_traffic_in_city,data/raw/videos/pexels_13258685_traffic_in_city.mp4,3353,67.06,Taipei,data/interim/v2_targeted_annotation/images/taipei_frame_003353.jpg,5f2eaf5be7d92ff49ddf7d252d60f41189487a5cabd3ac721878baa2ab0b9f1d,2b2b1aec0f220f4c,V2_FRAME_DUP_00247,1,DIFFICULT_HEURISTIC,car;motorcycle;person,CROSSWALK;DENSE_TRAFFIC;INTERSECTION;MULTIPLE_PERSON;OCCLUSION;PERSON_CAR;PERSON_MOTORCYCLE;PERSON_PRESENT;SMALL_PERSON,HEURISTIC;MODEL_ASSISTED,False,SELECTED_FOR_ANNOTATION,COVERAGE_BALANCED_DUPLICATE_REPRESENTATIVE,NOT_ANNOTATED,39.45,285.247
taipei_frame_003363,pexels_13258685_traffic_in_city,data/raw/videos/pexels_13258685_traffic_in_city.mp4,3363,67.26,Taipei,data/interim/v2_targeted_annotation/images/taipei_frame_003363.jpg,ee794aabde4c53f3eebac7e65a168f6c11ef26fc9895b7711167ae7a8307ffaf,2b2b12ec0f220f4c,V2_FRAME_DUP_00248,1,DIFFICULT_HEURISTIC,car;motorcycle;person,CROSSWALK;DENSE_TRAFFIC;INTERSECTION;MULTIPLE_PERSON;OCCLUSION;PERSON_CAR;PERSON_MOTORCYCLE;PERSON_PRESENT;SMALL_PERSON,HEURISTIC;MODEL_ASSISTED,False,SELECTED_FOR_ANNOTATION,COVERAGE_BALANCED_DUPLICATE_REPRESENTATIVE,NOT_ANNOTATED,33.15,281.226
taipei_frame_003373,pexels_13258685_traffic_in_city,data/raw/videos/pexels_13258685_traffic_in_city.mp4,3373,67.46,Taipei,data/interim/v2_targeted_annotation/mined/taipei_frame_003373.jpg,3c9246029d60e0629bfb0307f49acfb61e09b7980ff8548910f597375d3e9f2c,2b2b1aec0f22074c,V2_FRAME_DUP_00249,1,DIFFICULT_HEURISTIC,car;motorcycle;person,CROSSWALK;DENSE_TRAFFIC;INTERSECTION;MULTIPLE_PERSON;OCCLUSION;PERSON_CAR;PERSON_MOTORCYCLE;PERSON_PRESENT,HEURISTIC;MODEL_ASSISTED,False,NOT_SELECTED_BALANCE,FINAL_SCENE_METHOD_BALANCE,NOT_ANNOTATED,27.0,278.01
taipei_frame_003387,pexels_13258685_traffic_in_city,data/raw/videos/pexels_13258685_traffic_in_city.mp4,3387,67.74,Taipei,data/interim/v2_targeted_annotation/mined/taipei_frame_003387.jpg,b053513eb2538af9bf1752c2e5ec96b77ead31dd7b74c62cf613f7681be19fd9,2b2b12ac2f22074c,V2_FRAME_DUP_00250,1,DIFFICULT_HEURISTIC,car;motorcycle;person,CROSSWALK;DENSE_TRAFFIC;INTERSECTION;MULTIPLE_PERSON;OCCLUSION;PERSON_CAR;PERSON_MOTORCYCLE;PERSON_PRESENT,HEURISTIC;MODEL_ASSISTED,False,NOT_SELECTED_BALANCE,FINAL_SCENE_METHOD_BALANCE,NOT_ANNOTATED,27.0,281.171
taipei_frame_003400,pexels_13258685_traffic_in_city,data/raw/videos/pexels_13258685_traffic_in_city.mp4,3400,68.0,Taipei,data/interim/v2_targeted_annotation/images/taipei_frame_003400.jpg,904aac5877ec62486e86ad1f07e144d4880a2b19f073af144a3d3933a7abb50e,2b2b12ac0f22074c,V2_FRAME_DUP_00251,1,SYSTEMATIC_TEMPORAL,car;motorcycle;person,CROSSWALK;DENSE_TRAFFIC;INTERSECTION;MULTIPLE_PERSON;OCCLUSION;PERSON_CAR;PERSON_MOTORCYCLE;PERSON_PRESENT;SMALL_PERSON,HEURISTIC;MODEL_ASSISTED;SYSTEMATIC,False,SELECTED_FOR_ANNOTATION,COVERAGE_BALANCED_DUPLICATE_REPRESENTATIVE,NOT_ANNOTATED,34.15,282.441
taipei_frame_003416,pexels_13258685_traffic_in_city,data/raw/videos/pexels_13258685_traffic_in_city.mp4,3416,68.32,Taipei,data/interim/v2_targeted_annotation/images/taipei_frame_003416.jpg,f4754cbdca73b6795bf722734797b5f066dcea2066d178082e6b7027b964dc75,2b2b12ec0f22074c,V2_FRAME_DUP_00252,1,DIFFICULT_HEURISTIC,car;motorcycle;person,CROSSWALK;DENSE_TRAFFIC;INTERSECTION;MULTIPLE_PERSON;OCCLUSION;PERSON_CAR;PERSON_MOTORCYCLE;PERSON_PRESENT;SMALL_PERSON,HEURISTIC;MODEL_ASSISTED,False,SELECTED_FOR_ANNOTATION,COVERAGE_BALANCED_DUPLICATE_REPRESENTATIVE,NOT_ANNOTATED,36.3,279.963
taipei_frame_003433,pexels_13258685_traffic_in_city,data/raw/videos/pexels_13258685_traffic_in_city.mp4,3433,68.66,Taipei,data/interim/v2_targeted_annotation/images/taipei_frame_003433.jpg,c46b4145f1262cbb9ec160692f7e4487fb2cd5b0e4e0b955b0c8f55071b1fb87,2b2b12ac2f2287ec,V2_FRAME_DUP_00253,1,DIFFICULT_HEURISTIC,car;motorcycle;person,CROSSWALK;DENSE_TRAFFIC;INTERSECTION;MULTIPLE_PERSON;OCCLUSION;PERSON_CAR;PERSON_MOTORCYCLE;PERSON_PRESENT;SMALL_PERSON,HEURISTIC;MODEL_ASSISTED,False,SELECTED_FOR_ANNOTATION,COVERAGE_BALANCED_DUPLICATE_REPRESENTATIVE,NOT_ANNOTATED,39.3,258.986
taipei_frame_003450,pexels_13258685_traffic_in_city,data/raw/videos/pexels_13258685_traffic_in_city.mp4,3450,69.0,Taipei,data/interim/v2_targeted_annotation/images/taipei_frame_003450.jpg,bf0f17424a73b5c852c02f7e39b9e335b7757173482865bdc86c9bc42a7c072f,2b2b126c3f18a5c6,V2_FRAME_DUP_00254,1,SYSTEMATIC_TEMPORAL,car;person,CROSSWALK;INTERSECTION;MULTIPLE_PERSON;OCCLUSION;PERSON_CAR;PERSON_PRESENT;SMALL_PERSON,HEURISTIC;MODEL_ASSISTED;SYSTEMATIC,False,SELECTED_FOR_ANNOTATION,COVERAGE_BALANCED_DUPLICATE_REPRESENTATIVE,NOT_ANNOTATED,29.85,178.247
taipei_frame_003460,pexels_13258685_traffic_in_city,data/raw/videos/pexels_13258685_traffic_in_city.mp4,3460,69.2,Taipei,data/interim/v2_targeted_annotation/mined/taipei_frame_003460.jpg,b28f499c220a507cfbe4b9e815da872390e09e7deeb7de7b63e67c4082816330,2b2b12ecc7c33c38,V2_FRAME_DUP_00255,1,DIFFICULT_HEURISTIC,car;person,CROSSWALK;INTERSECTION;MULTIPLE_PERSON;OCCLUSION;PERSON_CAR;PERSON_PRESENT;SMALL_PERSON,HEURISTIC;MODEL_ASSISTED,False,NOT_SELECTED_BALANCE,FINAL_SCENE_METHOD_BALANCE,NOT_ANNOTATED,19.4,138.879
taipei_frame_003470,pexels_13258685_traffic_in_city,data/raw/videos/pexels_13258685_traffic_in_city.mp4,3470,69.4,Taipei,data/interim/v2_targeted_annotation/images/taipei_frame_003470.jpg,a9ddbb550196c2a0445b02aa7ffcef7d01b511e4cd01a022b980638fbdbadc2d,2b2b12ac383a3646,V2_FRAME_DUP_00256,1,DIFFICULT_HEURISTIC,car;motorcycle;person,CROSSWALK;DENSE_TRAFFIC;INTERSECTION;MULTIPLE_PERSON;OCCLUSION;PERSON_CAR;PERSON_MOTORCYCLE;PERSON_PRESENT;SMALL_PERSON,HEURISTIC;MODEL_ASSISTED,False,SELECTED_FOR_ANNOTATION,COVERAGE_BALANCED_DUPLICATE_REPRESENTATIVE,NOT_ANNOTATED,36.0,193.721
taipei_frame_003480,pexels_13258685_traffic_in_city,data/raw/videos/pexels_13258685_traffic_in_city.mp4,3480,69.6,Taipei,data/interim/v2_targeted_annotation/images/taipei_frame_003480.jpg,598c40c86b9d3deee26c789a0618d13b2a5ebe24de3c687dab30c3e4acad5b68,6b2b12ac2f270e48,V2_FRAME_DUP_00257,1,DIFFICULT_HEURISTIC,car;motorcycle;person,CROSSWALK;INTERSECTION;MULTIPLE_PERSON;OCCLUSION;PERSON_CAR;PERSON_MOTORCYCLE;PERSON_PRESENT;SMALL_PERSON,HEURISTIC;MODEL_ASSISTED,False,SELECTED_FOR_ANNOTATION,COVERAGE_BALANCED_DUPLICATE_REPRESENTATIVE,NOT_ANNOTATED,30.85,254.39
taipei_frame_003490,pexels_13258685_traffic_in_city,data/raw/videos/pexels_13258685_traffic_in_city.mp4,3490,69.8,Taipei,data/interim/v2_targeted_annotation/mined/taipei_frame_003490.jpg,d548565ec4a94033b9a0127bad9412fb3fd85aa8caf53cec4250d7a3da16a0b2,2b2b1aac2f22074c,V2_FRAME_DUP_00258,1,DIFFICULT_HEURISTIC,car;motorcycle;person,CROSSWALK;INTERSECTION;MULTIPLE_PERSON;OCCLUSION;PERSON_CAR;PERSON_MOTORCYCLE;PERSON_PRESENT,HEURISTIC;MODEL_ASSISTED,False,NOT_SELECTED_BALANCE,FINAL_SCENE_METHOD_BALANCE,NOT_ANNOTATED,21.7,280.628
taipei_frame_003500,pexels_13258685_traffic_in_city,data/raw/videos/pexels_13258685_traffic_in_city.mp4,3500,70.0,Taipei,data/interim/v2_targeted_annotation/images/taipei_frame_003500.jpg,28c3969e8d0af4ce830b307af8646f87d5562879b705034a4d4e89c84c55479b,2b2b12ac2f22074c,V2_FRAME_DUP_00259,1,SYSTEMATIC_TEMPORAL,car;motorcycle;person,CROSSWALK;DENSE_TRAFFIC;INTERSECTION;MULTIPLE_PERSON;OCCLUSION;PERSON_CAR;PERSON_MOTORCYCLE;PERSON_PRESENT,HEURISTIC;MODEL_ASSISTED;SYSTEMATIC,False,SELECTED_FOR_ANNOTATION,COVERAGE_BALANCED_DUPLICATE_REPRESENTATIVE,NOT_ANNOTATED,31.0,278.138
taipei_frame_003510,pexels_13258685_traffic_in_city,data/raw/videos/pexels_13258685_traffic_in_city.mp4,3510,70.2,Taipei,data/interim/v2_targeted_annotation/images/taipei_frame_003510.jpg,c55a34583453546bc7ed7fb876f36e1f0a37093818dc74b2cfa8da272ad91514,6b2b12ec2f220f4c,V2_FRAME_DUP_00260,1,DIFFICULT_HEURISTIC,car;motorcycle;person,CROSSWALK;DENSE_TRAFFIC;INTERSECTION;MULTIPLE_PERSON;OCCLUSION;PERSON_CAR;PERSON_MOTORCYCLE;PERSON_PRESENT,HEURISTIC;MODEL_ASSISTED,False,SELECTED_FOR_ANNOTATION,COVERAGE_BALANCED_DUPLICATE_REPRESENTATIVE,NOT_ANNOTATED,30.15,282.535
taipei_frame_003528,pexels_13258685_traffic_in_city,data/raw/videos/pexels_13258685_traffic_in_city.mp4,3528,70.56,Taipei,data/interim/v2_targeted_annotation/images/taipei_frame_003528.jpg,366c48d5ee69bb1c07738869f3f25a1b89908bd9918bb302641e5b09147bb91e,2b2b12ec2f220f4c,V2_FRAME_DUP_00261,1,DIFFICULT_HEURISTIC,car;motorcycle;person,CROSSWALK;DENSE_TRAFFIC;INTERSECTION;MULTIPLE_PERSON;OCCLUSION;PERSON_CAR;PERSON_MOTORCYCLE;PERSON_PRESENT,HEURISTIC;MODEL_ASSISTED,False,SELECTED_FOR_ANNOTATION,COVERAGE_BALANCED_DUPLICATE_REPRESENTATIVE,NOT_ANNOTATED,30.3,276.556
taipei_frame_003539,pexels_13258685_traffic_in_city,data/raw/videos/pexels_13258685_traffic_in_city.mp4,3539,70.78,Taipei,data/interim/v2_targeted_annotation/images/taipei_frame_003539.jpg,9dacedc2550ad3ddaf1ec910f44b1ba3b4f8ac0c2f131c1ace3660c61f77619f,2b2b12ec2f22074c,V2_FRAME_DUP_00262,1,DIFFICULT_HEURISTIC,car;motorcycle;person,CROSSWALK;DENSE_TRAFFIC;INTERSECTION;MULTIPLE_PERSON;OCCLUSION;PERSON_CAR;PERSON_MOTORCYCLE;PERSON_PRESENT,HEURISTIC;MODEL_ASSISTED,False,SELECTED_FOR_ANNOTATION,COVERAGE_BALANCED_DUPLICATE_REPRESENTATIVE,NOT_ANNOTATED,30.0,276.738
taipei_frame_003550,pexels_13258685_traffic_in_city,data/raw/videos/pexels_13258685_traffic_in_city.mp4,3550,71.0,Taipei,data/interim/v2_targeted_annotation/images/taipei_frame_003550.jpg,a2f69b67e4a24a3490b36fec4e20653d4a03e5986e9b9db580ed37f8923204f8,6b2b12ec2f22074c,V2_FRAME_DUP_00263,1,SYSTEMATIC_TEMPORAL,car;motorcycle;person,CROSSWALK;DENSE_TRAFFIC;INTERSECTION;MULTIPLE_PERSON;OCCLUSION;PERSON_CAR;PERSON_MOTORCYCLE;PERSON_PRESENT,HEURISTIC;MODEL_ASSISTED;SYSTEMATIC,False,SELECTED_FOR_ANNOTATION,COVERAGE_BALANCED_DUPLICATE_REPRESENTATIVE,NOT_ANNOTATED,28.0,281.128
taipei_frame_003568,pexels_13258685_traffic_in_city,data/raw/videos/pexels_13258685_traffic_in_city.mp4,3568,71.36,Taipei,data/interim/v2_targeted_annotation/images/taipei_frame_003568.jpg,8942d1e38e157fa886fc42af676eba147a2ac97ff8f8eccaf8d9c2dcecfc165d,2b2b12ec2f220f4c,V2_FRAME_DUP_00264,1,DIFFICULT_HEURISTIC,car;motorcycle;person,CROSSWALK;DENSE_TRAFFIC;INTERSECTION;MULTIPLE_PERSON;OCCLUSION;PERSON_CAR;PERSON_MOTORCYCLE;PERSON_PRESENT;SMALL_PERSON,HEURISTIC;MODEL_ASSISTED,False,SELECTED_FOR_ANNOTATION,COVERAGE_BALANCED_DUPLICATE_REPRESENTATIVE,NOT_ANNOTATED,39.45,278.005
taipei_frame_003578,pexels_13258685_traffic_in_city,data/raw/videos/pexels_13258685_traffic_in_city.mp4,3578,71.56,Taipei,data/interim/v2_targeted_annotation/images/taipei_frame_003578.jpg,c7c39b043aaac5fed2663d8a28c705382384f7a5db0cbaf76b9179a07c5531a4,6b2b12ac2f220f4c,V2_FRAME_DUP_00265,1,DIFFICULT_HEURISTIC,car;motorcycle;person,CROSSWALK;DENSE_TRAFFIC;INTERSECTION;MULTIPLE_PERSON;OCCLUSION;PERSON_CAR;PERSON_MOTORCYCLE;PERSON_PRESENT;SMALL_PERSON,HEURISTIC;MODEL_ASSISTED,False,SELECTED_FOR_ANNOTATION,COVERAGE_BALANCED_DUPLICATE_REPRESENTATIVE,NOT_ANNOTATED,36.3,272.69
taipei_frame_003590,pexels_13258685_traffic_in_city,data/raw/videos/pexels_13258685_traffic_in_city.mp4,3590,71.8,Taipei,data/interim/v2_targeted_annotation/images/taipei_frame_003590.jpg,478373a59d65c9b64bd5ded60d66a80deb8aa1e580765a30f062b3ac4eae9b7a,2b2b12ec2f220f4c,V2_FRAME_DUP_00266,1,DIFFICULT_HEURISTIC,car;motorcycle;person,CROSSWALK;DENSE_TRAFFIC;INTERSECTION;MULTIPLE_PERSON;OCCLUSION;PERSON_CAR;PERSON_MOTORCYCLE;PERSON_PRESENT;SMALL_PERSON,HEURISTIC;MODEL_ASSISTED,False,SELECTED_FOR_ANNOTATION,COVERAGE_BALANCED_DUPLICATE_REPRESENTATIVE,NOT_ANNOTATED,39.45,273.761
taipei_frame_003600,pexels_13258685_traffic_in_city,data/raw/videos/pexels_13258685_traffic_in_city.mp4,3600,72.0,Taipei,data/interim/v2_targeted_annotation/images/taipei_frame_003600.jpg,4e1dfda3bf474be52f8076256ca6ee6a2e08dabd21f3bd65202748446620308b,2b2b12ac2f220f4c,V2_FRAME_DUP_00267,1,SYSTEMATIC_TEMPORAL,car;motorcycle;person,CROSSWALK;DENSE_TRAFFIC;INTERSECTION;MULTIPLE_PERSON;OCCLUSION;PERSON_CAR;PERSON_MOTORCYCLE;PERSON_PRESENT;SMALL_PERSON,HEURISTIC;MODEL_ASSISTED;SYSTEMATIC,False,SELECTED_FOR_ANNOTATION,COVERAGE_BALANCED_DUPLICATE_REPRESENTATIVE,NOT_ANNOTATED,37.3,274.006
taipei_frame_003610,pexels_13258685_traffic_in_city,data/raw/videos/pexels_13258685_traffic_in_city.mp4,3610,72.2,Taipei,data/interim/v2_targeted_annotation/images/taipei_frame_003610.jpg,cdc8a06cc26e374700ca784c67ceecadbd2e36459640c659c548d5e3e2ccd2cb,6b2b12ec2f22074c,V2_FRAME_DUP_00268,1,DIFFICULT_HEURISTIC,car;motorcycle;person,CROSSWALK;DENSE_TRAFFIC;INTERSECTION;MULTIPLE_PERSON;OCCLUSION;PERSON_CAR;PERSON_MOTORCYCLE;PERSON_PRESENT;SMALL_PERSON,HEURISTIC;MODEL_ASSISTED,False,SELECTED_FOR_ANNOTATION,COVERAGE_BALANCED_DUPLICATE_REPRESENTATIVE,NOT_ANNOTATED,36.3,275.169
taipei_frame_003622,pexels_13258685_traffic_in_city,data/raw/videos/pexels_13258685_traffic_in_city.mp4,3622,72.44,Taipei,data/interim/v2_targeted_annotation/images/taipei_frame_003622.jpg,f49906b7a392a4ea75e5b8d926c46ac8c0ba1bd7e40982a99bc949cc28529ef6,6b2b12ac2f22074c,V2_FRAME_DUP_00269,1,DIFFICULT_HEURISTIC,car;motorcycle;person,CROSSWALK;DENSE_TRAFFIC;INTERSECTION;MULTIPLE_PERSON;OCCLUSION;PERSON_CAR;PERSON_MOTORCYCLE;PERSON_PRESENT;SMALL_PERSON,HEURISTIC;MODEL_ASSISTED,False,SELECTED_FOR_ANNOTATION,COVERAGE_BALANCED_DUPLICATE_REPRESENTATIVE,NOT_ANNOTATED,39.45,298.378
taipei_frame_003640,pexels_13258685_traffic_in_city,data/raw/videos/pexels_13258685_traffic_in_city.mp4,3640,72.8,Taipei,data/interim/v2_targeted_annotation/images/taipei_frame_003640.jpg,a18d04a80342079313164caf3c121416b55cae0a6df5661723950ff933db63fd,6b2b1aac2f22074c,V2_FRAME_DUP_00270,1,DIFFICULT_HEURISTIC,car;motorcycle;person,CROSSWALK;DENSE_TRAFFIC;INTERSECTION;MULTIPLE_PERSON;OCCLUSION;PERSON_CAR;PERSON_MOTORCYCLE;PERSON_PRESENT;SMALL_PERSON,HEURISTIC;MODEL_ASSISTED,False,SELECTED_FOR_ANNOTATION,COVERAGE_BALANCED_DUPLICATE_REPRESENTATIVE,NOT_ANNOTATED,39.45,290.031
taipei_frame_003656,pexels_13258685_traffic_in_city,data/raw/videos/pexels_13258685_traffic_in_city.mp4,3656,73.12,Taipei,data/interim/v2_targeted_annotation/images/taipei_frame_003656.jpg,b1279112ca0d7aa4d3ce846f9b0c62b69e01119383f27c5c4369094a905f7072,6b2b12ac2f22074c,V2_FRAME_DUP_00271,1,DIFFICULT_HEURISTIC,car;motorcycle;person,CROSSWALK;DENSE_TRAFFIC;INTERSECTION;MULTIPLE_PERSON;OCCLUSION;PERSON_CAR;PERSON_MOTORCYCLE;PERSON_PRESENT,HEURISTIC;MODEL_ASSISTED,False,SELECTED_FOR_ANNOTATION,COVERAGE_BALANCED_DUPLICATE_REPRESENTATIVE,NOT_ANNOTATED,36.45,285.915
taipei_frame_003666,pexels_13258685_traffic_in_city,data/raw/videos/pexels_13258685_traffic_in_city.mp4,3666,73.32,Taipei,data/interim/v2_targeted_annotation/images/taipei_frame_003666.jpg,3f52f52c53515be375e9ed4000e413b4069c312aa74f14a37b1aa2733f1e28cc,2b2b12ac2f22074c,V2_FRAME_DUP_00272,1,DIFFICULT_HEURISTIC,car;motorcycle;person,CROSSWALK;DENSE_TRAFFIC;INTERSECTION;MULTIPLE_PERSON;OCCLUSION;PERSON_CAR;PERSON_MOTORCYCLE;PERSON_PRESENT,HEURISTIC;MODEL_ASSISTED,False,SELECTED_FOR_ANNOTATION,COVERAGE_BALANCED_DUPLICATE_REPRESENTATIVE,NOT_ANNOTATED,30.15,279.488
taipei_frame_003684,pexels_13258685_traffic_in_city,data/raw/videos/pexels_13258685_traffic_in_city.mp4,3684,73.68,Taipei,data/interim/v2_targeted_annotation/images/taipei_frame_003684.jpg,4f41c9e6ec071897d6561ffd1c3cee94333dbd550efaddebe9b0dcd8e9d0910c,2b2b12ac2f22074c,V2_FRAME_DUP_00273,1,DIFFICULT_HEURISTIC,car;motorcycle;person,CROSSWALK;DENSE_TRAFFIC;INTERSECTION;MULTIPLE_PERSON;OCCLUSION;PERSON_CAR;PERSON_MOTORCYCLE;PERSON_PRESENT;SMALL_PERSON,HEURISTIC;MODEL_ASSISTED,False,SELECTED_FOR_ANNOTATION,COVERAGE_BALANCED_DUPLICATE_REPRESENTATIVE,NOT_ANNOTATED,36.3,275.177
taipei_frame_003700,pexels_13258685_traffic_in_city,data/raw/videos/pexels_13258685_traffic_in_city.mp4,3700,74.0,Taipei,data/interim/v2_targeted_annotation/images/taipei_frame_003700.jpg,018607461ab2b67e59484614405a1e6b4ee344f0abd50358972490d25a857603,6b2b1aac2f22074c,V2_FRAME_DUP_00274,1,SYSTEMATIC_TEMPORAL,car;motorcycle;person,CROSSWALK;DENSE_TRAFFIC;INTERSECTION;MULTIPLE_PERSON;OCCLUSION;PERSON_CAR;PERSON_MOTORCYCLE;PERSON_PRESENT;SMALL_PERSON,HEURISTIC;MODEL_ASSISTED;SYSTEMATIC,False,SELECTED_FOR_ANNOTATION,COVERAGE_BALANCED_DUPLICATE_REPRESENTATIVE,NOT_ANNOTATED,31.0,277.373
taipei_frame_003710,pexels_13258685_traffic_in_city,data/raw/videos/pexels_13258685_traffic_in_city.mp4,3710,74.2,Taipei,data/interim/v2_targeted_annotation/mined/taipei_frame_003710.jpg,3ece73a1e4fe551bb9d200ae684c2cb157e31b9188bc2dd6ac2418a162df1f4e,2b2b12ac2f22074c,V2_FRAME_DUP_00275,1,DIFFICULT_HEURISTIC,car;motorcycle;person,CROSSWALK;DENSE_TRAFFIC;INTERSECTION;MULTIPLE_PERSON;OCCLUSION;PERSON_CAR;PERSON_MOTORCYCLE;PERSON_PRESENT,HEURISTIC;MODEL_ASSISTED,False,NOT_SELECTED_BALANCE,FINAL_SCENE_METHOD_BALANCE,NOT_ANNOTATED,27.15,276.947
taipei_frame_003729,pexels_13258685_traffic_in_city,data/raw/videos/pexels_13258685_traffic_in_city.mp4,3729,74.58,Taipei,data/interim/v2_targeted_annotation/mined/taipei_frame_003729.jpg,f2df3d8885b10814947969bd5166913693fb8cf4cfd4809371133b741fa9cd48,2b2b12ac2f22074c,V2_FRAME_DUP_00276,1,DIFFICULT_HEURISTIC,car;motorcycle;person,CROSSWALK;DENSE_TRAFFIC;INTERSECTION;MULTIPLE_PERSON;OCCLUSION;PERSON_CAR;PERSON_MOTORCYCLE;PERSON_PRESENT,HEURISTIC;MODEL_ASSISTED,False,NOT_SELECTED_BALANCE,FINAL_SCENE_METHOD_BALANCE,NOT_ANNOTATED,27.0,266.988
taipei_frame_003740,pexels_13258685_traffic_in_city,data/raw/videos/pexels_13258685_traffic_in_city.mp4,3740,74.8,Taipei,data/interim/v2_targeted_annotation/mined/taipei_frame_003740.jpg,ab7f7a68e28c3c129b1946556ca6ccd4f7fc233705b3da8e419749899325ec52,2b2b1aac2f22074c,V2_FRAME_DUP_00277,1,DIFFICULT_HEURISTIC,car;motorcycle;person,CROSSWALK;DENSE_TRAFFIC;INTERSECTION;MULTIPLE_PERSON;OCCLUSION;PERSON_CAR;PERSON_MOTORCYCLE;PERSON_PRESENT,HEURISTIC;MODEL_ASSISTED,False,NOT_SELECTED_BALANCE,FINAL_SCENE_METHOD_BALANCE,NOT_ANNOTATED,27.0,273.664
taipei_frame_003750,pexels_13258685_traffic_in_city,data/raw/videos/pexels_13258685_traffic_in_city.mp4,3750,75.0,Taipei,data/interim/v2_targeted_annotation/images/taipei_frame_003750.jpg,0abc64c446638f09b43d2e0677cac37cb0a36f250ad276490a4f76937bdf0a55,2b2b12ac2f22064c,V2_FRAME_DUP_00278,1,SYSTEMATIC_TEMPORAL,car;motorcycle;person,CROSSWALK;DENSE_TRAFFIC;INTERSECTION;MULTIPLE_PERSON;OCCLUSION;PERSON_CAR;PERSON_MOTORCYCLE;PERSON_PRESENT,HEURISTIC;MODEL_ASSISTED;SYSTEMATIC,False,SELECTED_FOR_ANNOTATION,COVERAGE_BALANCED_DUPLICATE_REPRESENTATIVE,NOT_ANNOTATED,28.0,273.364
taipei_frame_003760,pexels_13258685_traffic_in_city,data/raw/videos/pexels_13258685_traffic_in_city.mp4,3760,75.2,Taipei,data/interim/v2_targeted_annotation/mined/taipei_frame_003760.jpg,07ef51bd86654086453cccdb46ea231b52c67149c7e22b68b262b2f0e2528367,2b2b12ac2f22064c,V2_FRAME_DUP_00279,1,DIFFICULT_HEURISTIC,car;motorcycle;person,CROSSWALK;DENSE_TRAFFIC;INTERSECTION;MULTIPLE_PERSON;OCCLUSION;PERSON_CAR;PERSON_MOTORCYCLE;PERSON_PRESENT,HEURISTIC;MODEL_ASSISTED,False,NOT_SELECTED_BALANCE,FINAL_SCENE_METHOD_BALANCE,NOT_ANNOTATED,27.15,273.846
taipei_frame_003770,pexels_13258685_traffic_in_city,data/raw/videos/pexels_13258685_traffic_in_city.mp4,3770,75.4,Taipei,data/interim/v2_targeted_annotation/mined/taipei_frame_003770.jpg,3130135a69610c40c19e673d294742813d09cce57c5dbac7250e0d8955ccf195,2b2b1aac2f22064c,V2_FRAME_DUP_00280,1,DIFFICULT_HEURISTIC,car;motorcycle;person,CROSSWALK;DENSE_TRAFFIC;INTERSECTION;MULTIPLE_PERSON;OCCLUSION;PERSON_CAR;PERSON_MOTORCYCLE;PERSON_PRESENT,HEURISTIC;MODEL_ASSISTED,False,NOT_SELECTED_BALANCE,FINAL_SCENE_METHOD_BALANCE,NOT_ANNOTATED,27.15,274.708
taipei_frame_003787,pexels_13258685_traffic_in_city,data/raw/videos/pexels_13258685_traffic_in_city.mp4,3787,75.74,Taipei,data/interim/v2_targeted_annotation/images/taipei_frame_003787.jpg,647a421d6e32c05130a7d19a355c323d25141a9e6277a1d3af24e6381a5d98d9,2b2b1aac2f22064c,V2_FRAME_DUP_00281,1,DIFFICULT_HEURISTIC,car;motorcycle;person,CROSSWALK;DENSE_TRAFFIC;INTERSECTION;MULTIPLE_PERSON;OCCLUSION;PERSON_CAR;PERSON_MOTORCYCLE;PERSON_PRESENT;SMALL_PERSON,HEURISTIC;MODEL_ASSISTED,False,SELECTED_FOR_ANNOTATION,COVERAGE_BALANCED_DUPLICATE_REPRESENTATIVE,NOT_ANNOTATED,33.3,288.766
taipei_frame_003800,pexels_13258685_traffic_in_city,data/raw/videos/pexels_13258685_traffic_in_city.mp4,3800,76.0,Taipei,data/interim/v2_targeted_annotation/images/taipei_frame_003800.jpg,a96445a3bb93a17045a6938cf6acc27fbdd8ae51433cf4aaace9854567fdab30,2b2b12ac2f22064c,V2_FRAME_DUP_00282,1,SYSTEMATIC_TEMPORAL,car;motorcycle;person,CROSSWALK;DENSE_TRAFFIC;INTERSECTION;MULTIPLE_PERSON;OCCLUSION;PERSON_CAR;PERSON_MOTORCYCLE;PERSON_PRESENT;SMALL_PERSON,HEURISTIC;MODEL_ASSISTED;SYSTEMATIC,False,SELECTED_FOR_ANNOTATION,COVERAGE_BALANCED_DUPLICATE_REPRESENTATIVE,NOT_ANNOTATED,34.15,279.702
taipei_frame_003810,pexels_13258685_traffic_in_city,data/raw/videos/pexels_13258685_traffic_in_city.mp4,3810,76.2,Taipei,data/interim/v2_targeted_annotation/images/taipei_frame_003810.jpg,cb50daa4a5498663cdf84d1f96bcec7ae4282277573ca9cb1f235210b3f0e5f5,2b2b12ac2f22064c,V2_FRAME_DUP_00283,1,DIFFICULT_HEURISTIC,car;motorcycle;person,CROSSWALK;DENSE_TRAFFIC;INTERSECTION;MULTIPLE_PERSON;OCCLUSION;PERSON_CAR;PERSON_MOTORCYCLE;PERSON_PRESENT;SMALL_PERSON,HEURISTIC;MODEL_ASSISTED,False,SELECTED_FOR_ANNOTATION,COVERAGE_BALANCED_DUPLICATE_REPRESENTATIVE,NOT_ANNOTATED,33.15,280.314
taipei_frame_003828,pexels_13258685_traffic_in_city,data/raw/videos/pexels_13258685_traffic_in_city.mp4,3828,76.56,Taipei,data/interim/v2_targeted_annotation/images/taipei_frame_003828.jpg,c9dba3825692b4e11130ddfb95e7c76187574b4cc80f1d38d2e246e5c9af2f21,2b2b12ac2f22064c,V2_FRAME_DUP_00284,1,DIFFICULT_HEURISTIC,car;motorcycle;person,CROSSWALK;DENSE_TRAFFIC;INTERSECTION;MULTIPLE_PERSON;OCCLUSION;PERSON_CAR;PERSON_MOTORCYCLE;PERSON_PRESENT;SMALL_PERSON,HEURISTIC;MODEL_ASSISTED,False,SELECTED_FOR_ANNOTATION,COVERAGE_BALANCED_DUPLICATE_REPRESENTATIVE,NOT_ANNOTATED,36.45,280.104
taipei_frame_003838,pexels_13258685_traffic_in_city,data/raw/videos/pexels_13258685_traffic_in_city.mp4,3838,76.76,Taipei,data/interim/v2_targeted_annotation/images/taipei_frame_003838.jpg,ed9d343e8761f7908c591cb17cf06806b5ce76f8cab496fc67290f7d6b794dca,2b2b12ac2f22064c,V2_FRAME_DUP_00285,1,DIFFICULT_HEURISTIC,car;motorcycle;person,CROSSWALK;DENSE_TRAFFIC;INTERSECTION;MULTIPLE_PERSON;OCCLUSION;PERSON_CAR;PERSON_MOTORCYCLE;PERSON_PRESENT;SMALL_PERSON,HEURISTIC;MODEL_ASSISTED,False,SELECTED_FOR_ANNOTATION,COVERAGE_BALANCED_DUPLICATE_REPRESENTATIVE,NOT_ANNOTATED,36.3,277.127
taipei_frame_003856,pexels_13258685_traffic_in_city,data/raw/videos/pexels_13258685_traffic_in_city.mp4,3856,77.12,Taipei,data/interim/v2_targeted_annotation/images/taipei_frame_003856.jpg,564eadf9daa0dafd6a31683031ed5b22c79746595a455c53ce222a4d77c9a81e,2b2b12ac2f22064c,V2_FRAME_DUP_00286,1,DIFFICULT_HEURISTIC,car;motorcycle;person,CROSSWALK;DENSE_TRAFFIC;INTERSECTION;MULTIPLE_PERSON;OCCLUSION;PERSON_CAR;PERSON_MOTORCYCLE;PERSON_PRESENT;SMALL_PERSON,HEURISTIC;MODEL_ASSISTED,False,SELECTED_FOR_ANNOTATION,COVERAGE_BALANCED_DUPLICATE_REPRESENTATIVE,NOT_ANNOTATED,39.45,273.888
taipei_frame_003866,pexels_13258685_traffic_in_city,data/raw/videos/pexels_13258685_traffic_in_city.mp4,3866,77.32,Taipei,data/interim/v2_targeted_annotation/images/taipei_frame_003866.jpg,372b7f15c638e0481eb40f27f75d336dd59d07d047777092ab555a866cbad1a5,2b2b12ac2f22064c,V2_FRAME_DUP_00287,1,DIFFICULT_HEURISTIC,car;motorcycle;person,CROSSWALK;DENSE_TRAFFIC;INTERSECTION;MULTIPLE_PERSON;OCCLUSION;PERSON_CAR;PERSON_MOTORCYCLE;PERSON_PRESENT;SMALL_PERSON,HEURISTIC;MODEL_ASSISTED,False,SELECTED_FOR_ANNOTATION,COVERAGE_BALANCED_DUPLICATE_REPRESENTATIVE,NOT_ANNOTATED,39.45,276.753
taipei_frame_003878,pexels_13258685_traffic_in_city,data/raw/videos/pexels_13258685_traffic_in_city.mp4,3878,77.56,Taipei,data/interim/v2_targeted_annotation/images/taipei_frame_003878.jpg,464c959ab4406e35812e842b6191b09d5d73144159f6e48d138fd66fae4ddfe1,2b2b12ad2f22064c,V2_FRAME_DUP_00288,1,DIFFICULT_HEURISTIC,car;motorcycle;person,CROSSWALK;DENSE_TRAFFIC;INTERSECTION;MULTIPLE_PERSON;OCCLUSION;PERSON_CAR;PERSON_MOTORCYCLE;PERSON_PRESENT;SMALL_PERSON,HEURISTIC;MODEL_ASSISTED,False,SELECTED_FOR_ANNOTATION,COVERAGE_BALANCED_DUPLICATE_REPRESENTATIVE,NOT_ANNOTATED,36.3,274.176
taipei_frame_003888,pexels_13258685_traffic_in_city,data/raw/videos/pexels_13258685_traffic_in_city.mp4,3888,77.76,Taipei,data/interim/v2_targeted_annotation/images/taipei_frame_003888.jpg,2ba3abf150d87094a751f5f981bea213e95a68b6da017f78a686e9bf29ba9a60,2b2b12af2e22064c,V2_FRAME_DUP_00289,1,DIFFICULT_HEURISTIC,car;motorcycle;person,CROSSWALK;DENSE_TRAFFIC;INTERSECTION;MULTIPLE_PERSON;OCCLUSION;PERSON_CAR;PERSON_MOTORCYCLE;PERSON_PRESENT;SMALL_PERSON,HEURISTIC;MODEL_ASSISTED,False,SELECTED_FOR_ANNOTATION,COVERAGE_BALANCED_DUPLICATE_REPRESENTATIVE,NOT_ANNOTATED,36.3,270.245
taipei_frame_003900,pexels_13258685_traffic_in_city,data/raw/videos/pexels_13258685_traffic_in_city.mp4,3900,78.0,Taipei,data/interim/v2_targeted_annotation/images/taipei_frame_003900.jpg,34a9cf863c780a5f63101d2656df4054eb879219655956f1dbb702e5526c8b77,2b2b12ae2e220f4d,V2_FRAME_DUP_00290,1,SYSTEMATIC_TEMPORAL,motorcycle;person,CROSSWALK;DENSE_TRAFFIC;INTERSECTION;MULTIPLE_PERSON;OCCLUSION;PERSON_MOTORCYCLE;PERSON_PRESENT,HEURISTIC;MODEL_ASSISTED;SYSTEMATIC,False,SELECTED_FOR_ANNOTATION,COVERAGE_BALANCED_DUPLICATE_REPRESENTATIVE,NOT_ANNOTATED,31.0,262.76
taipei_frame_003918,pexels_13258685_traffic_in_city,data/raw/videos/pexels_13258685_traffic_in_city.mp4,3918,78.36,Taipei,data/interim/v2_targeted_annotation/images/taipei_frame_003918.jpg,c386d583d7d06e092ce1b49e7daa84aa7b6beb1bfdf7a504aa2ad26eb51fa243,2b2b12ac2d220eee,V2_FRAME_DUP_00291,1,DIFFICULT_HEURISTIC,car;motorcycle;person,CROSSWALK;DENSE_TRAFFIC;INTERSECTION;MULTIPLE_PERSON;OCCLUSION;PERSON_CAR;PERSON_MOTORCYCLE;PERSON_PRESENT;SMALL_PERSON,HEURISTIC;MODEL_ASSISTED,False,SELECTED_FOR_ANNOTATION,COVERAGE_BALANCED_DUPLICATE_REPRESENTATIVE,NOT_ANNOTATED,39.45,241.36
taipei_frame_003935,pexels_13258685_traffic_in_city,data/raw/videos/pexels_13258685_traffic_in_city.mp4,3935,78.7,Taipei,data/interim/v2_targeted_annotation/images/taipei_frame_003935.jpg,4a6beb3ee81598441d6145aa7c226a6152083e9bb49dc175b0340adcafea4dc7,2b2b12a8da24b45c,V2_FRAME_DUP_00292,1,DIFFICULT_HEURISTIC,car;person,CROSSWALK;DENSE_TRAFFIC;INTERSECTION;MULTIPLE_PERSON;OCCLUSION;PERSON_CAR;PERSON_PRESENT;SMALL_PERSON,HEURISTIC;MODEL_ASSISTED,False,SELECTED_FOR_ANNOTATION,COVERAGE_BALANCED_DUPLICATE_REPRESENTATIVE,NOT_ANNOTATED,37.15,186.617
taipei_frame_003950,pexels_13258685_traffic_in_city,data/raw/videos/pexels_13258685_traffic_in_city.mp4,3950,79.0,Taipei,data/interim/v2_targeted_annotation/images/taipei_frame_003950.jpg,0ec60941856666f85e3556da900616e2619cc8994264eee680d876a57ea441e6,2b2b1a3034c2da49,V2_FRAME_DUP_00293,1,SYSTEMATIC_TEMPORAL,car;person,CROSSWALK;INTERSECTION;MULTIPLE_PERSON;OCCLUSION;PERSON_CAR;PERSON_PRESENT;SMALL_PERSON,HEURISTIC;MODEL_ASSISTED;SYSTEMATIC,False,SELECTED_FOR_ANNOTATION,COVERAGE_BALANCED_DUPLICATE_REPRESENTATIVE,NOT_ANNOTATED,29.85,139.367
taipei_frame_003969,pexels_13258685_traffic_in_city,data/raw/videos/pexels_13258685_traffic_in_city.mp4,3969,79.38,Taipei,data/interim/v2_targeted_annotation/images/taipei_frame_003969.jpg,ac39e2ffaa5c94cb9b89d26f0a04fea50eeeff39cc79fddb7097d3758b92d4c9,2b2b1ae168367753,V2_FRAME_DUP_00294,1,DIFFICULT_HEURISTIC,car;motorcycle;person,CROSSWALK;INTERSECTION;MULTIPLE_PERSON;OCCLUSION;PERSON_CAR;PERSON_MOTORCYCLE;PERSON_PRESENT;SMALL_PERSON,HEURISTIC;MODEL_ASSISTED,False,SELECTED_FOR_ANNOTATION,COVERAGE_BALANCED_DUPLICATE_REPRESENTATIVE,NOT_ANNOTATED,27.85,139.723
taipei_frame_003980,pexels_13258685_traffic_in_city,data/raw/videos/pexels_13258685_traffic_in_city.mp4,3980,79.6,Taipei,data/interim/v2_targeted_annotation/mined/taipei_frame_003980.jpg,3d6088803ddaefb73c25dcbbff7923653b350ba29663bc275e44b9adb6a3360b,2b2b3acece246469,V2_FRAME_DUP_00295,1,DIFFICULT_HEURISTIC,car;motorcycle;person,CROSSWALK;INTERSECTION;MULTIPLE_PERSON;OCCLUSION;PERSON_CAR;PERSON_MOTORCYCLE;PERSON_PRESENT;SMALL_PERSON,HEURISTIC;MODEL_ASSISTED,False,NOT_SELECTED_BALANCE,FINAL_SCENE_METHOD_BALANCE,NOT_ANNOTATED,18.55,106.096
taipei_frame_003990,pexels_13258685_traffic_in_city,data/raw/videos/pexels_13258685_traffic_in_city.mp4,3990,79.8,Taipei,data/interim/v2_targeted_annotation/images/taipei_frame_003990.jpg,360465b5f48c8b2eb1ec95cf8d497c5877922fed4b09d754892d4f0665248315,2b2b1acc8f226b6c,V2_FRAME_DUP_00296,1,DIFFICULT_HEURISTIC,car;motorcycle;person,CROSSWALK;DENSE_TRAFFIC;INTERSECTION;MULTIPLE_PERSON;OCCLUSION;PERSON_CAR;PERSON_MOTORCYCLE;PERSON_PRESENT;SMALL_PERSON,HEURISTIC;MODEL_ASSISTED,False,SELECTED_FOR_ANNOTATION,COVERAGE_BALANCED_DUPLICATE_REPRESENTATIVE,NOT_ANNOTATED,33.3,98.239
taipei_frame_004008,pexels_13258685_traffic_in_city,data/raw/videos/pexels_13258685_traffic_in_city.mp4,4008,80.16,Taipei,data/interim/v2_targeted_annotation/images/taipei_frame_004008.jpg,13837231cce2640c7e04839027a9f7baeddd43cb20c770359896fca4c4257063,2b2b92ac2f424acc,V2_FRAME_DUP_00297,1,DIFFICULT_HEURISTIC,car;motorcycle;person,CROSSWALK;DENSE_TRAFFIC;INTERSECTION;MULTIPLE_PERSON;OCCLUSION;PERSON_CAR;PERSON_MOTORCYCLE;PERSON_PRESENT;SMALL_PERSON,HEURISTIC;MODEL_ASSISTED,False,SELECTED_FOR_ANNOTATION,COVERAGE_BALANCED_DUPLICATE_REPRESENTATIVE,NOT_ANNOTATED,39.3,112.557
taipei_frame_004018,pexels_13258685_traffic_in_city,data/raw/videos/pexels_13258685_traffic_in_city.mp4,4018,80.36,Taipei,data/interim/v2_targeted_annotation/images/taipei_frame_004018.jpg,02871827e28eed4ae14902c05eab63595449e582b14a3e640a6752974b6b058d,2b2b922c2fa28aac,V2_FRAME_DUP_00298,1,DIFFICULT_HEURISTIC,car;motorcycle;person,CROSSWALK;INTERSECTION;MULTIPLE_PERSON;OCCLUSION;PERSON_CAR;PERSON_MOTORCYCLE;PERSON_PRESENT;SMALL_PERSON,HEURISTIC;MODEL_ASSISTED,False,SELECTED_FOR_ANNOTATION,COVERAGE_BALANCED_DUPLICATE_REPRESENTATIVE,NOT_ANNOTATED,30.85,208.479
taipei_frame_004033,pexels_13258685_traffic_in_city,data/raw/videos/pexels_13258685_traffic_in_city.mp4,4033,80.66,Taipei,data/interim/v2_targeted_annotation/images/taipei_frame_004033.jpg,e94e5d5ee743057582cc8de894a1a73fcdba2535d1cfe823667fc7cb0685e89c,2b2b122cae220a4c,V2_FRAME_DUP_00299,1,DIFFICULT_HEURISTIC,car;motorcycle;person,CROSSWALK;DENSE_TRAFFIC;INTERSECTION;MULTIPLE_PERSON;OCCLUSION;PERSON_CAR;PERSON_MOTORCYCLE;PERSON_PRESENT;SMALL_PERSON,HEURISTIC;MODEL_ASSISTED,False,SELECTED_FOR_ANNOTATION,COVERAGE_BALANCED_DUPLICATE_REPRESENTATIVE,NOT_ANNOTATED,39.3,262.827
taipei_frame_004048,pexels_13258685_traffic_in_city,data/raw/videos/pexels_13258685_traffic_in_city.mp4,4048,80.96,Taipei,data/interim/v2_targeted_annotation/images/taipei_frame_004048.jpg,e1dbdc5d618c315c1af87a4c0c8023dcb2fae9247f521c5f70cd24671dedc911,6b2b126c2e230a4c,V2_FRAME_DUP_00300,1,DIFFICULT_HEURISTIC,car;motorcycle;person,CROSSWALK;DENSE_TRAFFIC;INTERSECTION;MULTIPLE_PERSON;OCCLUSION;PERSON_CAR;PERSON_MOTORCYCLE;PERSON_PRESENT;SMALL_PERSON,HEURISTIC;MODEL_ASSISTED,False,SELECTED_FOR_ANNOTATION,COVERAGE_BALANCED_DUPLICATE_REPRESENTATIVE,NOT_ANNOTATED,39.45,284.658
taipei_frame_004059,pexels_13258685_traffic_in_city,data/raw/videos/pexels_13258685_traffic_in_city.mp4,4059,81.18,Taipei,data/interim/v2_targeted_annotation/images/taipei_frame_004059.jpg,973fc88db5e7f7b9acce5104e6165ec03a53d4cce48a7aa920a60fa6f4997675,2b2b12ec2e230b4c,V2_FRAME_DUP_00301,1,DIFFICULT_HEURISTIC,car;motorcycle;person,CROSSWALK;DENSE_TRAFFIC;INTERSECTION;MULTIPLE_PERSON;OCCLUSION;PERSON_CAR;PERSON_MOTORCYCLE;PERSON_PRESENT;SMALL_PERSON,HEURISTIC;MODEL_ASSISTED,False,SELECTED_FOR_ANNOTATION,COVERAGE_BALANCED_DUPLICATE_REPRESENTATIVE,NOT_ANNOTATED,36.3,296.465
taipei_frame_004078,pexels_13258685_traffic_in_city,data/raw/videos/pexels_13258685_traffic_in_city.mp4,4078,81.56,Taipei,data/interim/v2_targeted_annotation/images/taipei_frame_004078.jpg,7f5e715dbac48604f076ebfa34550f7caa7fa9648d00b0a1c57ba6521e425b39,2b2b12ec2e230b4c,V2_FRAME_DUP_00302,1,DIFFICULT_HEURISTIC,car;motorcycle;person,CROSSWALK;DENSE_TRAFFIC;INTERSECTION;MULTIPLE_PERSON;OCCLUSION;PERSON_CAR;PERSON_MOTORCYCLE;PERSON_PRESENT;SMALL_PERSON,HEURISTIC;MODEL_ASSISTED,False,SELECTED_FOR_ANNOTATION,COVERAGE_BALANCED_DUPLICATE_REPRESENTATIVE,NOT_ANNOTATED,30.15,317.405
taipei_frame_004088,pexels_13258685_traffic_in_city,data/raw/videos/pexels_13258685_traffic_in_city.mp4,4088,81.76,Taipei,data/interim/v2_targeted_annotation/images/taipei_frame_004088.jpg,f69fa6848f870c76734c78b418f1ce9d942f5bc5531657a99f1b937180711345,2b2b12ec2e230b4c,V2_FRAME_DUP_00303,1,DIFFICULT_HEURISTIC,car;motorcycle;person,CROSSWALK;DENSE_TRAFFIC;INTERSECTION;MULTIPLE_PERSON;OCCLUSION;PERSON_CAR;PERSON_MOTORCYCLE;PERSON_PRESENT;SMALL_PERSON,HEURISTIC;MODEL_ASSISTED,False,SELECTED_FOR_ANNOTATION,COVERAGE_BALANCED_DUPLICATE_REPRESENTATIVE,NOT_ANNOTATED,33.15,304.672
taipei_frame_004100,pexels_13258685_traffic_in_city,data/raw/videos/pexels_13258685_traffic_in_city.mp4,4100,82.0,Taipei,data/interim/v2_targeted_annotation/images/taipei_frame_004100.jpg,6828a338766b8d8a462b8c2009b53fa0ed63aef53cce26aebf15f8e0f014c5ff,2b2b12ec2e230b4c,V2_FRAME_DUP_00304,1,SYSTEMATIC_TEMPORAL,car;motorcycle;person,CROSSWALK;DENSE_TRAFFIC;INTERSECTION;MULTIPLE_PERSON;OCCLUSION;PERSON_CAR;PERSON_MOTORCYCLE;PERSON_PRESENT;SMALL_PERSON,HEURISTIC;MODEL_ASSISTED;SYSTEMATIC,False,SELECTED_FOR_ANNOTATION,COVERAGE_BALANCED_DUPLICATE_REPRESENTATIVE,NOT_ANNOTATED,31.0,303.508
taipei_frame_004110,pexels_13258685_traffic_in_city,data/raw/videos/pexels_13258685_traffic_in_city.mp4,4110,82.2,Taipei,data/interim/v2_targeted_annotation/images/taipei_frame_004110.jpg,7ab96be65e40171a559df9a22c9381fcd20447355d0b09a51fb9ab3a07f720ab,2b2b12ec2e230a4c,V2_FRAME_DUP_00305,1,DIFFICULT_HEURISTIC,car;motorcycle;person,CROSSWALK;DENSE_TRAFFIC;INTERSECTION;MULTIPLE_PERSON;OCCLUSION;PERSON_CAR;PERSON_MOTORCYCLE;PERSON_PRESENT;SMALL_PERSON,HEURISTIC;MODEL_ASSISTED,False,SELECTED_FOR_ANNOTATION,COVERAGE_BALANCED_DUPLICATE_REPRESENTATIVE,NOT_ANNOTATED,33.15,290.8
taipei_frame_004120,pexels_13258685_traffic_in_city,data/raw/videos/pexels_13258685_traffic_in_city.mp4,4120,82.4,Taipei,data/interim/v2_targeted_annotation/images/taipei_frame_004120.jpg,9884994a4a2d926c4523671a82b4420cc528b93d1878716b1b3bf38251a462e2,2b2b12ac2e230a4c,V2_FRAME_DUP_00306,1,DIFFICULT_HEURISTIC,car;motorcycle;person,CROSSWALK;DENSE_TRAFFIC;INTERSECTION;MULTIPLE_PERSON;OCCLUSION;PERSON_CAR;PERSON_MOTORCYCLE;PERSON_PRESENT;SMALL_PERSON,HEURISTIC;MODEL_ASSISTED,False,SELECTED_FOR_ANNOTATION,COVERAGE_BALANCED_DUPLICATE_REPRESENTATIVE,NOT_ANNOTATED,33.15,297.897
taipei_frame_004130,pexels_13258685_traffic_in_city,data/raw/videos/pexels_13258685_traffic_in_city.mp4,4130,82.6,Taipei,data/interim/v2_targeted_annotation/images/taipei_frame_004130.jpg,e0e6bf160a142acd6a98d9218cff9c4f90b213807589b3edeb2b8b3d7b5b7329,2b2b12ec2e230a4c,V2_FRAME_DUP_00307,1,DIFFICULT_HEURISTIC,car;motorcycle;person,CROSSWALK;DENSE_TRAFFIC;INTERSECTION;MULTIPLE_PERSON;OCCLUSION;PERSON_CAR;PERSON_MOTORCYCLE;PERSON_PRESENT;SMALL_PERSON,HEURISTIC;MODEL_ASSISTED,False,SELECTED_FOR_ANNOTATION,COVERAGE_BALANCED_DUPLICATE_REPRESENTATIVE,NOT_ANNOTATED,36.3,296.702
taipei_frame_004140,pexels_13258685_traffic_in_city,data/raw/videos/pexels_13258685_traffic_in_city.mp4,4140,82.8,Taipei,data/interim/v2_targeted_annotation/mined/taipei_frame_004140.jpg,7b579f9c1f297b91d8c3ae3a30eb4e1a86ab55121f73546a35ace74ae023497e,2b2b12ad0f220e4c,V2_FRAME_DUP_00308,1,DIFFICULT_HEURISTIC,car;motorcycle;person,CROSSWALK;INTERSECTION;MULTIPLE_PERSON;OCCLUSION;PERSON_CAR;PERSON_MOTORCYCLE;PERSON_PRESENT;SMALL_PERSON,HEURISTIC;MODEL_ASSISTED,False,NOT_SELECTED_BALANCE,FINAL_SCENE_METHOD_BALANCE,NOT_ANNOTATED,24.85,300.264
taipei_frame_004150,pexels_13258685_traffic_in_city,data/raw/videos/pexels_13258685_traffic_in_city.mp4,4150,83.0,Taipei,data/interim/v2_targeted_annotation/images/taipei_frame_004150.jpg,99014733460442c40fa2b4fb0175c21d78ec0374396716f8784c61a616725ac6,2b2b122d3b22464c,V2_FRAME_DUP_00309,1,SYSTEMATIC_TEMPORAL,car;motorcycle;person,CROSSWALK;DENSE_TRAFFIC;INTERSECTION;MULTIPLE_PERSON;OCCLUSION;PERSON_CAR;PERSON_MOTORCYCLE;PERSON_PRESENT,HEURISTIC;MODEL_ASSISTED;SYSTEMATIC,False,SELECTED_FOR_ANNOTATION,COVERAGE_BALANCED_DUPLICATE_REPRESENTATIVE,NOT_ANNOTATED,25.0,293.052
taipei_frame_004160,pexels_13258685_traffic_in_city,data/raw/videos/pexels_13258685_traffic_in_city.mp4,4160,83.2,Taipei,data/interim/v2_targeted_annotation/images/taipei_frame_004160.jpg,fe8596e4573b2c8557802cf2153f727ea89afe713e2de62fa4c8196d2ce8aee9,2b2b12ad3b228e4c,V2_FRAME_DUP_00310,1,DIFFICULT_HEURISTIC,car;motorcycle;person,CROSSWALK;DENSE_TRAFFIC;INTERSECTION;MULTIPLE_PERSON;OCCLUSION;PERSON_CAR;PERSON_MOTORCYCLE;PERSON_PRESENT;SMALL_PERSON,HEURISTIC;MODEL_ASSISTED,False,SELECTED_FOR_ANNOTATION,COVERAGE_BALANCED_DUPLICATE_REPRESENTATIVE,NOT_ANNOTATED,30.3,291.234
taipei_frame_004170,pexels_13258685_traffic_in_city,data/raw/videos/pexels_13258685_traffic_in_city.mp4,4170,83.4,Taipei,data/interim/v2_targeted_annotation/mined/taipei_frame_004170.jpg,bce9eeba89e009bac6c2e0af92090fd6b609a1dc5e8b3fb31f52688a3675b15a,2b2b12ae3a220b4c,V2_FRAME_DUP_00311,1,DIFFICULT_HEURISTIC,car;motorcycle;person,CROSSWALK;INTERSECTION;MULTIPLE_PERSON;OCCLUSION;PERSON_CAR;PERSON_MOTORCYCLE;PERSON_PRESENT,HEURISTIC;MODEL_ASSISTED,False,NOT_SELECTED_BALANCE,FINAL_SCENE_METHOD_BALANCE,NOT_ANNOTATED,21.85,293.103
taipei_frame_004188,pexels_13258685_traffic_in_city,data/raw/videos/pexels_13258685_traffic_in_city.mp4,4188,83.76,Taipei,data/interim/v2_targeted_annotation/mined/taipei_frame_004188.jpg,424ed3547c9c793403ab57de23e110715dd28ffda3a07f0d619acdbde58c13e9,6b2b12ac2a230b4c,V2_FRAME_DUP_00312,1,DIFFICULT_HEURISTIC,car;motorcycle;person,CROSSWALK;DENSE_TRAFFIC;INTERSECTION;MULTIPLE_PERSON;OCCLUSION;PERSON_CAR;PERSON_MOTORCYCLE;PERSON_PRESENT,HEURISTIC;MODEL_ASSISTED,False,NOT_SELECTED_BALANCE,FINAL_SCENE_METHOD_BALANCE,NOT_ANNOTATED,27.0,288.454
taipei_frame_004200,pexels_13258685_traffic_in_city,data/raw/videos/pexels_13258685_traffic_in_city.mp4,4200,84.0,Taipei,data/interim/v2_targeted_annotation/images/taipei_frame_004200.jpg,cda162d268a68029919a3b642a65804fd922f5d6c63f159b7ed9da7076cadd7b,6b2b12ac68230b4c,V2_FRAME_DUP_00313,1,SYSTEMATIC_TEMPORAL,car;motorcycle;person,CROSSWALK;INTERSECTION;MULTIPLE_PERSON;OCCLUSION;PERSON_CAR;PERSON_MOTORCYCLE;PERSON_PRESENT,HEURISTIC;MODEL_ASSISTED;SYSTEMATIC,False,SELECTED_FOR_ANNOTATION,COVERAGE_BALANCED_DUPLICATE_REPRESENTATIVE,NOT_ANNOTATED,22.85,288.181
taipei_frame_004214,pexels_13258685_traffic_in_city,data/raw/videos/pexels_13258685_traffic_in_city.mp4,4214,84.28,Taipei,data/interim/v2_targeted_annotation/mined/taipei_frame_004214.jpg,6f47b2bc28cdab0743d42847e60b271a7ab047d21630758d0aac46a70aa96ec5,2b2b12a86823074c,V2_FRAME_DUP_00314,1,DIFFICULT_HEURISTIC,car;motorcycle;person,CROSSWALK;DENSE_TRAFFIC;INTERSECTION;MULTIPLE_PERSON;OCCLUSION;PERSON_CAR;PERSON_MOTORCYCLE;PERSON_PRESENT,HEURISTIC;MODEL_ASSISTED,False,NOT_SELECTED_BALANCE,FINAL_SCENE_METHOD_BALANCE,NOT_ANNOTATED,27.0,271.021
taipei_frame_004233,pexels_13258685_traffic_in_city,data/raw/videos/pexels_13258685_traffic_in_city.mp4,4233,84.66,Taipei,data/interim/v2_targeted_annotation/mined/taipei_frame_004233.jpg,e7d704996db0dc1eb1b5847000eb925eacba709d7a48f70e8e31e1dc5d80534d,2b2b12ec24234b4c,V2_FRAME_DUP_00315,1,DIFFICULT_HEURISTIC,car;motorcycle;person,CROSSWALK;DENSE_TRAFFIC;INTERSECTION;MULTIPLE_PERSON;OCCLUSION;PERSON_CAR;PERSON_MOTORCYCLE;PERSON_PRESENT,HEURISTIC;MODEL_ASSISTED,False,NOT_SELECTED_BALANCE,FINAL_SCENE_METHOD_BALANCE,NOT_ANNOTATED,24.0,294.356
taipei_frame_004250,pexels_13258685_traffic_in_city,data/raw/videos/pexels_13258685_traffic_in_city.mp4,4250,85.0,Taipei,data/interim/v2_targeted_annotation/images/taipei_frame_004250.jpg,55b49ca1abf388245611e6f0f753834a459a00e9294e7f060d5ab5d52fcf94d2,2b2b1a6c6c230b4c,V2_FRAME_DUP_00316,1,SYSTEMATIC_TEMPORAL,car;motorcycle;person,CROSSWALK;DENSE_TRAFFIC;INTERSECTION;MULTIPLE_PERSON;OCCLUSION;PERSON_CAR;PERSON_MOTORCYCLE;PERSON_PRESENT;SMALL_PERSON,HEURISTIC;MODEL_ASSISTED;SYSTEMATIC,False,SELECTED_FOR_ANNOTATION,COVERAGE_BALANCED_DUPLICATE_REPRESENTATIVE,NOT_ANNOTATED,31.0,281.525
taipei_frame_004260,pexels_13258685_traffic_in_city,data/raw/videos/pexels_13258685_traffic_in_city.mp4,4260,85.2,Taipei,data/interim/v2_targeted_annotation/images/taipei_frame_004260.jpg,70ca132832afdac4565e79620965a2c09f3671f7b77653387eb4265d458b658f,2b2b1aac0c234b4c,V2_FRAME_DUP_00317,1,DIFFICULT_HEURISTIC,car;motorcycle;person,CROSSWALK;DENSE_TRAFFIC;INTERSECTION;MULTIPLE_PERSON;OCCLUSION;PERSON_CAR;PERSON_MOTORCYCLE;PERSON_PRESENT;SMALL_PERSON,HEURISTIC;MODEL_ASSISTED,False,SELECTED_FOR_ANNOTATION,COVERAGE_BALANCED_DUPLICATE_REPRESENTATIVE,NOT_ANNOTATED,33.15,288.094
taipei_frame_004277,pexels_13258685_traffic_in_city,data/raw/videos/pexels_13258685_traffic_in_city.mp4,4277,85.54,Taipei,data/interim/v2_targeted_annotation/images/taipei_frame_004277.jpg,0d4df49cc650b54fb0352cbe882a2a44393c14a9ad9b9ed9d1f2dbe12a788385,2b2b1a2c2c238b4c,V2_FRAME_DUP_00318,1,DIFFICULT_HEURISTIC,car;motorcycle;person,CROSSWALK;DENSE_TRAFFIC;INTERSECTION;MULTIPLE_PERSON;OCCLUSION;PERSON_CAR;PERSON_MOTORCYCLE;PERSON_PRESENT;SMALL_PERSON,HEURISTIC;MODEL_ASSISTED,False,SELECTED_FOR_ANNOTATION,COVERAGE_BALANCED_DUPLICATE_REPRESENTATIVE,NOT_ANNOTATED,33.15,283.099
taipei_frame_004287,pexels_13258685_traffic_in_city,data/raw/videos/pexels_13258685_traffic_in_city.mp4,4287,85.74,Taipei,data/interim/v2_targeted_annotation/mined/taipei_frame_004287.jpg,dcac60a5ce3660af463108ce48789118429a6d102bce56cc06138afb869a5d84,2b2b1aac2c220a4c,V2_FRAME_DUP_00319,1,DIFFICULT_HEURISTIC,motorcycle;person,CROSSWALK;INTERSECTION;MULTIPLE_PERSON;OCCLUSION;PERSON_MOTORCYCLE;PERSON_PRESENT,HEURISTIC;MODEL_ASSISTED,False,NOT_SELECTED_BALANCE,FINAL_SCENE_METHOD_BALANCE,NOT_ANNOTATED,21.7,288.659
taipei_frame_004300,pexels_13258685_traffic_in_city,data/raw/videos/pexels_13258685_traffic_in_city.mp4,4300,86.0,Taipei,data/interim/v2_targeted_annotation/images/taipei_frame_004300.jpg,748fdda76cf129718a8a82826f219b1022c7f42fb3e7319be21b1324a0d29c3c,2b2b1aac2c220a4c,V2_FRAME_DUP_00320,1,SYSTEMATIC_TEMPORAL,car;motorcycle;person,CROSSWALK;DENSE_TRAFFIC;INTERSECTION;MULTIPLE_PERSON;OCCLUSION;PERSON_CAR;PERSON_MOTORCYCLE;PERSON_PRESENT,HEURISTIC;MODEL_ASSISTED;SYSTEMATIC,False,SELECTED_FOR_ANNOTATION,COVERAGE_BALANCED_DUPLICATE_REPRESENTATIVE,NOT_ANNOTATED,28.15,287.947
taipei_frame_004312,pexels_13258685_traffic_in_city,data/raw/videos/pexels_13258685_traffic_in_city.mp4,4312,86.24,Taipei,data/interim/v2_targeted_annotation/images/taipei_frame_004312.jpg,d8c09e6bfdf4c2398a8b67f81935dcbce8adfcd89cac702fd62ea08199babd65,2b2b12ac2c220b4c,V2_FRAME_DUP_00321,1,DIFFICULT_HEURISTIC,car;motorcycle;person,CROSSWALK;DENSE_TRAFFIC;INTERSECTION;MULTIPLE_PERSON;OCCLUSION;PERSON_CAR;PERSON_MOTORCYCLE;PERSON_PRESENT;SMALL_PERSON,HEURISTIC;MODEL_ASSISTED,False,SELECTED_FOR_ANNOTATION,COVERAGE_BALANCED_DUPLICATE_REPRESENTATIVE,NOT_ANNOTATED,36.45,281.897
taipei_frame_004322,pexels_13258685_traffic_in_city,data/raw/videos/pexels_13258685_traffic_in_city.mp4,4322,86.44,Taipei,data/interim/v2_targeted_annotation/images/taipei_frame_004322.jpg,fcd2d917878ac250b31e7953af3564a3455128a746e25a278f427fa1b94e807c,2b2b12ac2c200b4c,V2_FRAME_DUP_00322,1,DIFFICULT_HEURISTIC,car;motorcycle;person,CROSSWALK;DENSE_TRAFFIC;INTERSECTION;MULTIPLE_PERSON;OCCLUSION;PERSON_CAR;PERSON_MOTORCYCLE;PERSON_PRESENT;SMALL_PERSON,HEURISTIC;MODEL_ASSISTED,False,SELECTED_FOR_ANNOTATION,COVERAGE_BALANCED_DUPLICATE_REPRESENTATIVE,NOT_ANNOTATED,33.3,291.988
taipei_frame_004333,pexels_13258685_traffic_in_city,data/raw/videos/pexels_13258685_traffic_in_city.mp4,4333,86.66,Taipei,data/interim/v2_targeted_annotation/images/taipei_frame_004333.jpg,9ac72f0c01fb24febaa09697fb53e47035e0288ec96a1a79d578f640eeb7611a,2b2b12ac6c200a4c,V2_FRAME_DUP_00323,1,DIFFICULT_HEURISTIC,car;motorcycle;person,CROSSWALK;DENSE_TRAFFIC;INTERSECTION;MULTIPLE_PERSON;OCCLUSION;PERSON_CAR;PERSON_MOTORCYCLE;PERSON_PRESENT;SMALL_PERSON,HEURISTIC;MODEL_ASSISTED,False,SELECTED_FOR_ANNOTATION,COVERAGE_BALANCED_DUPLICATE_REPRESENTATIVE,NOT_ANNOTATED,36.3,282.114
taipei_frame_004350,pexels_13258685_traffic_in_city,data/raw/videos/pexels_13258685_traffic_in_city.mp4,4350,87.0,Taipei,data/interim/v2_targeted_annotation/images/taipei_frame_004350.jpg,9605637f043459b2a76e98e3705415dc9a0eabb18768e91940f7c271554e27a4,2b2b12ac2d200b4c,V2_FRAME_DUP_00324,1,SYSTEMATIC_TEMPORAL,car;motorcycle;person,CROSSWALK;INTERSECTION;MULTIPLE_PERSON;OCCLUSION;PERSON_CAR;PERSON_MOTORCYCLE;PERSON_PRESENT;SMALL_PERSON,HEURISTIC;MODEL_ASSISTED;SYSTEMATIC,False,SELECTED_FOR_ANNOTATION,COVERAGE_BALANCED_DUPLICATE_REPRESENTATIVE,NOT_ANNOTATED,28.85,277.787
taipei_frame_004360,pexels_13258685_traffic_in_city,data/raw/videos/pexels_13258685_traffic_in_city.mp4,4360,87.2,Taipei,data/interim/v2_targeted_annotation/images/taipei_frame_004360.jpg,14858cf5e3fd26eceb91c0b430afdd17cd97bb908f9a2107344405d675417130,2b2b12ac0c210b4c,V2_FRAME_DUP_00325,1,DIFFICULT_HEURISTIC,motorcycle;person,CROSSWALK;INTERSECTION;MULTIPLE_PERSON;OCCLUSION;PERSON_MOTORCYCLE;PERSON_PRESENT;SMALL_PERSON,HEURISTIC;MODEL_ASSISTED,False,SELECTED_FOR_ANNOTATION,COVERAGE_BALANCED_DUPLICATE_REPRESENTATIVE,NOT_ANNOTATED,27.85,272.492
taipei_frame_004372,pexels_13258685_traffic_in_city,data/raw/videos/pexels_13258685_traffic_in_city.mp4,4372,87.44,Taipei,data/interim/v2_targeted_annotation/images/taipei_frame_004372.jpg,f435983092b1eb6658817611eff7972a97a216418abdcd4ee0426e4e2a8c5839,2b2b12ac0c234f4c,V2_FRAME_DUP_00326,1,DIFFICULT_HEURISTIC,motorcycle;person,CROSSWALK;INTERSECTION;MULTIPLE_PERSON;OCCLUSION;PERSON_MOTORCYCLE;PERSON_PRESENT;SMALL_PERSON,HEURISTIC;MODEL_ASSISTED,False,SELECTED_FOR_ANNOTATION,COVERAGE_BALANCED_DUPLICATE_REPRESENTATIVE,NOT_ANNOTATED,30.85,276.088
taipei_frame_004389,pexels_13258685_traffic_in_city,data/raw/videos/pexels_13258685_traffic_in_city.mp4,4389,87.78,Taipei,data/interim/v2_targeted_annotation/images/taipei_frame_004389.jpg,e6ad95413cf12472a500bcf23d854fcebbe591789bf160b83a695e3035e636fa,2b2b12ac1c238b4c,V2_FRAME_DUP_00327,1,DIFFICULT_HEURISTIC,car;motorcycle;person,CROSSWALK;DENSE_TRAFFIC;INTERSECTION;MULTIPLE_PERSON;OCCLUSION;PERSON_CAR;PERSON_MOTORCYCLE;PERSON_PRESENT;SMALL_PERSON,HEURISTIC;MODEL_ASSISTED,False,SELECTED_FOR_ANNOTATION,COVERAGE_BALANCED_DUPLICATE_REPRESENTATIVE,NOT_ANNOTATED,33.45,294.264
taipei_frame_004400,pexels_13258685_traffic_in_city,data/raw/videos/pexels_13258685_traffic_in_city.mp4,4400,88.0,Taipei,data/interim/v2_targeted_annotation/images/taipei_frame_004400.jpg,12cae57a19ea10ad47c092527885b449b08753f032adae2c76e39dce3637dab2,2b2b12ace4234b4c,V2_FRAME_DUP_00328,1,SYSTEMATIC_TEMPORAL,car;motorcycle;person,CROSSWALK;DENSE_TRAFFIC;INTERSECTION;MULTIPLE_PERSON;OCCLUSION;PERSON_CAR;PERSON_MOTORCYCLE;PERSON_PRESENT,HEURISTIC;MODEL_ASSISTED;SYSTEMATIC,False,SELECTED_FOR_ANNOTATION,COVERAGE_BALANCED_DUPLICATE_REPRESENTATIVE,NOT_ANNOTATED,28.0,285.351
taipei_frame_004414,pexels_13258685_traffic_in_city,data/raw/videos/pexels_13258685_traffic_in_city.mp4,4414,88.28,Taipei,data/interim/v2_targeted_annotation/mined/taipei_frame_004414.jpg,62cf6297ce2f28312854afe55e7b1635d17f7df7a88890a4fb4ca97386095cb1,2b2b12aca4238b4c,V2_FRAME_DUP_00329,1,DIFFICULT_HEURISTIC,car;motorcycle;person,CROSSWALK;DENSE_TRAFFIC;INTERSECTION;MULTIPLE_PERSON;OCCLUSION;PERSON_CAR;PERSON_MOTORCYCLE;PERSON_PRESENT,HEURISTIC;MODEL_ASSISTED,False,NOT_SELECTED_BALANCE,FINAL_SCENE_METHOD_BALANCE,NOT_ANNOTATED,24.0,274.907
taipei_frame_004424,pexels_13258685_traffic_in_city,data/raw/videos/pexels_13258685_traffic_in_city.mp4,4424,88.48,Taipei,data/interim/v2_targeted_annotation/images/taipei_frame_004424.jpg,ada4d771041c82dde42d226e28d323d8bbdb8b83bd0ac7dabfe5f3790564cefd,2b2b12ac2c230b4c,V2_FRAME_DUP_00330,1,DIFFICULT_HEURISTIC,motorcycle;person,CROSSWALK;DENSE_TRAFFIC;INTERSECTION;MULTIPLE_PERSON;OCCLUSION;PERSON_MOTORCYCLE;PERSON_PRESENT;SMALL_PERSON,HEURISTIC;MODEL_ASSISTED,False,SELECTED_FOR_ANNOTATION,COVERAGE_BALANCED_DUPLICATE_REPRESENTATIVE,NOT_ANNOTATED,36.3,276.093
taipei_frame_004437,pexels_13258685_traffic_in_city,data/raw/videos/pexels_13258685_traffic_in_city.mp4,4437,88.74,Taipei,data/interim/v2_targeted_annotation/images/taipei_frame_004437.jpg,82b9f12af723182750bbb1e737634901e1f57050a5c727da4008cd5f293ca1c8,6b2b12ac2c234a4c,V2_FRAME_DUP_00331,1,DIFFICULT_HEURISTIC,car;motorcycle;person,CROSSWALK;DENSE_TRAFFIC;INTERSECTION;MULTIPLE_PERSON;OCCLUSION;PERSON_CAR;PERSON_MOTORCYCLE;PERSON_PRESENT;SMALL_PERSON,HEURISTIC;MODEL_ASSISTED,False,SELECTED_FOR_ANNOTATION,COVERAGE_BALANCED_DUPLICATE_REPRESENTATIVE,NOT_ANNOTATED,39.45,277.138
taipei_frame_004450,pexels_13258685_traffic_in_city,data/raw/videos/pexels_13258685_traffic_in_city.mp4,4450,89.0,Taipei,data/interim/v2_targeted_annotation/images/taipei_frame_004450.jpg,fb7231feb3eef58776d5bef492a040b902001ec150c381111fcc931fea7a763d,6b2b12ac2e234b4c,V2_FRAME_DUP_00332,1,SYSTEMATIC_TEMPORAL,car;motorcycle;person,CROSSWALK;DENSE_TRAFFIC;INTERSECTION;MULTIPLE_PERSON;OCCLUSION;PERSON_CAR;PERSON_MOTORCYCLE;PERSON_PRESENT;SMALL_PERSON,HEURISTIC;MODEL_ASSISTED;SYSTEMATIC,False,SELECTED_FOR_ANNOTATION,COVERAGE_BALANCED_DUPLICATE_REPRESENTATIVE,NOT_ANNOTATED,31.0,285.718
taipei_frame_004464,pexels_13258685_traffic_in_city,data/raw/videos/pexels_13258685_traffic_in_city.mp4,4464,89.28,Taipei,data/interim/v2_targeted_annotation/images/taipei_frame_004464.jpg,284f1b002f29c92810917b86d18475a9d657bf7de4e202c0fe627ff8f749efaf,6b2b12ec2d2b4eec,V2_FRAME_DUP_00333,1,DIFFICULT_HEURISTIC,car;motorcycle;person,CROSSWALK;DENSE_TRAFFIC;INTERSECTION;MULTIPLE_PERSON;OCCLUSION;PERSON_CAR;PERSON_MOTORCYCLE;PERSON_PRESENT;SMALL_PERSON,HEURISTIC;MODEL_ASSISTED,False,SELECTED_FOR_ANNOTATION,COVERAGE_BALANCED_DUPLICATE_REPRESENTATIVE,NOT_ANNOTATED,33.15,264.535
taipei_frame_004474,pexels_13258685_traffic_in_city,data/raw/videos/pexels_13258685_traffic_in_city.mp4,4474,89.48,Taipei,data/interim/v2_targeted_annotation/mined/taipei_frame_004474.jpg,478c4c3792254978e81174a5a5d3a551f22216f9d9772def7b604b752b9290a8,6b2b122c8b22035e,V2_FRAME_DUP_00334,1,DIFFICULT_HEURISTIC,car;motorcycle;person,CROSSWALK;INTERSECTION;MULTIPLE_PERSON;OCCLUSION;PERSON_CAR;PERSON_MOTORCYCLE;PERSON_PRESENT;SMALL_PERSON,HEURISTIC;MODEL_ASSISTED,False,NOT_SELECTED_BALANCE,FINAL_SCENE_METHOD_BALANCE,NOT_ANNOTATED,24.55,201.428
taipei_frame_004485,pexels_13258685_traffic_in_city,data/raw/videos/pexels_13258685_traffic_in_city.mp4,4485,89.7,Taipei,data/interim/v2_targeted_annotation/mined/taipei_frame_004485.jpg,0eee15fb9f2e0de405919fbad026132e02e3a0f5912a63d93ccc533f1717a52b,6b2b122030c0f37b,V2_FRAME_DUP_00335,1,DIFFICULT_HEURISTIC,car;person,CROSSWALK;INTERSECTION;MULTIPLE_PERSON;OCCLUSION;PERSON_CAR;PERSON_PRESENT;SMALL_PERSON,HEURISTIC;MODEL_ASSISTED,False,NOT_SELECTED_BALANCE,FINAL_SCENE_METHOD_BALANCE,NOT_ANNOTATED,16.25,139.394
taipei_frame_004500,pexels_13258685_traffic_in_city,data/raw/videos/pexels_13258685_traffic_in_city.mp4,4500,90.0,Taipei,data/interim/v2_targeted_annotation/images/taipei_frame_004500.jpg,76eef3f8a87e7e7bb914649596439a18b45a067e6ab70a9d38fdb32080249492,6b2b1ab175346743,V2_FRAME_DUP_00336,1,SYSTEMATIC_TEMPORAL,car;person,CROSSWALK;INTERSECTION;MULTIPLE_PERSON;PERSON_CAR;PERSON_PRESENT,HEURISTIC;MODEL_ASSISTED;SYSTEMATIC,False,SELECTED_FOR_ANNOTATION,COVERAGE_BALANCED_DUPLICATE_REPRESENTATIVE,NOT_ANNOTATED,9.45,211.257
taipei_frame_004510,pexels_13258685_traffic_in_city,data/raw/videos/pexels_13258685_traffic_in_city.mp4,4510,90.2,Taipei,data/interim/v2_targeted_annotation/mined/taipei_frame_004510.jpg,5fd450fe6c80bb0523384511fbdcfb5066a569953ae9b10e404ccf9c3a8bf2a5,6b2b12ee2e26cc4d,V2_FRAME_DUP_00337,1,DIFFICULT_HEURISTIC,car;motorcycle;person,CROSSWALK;DENSE_TRAFFIC;INTERSECTION;MULTIPLE_PERSON;OCCLUSION;PERSON_CAR;PERSON_MOTORCYCLE;PERSON_PRESENT,HEURISTIC;MODEL_ASSISTED,False,NOT_SELECTED_BALANCE,FINAL_SCENE_METHOD_BALANCE,NOT_ANNOTATED,24.0,256.307
taipei_frame_004521,pexels_13258685_traffic_in_city,data/raw/videos/pexels_13258685_traffic_in_city.mp4,4521,90.42,Taipei,data/interim/v2_targeted_annotation/images/taipei_frame_004521.jpg,f7f2d2c583f1a3b89c557ca196aa9740f43a016bba9d00ec070082891105233e,6b2b1aaccca38f4c,V2_FRAME_DUP_00338,1,DIFFICULT_HEURISTIC,car;motorcycle;person,CROSSWALK;DENSE_TRAFFIC;INTERSECTION;MULTIPLE_PERSON;OCCLUSION;PERSON_CAR;PERSON_MOTORCYCLE;PERSON_PRESENT;SMALL_PERSON,HEURISTIC;MODEL_ASSISTED,False,SELECTED_FOR_ANNOTATION,COVERAGE_BALANCED_DUPLICATE_REPRESENTATIVE,NOT_ANNOTATED,30.0,270.34
taipei_frame_004532,pexels_13258685_traffic_in_city,data/raw/videos/pexels_13258685_traffic_in_city.mp4,4532,90.64,Taipei,data/interim/v2_targeted_annotation/images/taipei_frame_004532.jpg,5f5681abe919abefe0e2cb91d01ea997962d79fcb6eb154952e3a1252d33c154,6b2b1aac8ca3cf4c,V2_FRAME_DUP_00339,1,DIFFICULT_HEURISTIC,car;motorcycle;person,CROSSWALK;DENSE_TRAFFIC;INTERSECTION;MULTIPLE_PERSON;OCCLUSION;PERSON_CAR;PERSON_MOTORCYCLE;PERSON_PRESENT;SMALL_PERSON,HEURISTIC;MODEL_ASSISTED,False,SELECTED_FOR_ANNOTATION,COVERAGE_BALANCED_DUPLICATE_REPRESENTATIVE,NOT_ANNOTATED,30.0,289.709
taipei_frame_004550,pexels_13258685_traffic_in_city,data/raw/videos/pexels_13258685_traffic_in_city.mp4,4550,91.0,Taipei,data/interim/v2_targeted_annotation/images/taipei_frame_004550.jpg,a788ebe977de03afe650d00141054852748672b483d6eeece2abf5a8a25c64f6,6b2b1aac2ca38b4c,V2_FRAME_DUP_00340,1,SYSTEMATIC_TEMPORAL,motorcycle;person,CROSSWALK;INTERSECTION;MULTIPLE_PERSON;OCCLUSION;PERSON_MOTORCYCLE;PERSON_PRESENT;SMALL_PERSON,HEURISTIC;MODEL_ASSISTED;SYSTEMATIC,False,SELECTED_FOR_ANNOTATION,COVERAGE_BALANCED_DUPLICATE_REPRESENTATIVE,NOT_ANNOTATED,28.85,289.024
taipei_frame_004560,pexels_13258685_traffic_in_city,data/raw/videos/pexels_13258685_traffic_in_city.mp4,4560,91.2,Taipei,data/interim/v2_targeted_annotation/images/taipei_frame_004560.jpg,f3ea97e7a6b2709eaca5fa224a8e1d7adc7916f337c23a22811c14e0e29c3d83,6b2b12ac2ca38b4c,V2_FRAME_DUP_00341,1,DIFFICULT_HEURISTIC,motorcycle;person,CROSSWALK;DENSE_TRAFFIC;INTERSECTION;MULTIPLE_PERSON;OCCLUSION;PERSON_MOTORCYCLE;PERSON_PRESENT;SMALL_PERSON,HEURISTIC;MODEL_ASSISTED,False,SELECTED_FOR_ANNOTATION,COVERAGE_BALANCED_DUPLICATE_REPRESENTATIVE,NOT_ANNOTATED,33.0,279.137
taipei_frame_004573,pexels_13258685_traffic_in_city,data/raw/videos/pexels_13258685_traffic_in_city.mp4,4573,91.46,Taipei,data/interim/v2_targeted_annotation/images/taipei_frame_004573.jpg,410f10603b2add271f5cdd70047db92db338350d525306a1d48049174b0a33da,2b2b12ac2ca38a4c,V2_FRAME_DUP_00342,1,DIFFICULT_HEURISTIC,motorcycle;person,CROSSWALK;DENSE_TRAFFIC;INTERSECTION;MULTIPLE_PERSON;OCCLUSION;PERSON_MOTORCYCLE;PERSON_PRESENT;SMALL_PERSON,HEURISTIC;MODEL_ASSISTED,False,SELECTED_FOR_ANNOTATION,COVERAGE_BALANCED_DUPLICATE_REPRESENTATIVE,NOT_ANNOTATED,36.3,291.087
taipei_frame_004583,pexels_13258685_traffic_in_city,data/raw/videos/pexels_13258685_traffic_in_city.mp4,4583,91.66,Taipei,data/interim/v2_targeted_annotation/images/taipei_frame_004583.jpg,7232c0f6e249ca259b4ee49be0d2568229bc29d5c171de202cdd54198e8bc180,2b2b1aac2da28a4c,V2_FRAME_DUP_00343,1,DIFFICULT_HEURISTIC,car;motorcycle;person,CROSSWALK;DENSE_TRAFFIC;INTERSECTION;MULTIPLE_PERSON;OCCLUSION;PERSON_CAR;PERSON_MOTORCYCLE;PERSON_PRESENT;SMALL_PERSON,HEURISTIC;MODEL_ASSISTED,False,SELECTED_FOR_ANNOTATION,COVERAGE_BALANCED_DUPLICATE_REPRESENTATIVE,NOT_ANNOTATED,33.15,285.481
taipei_frame_004600,pexels_13258685_traffic_in_city,data/raw/videos/pexels_13258685_traffic_in_city.mp4,4600,92.0,Taipei,data/interim/v2_targeted_annotation/images/taipei_frame_004600.jpg,c1ed34f6f518bba635c8b594d5dc77dfa58296b4e51006f1dbbfcb0f75f3e26f,6b2b12ae2ca28a4c,V2_FRAME_DUP_00344,1,SYSTEMATIC_TEMPORAL,car;motorcycle;person,CROSSWALK;DENSE_TRAFFIC;INTERSECTION;MULTIPLE_PERSON;OCCLUSION;PERSON_CAR;PERSON_MOTORCYCLE;PERSON_PRESENT;SMALL_PERSON,HEURISTIC;MODEL_ASSISTED;SYSTEMATIC,False,SELECTED_FOR_ANNOTATION,COVERAGE_BALANCED_DUPLICATE_REPRESENTATIVE,NOT_ANNOTATED,34.15,294.542
taipei_frame_004611,pexels_13258685_traffic_in_city,data/raw/videos/pexels_13258685_traffic_in_city.mp4,4611,92.22,Taipei,data/interim/v2_targeted_annotation/images/taipei_frame_004611.jpg,6ef3b3071091c4156280b0110d7b5ebadb551eae0e3d92ce1ba193350c9f6f33,6b2b12ad29a28a4c,V2_FRAME_DUP_00345,1,DIFFICULT_HEURISTIC,car;motorcycle;person,CROSSWALK;DENSE_TRAFFIC;INTERSECTION;MULTIPLE_PERSON;OCCLUSION;PERSON_CAR;PERSON_MOTORCYCLE;PERSON_PRESENT,HEURISTIC;MODEL_ASSISTED,False,SELECTED_FOR_ANNOTATION,COVERAGE_BALANCED_DUPLICATE_REPRESENTATIVE,NOT_ANNOTATED,30.15,286.666
taipei_frame_004624,pexels_13258685_traffic_in_city,data/raw/videos/pexels_13258685_traffic_in_city.mp4,4624,92.48,Taipei,data/interim/v2_targeted_annotation/images/taipei_frame_004624.jpg,a012a6466903e7e7610e525a449ac0ff86c6eb3a581a070390af7c236160b2c7,6b2b12ac2ea38b4c,V2_FRAME_DUP_00346,1,DIFFICULT_HEURISTIC,car;motorcycle;person,CROSSWALK;DENSE_TRAFFIC;INTERSECTION;MULTIPLE_PERSON;OCCLUSION;PERSON_CAR;PERSON_MOTORCYCLE;PERSON_PRESENT,HEURISTIC;MODEL_ASSISTED,False,SELECTED_FOR_ANNOTATION,COVERAGE_BALANCED_DUPLICATE_REPRESENTATIVE,NOT_ANNOTATED,30.0,295.336
taipei_frame_004637,pexels_13258685_traffic_in_city,data/raw/videos/pexels_13258685_traffic_in_city.mp4,4637,92.74,Taipei,data/interim/v2_targeted_annotation/images/taipei_frame_004637.jpg,fe1d3ba0615aa5d032cad8e637d2e6c07c54ef3ab977b6b3ffc9311e2c81dc3c,6b2b12a868a3874c,V2_FRAME_DUP_00347,1,DIFFICULT_HEURISTIC,car;motorcycle;person,CROSSWALK;DENSE_TRAFFIC;INTERSECTION;MULTIPLE_PERSON;OCCLUSION;PERSON_CAR;PERSON_MOTORCYCLE;PERSON_PRESENT;SMALL_PERSON,HEURISTIC;MODEL_ASSISTED,False,SELECTED_FOR_ANNOTATION,COVERAGE_BALANCED_DUPLICATE_REPRESENTATIVE,NOT_ANNOTATED,30.15,291.339
taipei_frame_004650,pexels_13258685_traffic_in_city,data/raw/videos/pexels_13258685_traffic_in_city.mp4,4650,93.0,Taipei,data/interim/v2_targeted_annotation/images/taipei_frame_004650.jpg,a781144dd942ca641da794d6c426e39cfa96c417763a871d9cf814782445d666,6b2b12eca4a3cb4c,V2_FRAME_DUP_00348,1,SYSTEMATIC_TEMPORAL,motorcycle;person,CROSSWALK;INTERSECTION;MULTIPLE_PERSON;OCCLUSION;PERSON_MOTORCYCLE;PERSON_PRESENT,HEURISTIC;MODEL_ASSISTED;SYSTEMATIC,False,SELECTED_FOR_ANNOTATION,COVERAGE_BALANCED_DUPLICATE_REPRESENTATIVE,NOT_ANNOTATED,22.7,276.838
taipei_frame_004662,pexels_13258685_traffic_in_city,data/raw/videos/pexels_13258685_traffic_in_city.mp4,4662,93.24,Taipei,data/interim/v2_targeted_annotation/images/taipei_frame_004662.jpg,1fb2763a896394968500f6b5689bc10d63ee7b8fc8de580f38091bb5fabe3767,6b2b12ac2ca3cb4c,V2_FRAME_DUP_00349,1,DIFFICULT_HEURISTIC,motorcycle;person,CROSSWALK;INTERSECTION;MULTIPLE_PERSON;OCCLUSION;PERSON_MOTORCYCLE;PERSON_PRESENT;SMALL_PERSON,HEURISTIC;MODEL_ASSISTED,False,SELECTED_FOR_ANNOTATION,COVERAGE_BALANCED_DUPLICATE_REPRESENTATIVE,NOT_ANNOTATED,27.85,280.4
taipei_frame_004675,pexels_13258685_traffic_in_city,data/raw/videos/pexels_13258685_traffic_in_city.mp4,4675,93.5,Taipei,data/interim/v2_targeted_annotation/images/taipei_frame_004675.jpg,9a192a8b4dcc70416728fafac34e0afdb2953c399429317520bfc59c67440250,6b2b12ac8c22ca4c,V2_FRAME_DUP_00350,1,DIFFICULT_HEURISTIC,car;motorcycle;person,CROSSWALK;DENSE_TRAFFIC;INTERSECTION;MULTIPLE_PERSON;OCCLUSION;PERSON_CAR;PERSON_MOTORCYCLE;PERSON_PRESENT;SMALL_PERSON,HEURISTIC;MODEL_ASSISTED,False,SELECTED_FOR_ANNOTATION,COVERAGE_BALANCED_DUPLICATE_REPRESENTATIVE,NOT_ANNOTATED,33.45,275.972
taipei_frame_004686,pexels_13258685_traffic_in_city,data/raw/videos/pexels_13258685_traffic_in_city.mp4,4686,93.72,Taipei,data/interim/v2_targeted_annotation/images/taipei_frame_004686.jpg,f12f6fb5f05f2052ecc2f3eae3ab886ab5a5006d9ba596a2d12fed05429d6d63,6b2b122c2da3cb4c,V2_FRAME_DUP_00351,1,DIFFICULT_HEURISTIC,car;motorcycle;person,CROSSWALK;DENSE_TRAFFIC;INTERSECTION;MULTIPLE_PERSON;OCCLUSION;PERSON_CAR;PERSON_MOTORCYCLE;PERSON_PRESENT;SMALL_PERSON,HEURISTIC;MODEL_ASSISTED,False,SELECTED_FOR_ANNOTATION,COVERAGE_BALANCED_DUPLICATE_REPRESENTATIVE,NOT_ANNOTATED,36.3,283.93
taipei_frame_004696,pexels_13258685_traffic_in_city,data/raw/videos/pexels_13258685_traffic_in_city.mp4,4696,93.92,Taipei,data/interim/v2_targeted_annotation/images/taipei_frame_004696.jpg,65e5f6ffa20a38eca09c9d9babba022d950aae9140737f2d7ce8b65bb39fe10a,2b2b12acaca38b4c,V2_FRAME_DUP_00352,1,DIFFICULT_HEURISTIC,motorcycle;person,CROSSWALK;DENSE_TRAFFIC;INTERSECTION;MULTIPLE_PERSON;OCCLUSION;PERSON_MOTORCYCLE;PERSON_PRESENT;SMALL_PERSON,HEURISTIC;MODEL_ASSISTED,False,SELECTED_FOR_ANNOTATION,COVERAGE_BALANCED_DUPLICATE_REPRESENTATIVE,NOT_ANNOTATED,39.3,291.013
taipei_frame_004706,pexels_13258685_traffic_in_city,data/raw/videos/pexels_13258685_traffic_in_city.mp4,4706,94.12,Taipei,data/interim/v2_targeted_annotation/images/taipei_frame_004706.jpg,2561da8cb2e8dc98e9051204a4d1696dcf510a5310ba648f41a76d04eed364f6,2b2b12ac2ca38f4c,V2_FRAME_DUP_00353,1,DIFFICULT_HEURISTIC,motorcycle;person,CROSSWALK;DENSE_TRAFFIC;INTERSECTION;MULTIPLE_PERSON;OCCLUSION;PERSON_MOTORCYCLE;PERSON_PRESENT;SMALL_PERSON,HEURISTIC;MODEL_ASSISTED,False,SELECTED_FOR_ANNOTATION,COVERAGE_BALANCED_DUPLICATE_REPRESENTATIVE,NOT_ANNOTATED,33.0,287.705
taipei_frame_004717,pexels_13258685_traffic_in_city,data/raw/videos/pexels_13258685_traffic_in_city.mp4,4717,94.34,Taipei,data/interim/v2_targeted_annotation/images/taipei_frame_004717.jpg,50eac2daeebc066b53859b991687c33659ad1f0d13fa111cc46debc9021a9e94,2b2b12ec0ca38b4c,V2_FRAME_DUP_00354,1,DIFFICULT_HEURISTIC,motorcycle;person,CROSSWALK;DENSE_TRAFFIC;INTERSECTION;MULTIPLE_PERSON;OCCLUSION;PERSON_MOTORCYCLE;PERSON_PRESENT;SMALL_PERSON,HEURISTIC;MODEL_ASSISTED,False,SELECTED_FOR_ANNOTATION,COVERAGE_BALANCED_DUPLICATE_REPRESENTATIVE,NOT_ANNOTATED,39.45,289.654
taipei_frame_004727,pexels_13258685_traffic_in_city,data/raw/videos/pexels_13258685_traffic_in_city.mp4,4727,94.54,Taipei,data/interim/v2_targeted_annotation/images/taipei_frame_004727.jpg,d0e6d35b2ba67573d0f933e1688b05e29bce3b65f3b0dc8665a6c56a6167bc9a,2b2b12ac2ca38b4c,V2_FRAME_DUP_00355,1,DIFFICULT_HEURISTIC,motorcycle;person,CROSSWALK;DENSE_TRAFFIC;INTERSECTION;MULTIPLE_PERSON;OCCLUSION;PERSON_MOTORCYCLE;PERSON_PRESENT;SMALL_PERSON,HEURISTIC;MODEL_ASSISTED,False,SELECTED_FOR_ANNOTATION,COVERAGE_BALANCED_DUPLICATE_REPRESENTATIVE,NOT_ANNOTATED,42.6,285.435
taipei_frame_004744,pexels_13258685_traffic_in_city,data/raw/videos/pexels_13258685_traffic_in_city.mp4,4744,94.88,Taipei,data/interim/v2_targeted_annotation/images/taipei_frame_004744.jpg,b0c3cb0f104d5c3ec5361d4999e86452b4ea459e6458defca922a4200457d6b6,2b2b12ec6c23cb4c,V2_FRAME_DUP_00356,1,DIFFICULT_HEURISTIC,motorcycle;person,CROSSWALK;DENSE_TRAFFIC;INTERSECTION;MULTIPLE_PERSON;OCCLUSION;PERSON_MOTORCYCLE;PERSON_PRESENT;SMALL_PERSON,HEURISTIC;MODEL_ASSISTED,False,SELECTED_FOR_ANNOTATION,COVERAGE_BALANCED_DUPLICATE_REPRESENTATIVE,NOT_ANNOTATED,45.6,280.566
taipei_frame_004756,pexels_13258685_traffic_in_city,data/raw/videos/pexels_13258685_traffic_in_city.mp4,4756,95.12,Taipei,data/interim/v2_targeted_annotation/images/taipei_frame_004756.jpg,9a56ee51c1c24425685f54c7f533b0509be6594efe6b624a77ce2a69b369bbdd,2b2b1aec2ca28a4c,V2_FRAME_DUP_00357,1,DIFFICULT_HEURISTIC,motorcycle;person,CROSSWALK;DENSE_TRAFFIC;INTERSECTION;MULTIPLE_PERSON;OCCLUSION;PERSON_MOTORCYCLE;PERSON_PRESENT;SMALL_PERSON,HEURISTIC;MODEL_ASSISTED,False,SELECTED_FOR_ANNOTATION,COVERAGE_BALANCED_DUPLICATE_REPRESENTATIVE,NOT_ANNOTATED,39.75,294.549
taipei_frame_004775,pexels_13258685_traffic_in_city,data/raw/videos/pexels_13258685_traffic_in_city.mp4,4775,95.5,Taipei,data/interim/v2_targeted_annotation/images/taipei_frame_004775.jpg,007f81f936994a4c68d2232817bc748368d69e87b09ffe6947de24a80d07618c,2b2b12ac2ca38a4c,V2_FRAME_DUP_00358,1,DIFFICULT_HEURISTIC,motorcycle;person,CROSSWALK;DENSE_TRAFFIC;INTERSECTION;MULTIPLE_PERSON;OCCLUSION;PERSON_MOTORCYCLE;PERSON_PRESENT;SMALL_PERSON,HEURISTIC;MODEL_ASSISTED,False,SELECTED_FOR_ANNOTATION,COVERAGE_BALANCED_DUPLICATE_REPRESENTATIVE,NOT_ANNOTATED,42.6,284.979
taipei_frame_004785,pexels_13258685_traffic_in_city,data/raw/videos/pexels_13258685_traffic_in_city.mp4,4785,95.7,Taipei,data/interim/v2_targeted_annotation/images/taipei_frame_004785.jpg,1335b247d511bed623cab6fff3717dc10cb6b2a2efc846510a7c3d86067b525d,2b2b12ac2da38a4c,V2_FRAME_DUP_00359,1,DIFFICULT_HEURISTIC,car;motorcycle;person,CROSSWALK;DENSE_TRAFFIC;INTERSECTION;MULTIPLE_PERSON;OCCLUSION;PERSON_CAR;PERSON_MOTORCYCLE;PERSON_PRESENT;SMALL_PERSON,HEURISTIC;MODEL_ASSISTED,False,SELECTED_FOR_ANNOTATION,COVERAGE_BALANCED_DUPLICATE_REPRESENTATIVE,NOT_ANNOTATED,33.15,277.336
taipei_frame_004796,pexels_13258685_traffic_in_city,data/raw/videos/pexels_13258685_traffic_in_city.mp4,4796,95.92,Taipei,data/interim/v2_targeted_annotation/images/taipei_frame_004796.jpg,caa0e53ca7655dc58c5209ac246a0b4c057304d14410a2ad8898710c99ad2aba,6b2b1aac2e238b4c,V2_FRAME_DUP_00360,1,DIFFICULT_HEURISTIC,car;motorcycle;person,CROSSWALK;DENSE_TRAFFIC;INTERSECTION;MULTIPLE_PERSON;OCCLUSION;PERSON_CAR;PERSON_MOTORCYCLE;PERSON_PRESENT;SMALL_PERSON,HEURISTIC;MODEL_ASSISTED,False,SELECTED_FOR_ANNOTATION,COVERAGE_BALANCED_DUPLICATE_REPRESENTATIVE,NOT_ANNOTATED,36.3,282.061
taipei_frame_004808,pexels_13258685_traffic_in_city,data/raw/videos/pexels_13258685_traffic_in_city.mp4,4808,96.16,Taipei,data/interim/v2_targeted_annotation/images/taipei_frame_004808.jpg,21ed73ae78e71b49428f81839ff153d1bda48c7bff58ce008643d553c19bcfa0,2b2b12ac2d23cacc,V2_FRAME_DUP_00361,1,DIFFICULT_HEURISTIC,car;motorcycle;person,CROSSWALK;DENSE_TRAFFIC;INTERSECTION;MULTIPLE_PERSON;OCCLUSION;PERSON_CAR;PERSON_MOTORCYCLE;PERSON_PRESENT;SMALL_PERSON,HEURISTIC;MODEL_ASSISTED,False,SELECTED_FOR_ANNOTATION,COVERAGE_BALANCED_DUPLICATE_REPRESENTATIVE,NOT_ANNOTATED,39.45,267.801
taipei_frame_004823,pexels_13258685_traffic_in_city,data/raw/videos/pexels_13258685_traffic_in_city.mp4,4823,96.46,Taipei,data/interim/v2_targeted_annotation/images/taipei_frame_004823.jpg,3f1bd125340a3887fc7bcc09995ff912c4b3d72e9b1384d7a7ce2289d4857e72,6b2b5a6d2f220a4c,V2_FRAME_DUP_00362,1,DIFFICULT_HEURISTIC,car;motorcycle;person,CROSSWALK;DENSE_TRAFFIC;INTERSECTION;MULTIPLE_PERSON;OCCLUSION;PERSON_CAR;PERSON_MOTORCYCLE;PERSON_PRESENT;SMALL_PERSON,HEURISTIC;MODEL_ASSISTED,False,SELECTED_FOR_ANNOTATION,COVERAGE_BALANCED_DUPLICATE_REPRESENTATIVE,NOT_ANNOTATED,36.15,248.261
taipei_frame_004836,pexels_13258685_traffic_in_city,data/raw/videos/pexels_13258685_traffic_in_city.mp4,4836,96.72,Taipei,data/interim/v2_targeted_annotation/images/taipei_frame_004836.jpg,ed5744cc6c536ec4936e3666d6d6b5fb09c7afe2be4e1d610bbb737a1ccad196,6b2b32adcc838b2c,V2_FRAME_DUP_00363,1,DIFFICULT_HEURISTIC,car;motorcycle;person,CROSSWALK;DENSE_TRAFFIC;INTERSECTION;MULTIPLE_PERSON;OCCLUSION;PERSON_CAR;PERSON_MOTORCYCLE;PERSON_PRESENT,HEURISTIC;MODEL_ASSISTED,False,SELECTED_FOR_ANNOTATION,COVERAGE_BALANCED_DUPLICATE_REPRESENTATIVE,NOT_ANNOTATED,30.15,265.982
taipei_frame_004850,pexels_13258685_traffic_in_city,data/raw/videos/pexels_13258685_traffic_in_city.mp4,4850,97.0,Taipei,data/interim/v2_targeted_annotation/images/taipei_frame_004850.jpg,7dd7eee4762020b9ac5fdd88616b5c7a448c5f87aae74bc0fca01f3d4eef0365,6b2b1a8e28a3a74c,V2_FRAME_DUP_00364,1,SYSTEMATIC_TEMPORAL,motorcycle;person,CROSSWALK;INTERSECTION;MULTIPLE_PERSON;OCCLUSION;PERSON_MOTORCYCLE;PERSON_PRESENT;SMALL_PERSON,HEURISTIC;MODEL_ASSISTED;SYSTEMATIC,False,SELECTED_FOR_ANNOTATION,COVERAGE_BALANCED_DUPLICATE_REPRESENTATIVE,NOT_ANNOTATED,31.85,253.782
taipei_frame_004863,pexels_13258685_traffic_in_city,data/raw/videos/pexels_13258685_traffic_in_city.mp4,4863,97.26,Taipei,data/interim/v2_targeted_annotation/images/taipei_frame_004863.jpg,96140d7227ad6281f8aa713707a2e7491fbb13b78d62c313c83f5ea76c5a09f4,6b2b164c34b2d24c,V2_FRAME_DUP_00365,1,DIFFICULT_HEURISTIC,car;motorcycle;person,CROSSWALK;DENSE_TRAFFIC;INTERSECTION;MULTIPLE_PERSON;OCCLUSION;PERSON_CAR;PERSON_MOTORCYCLE;PERSON_PRESENT;SMALL_PERSON,HEURISTIC;MODEL_ASSISTED,False,SELECTED_FOR_ANNOTATION,COVERAGE_BALANCED_DUPLICATE_REPRESENTATIVE,NOT_ANNOTATED,33.15,250.538
taipei_frame_004873,pexels_13258685_traffic_in_city,data/raw/videos/pexels_13258685_traffic_in_city.mp4,4873,97.46,Taipei,data/interim/v2_targeted_annotation/images/taipei_frame_004873.jpg,642cf1074e32e8e75eb3a3e1f35657ce861c1557150b88c439d7f8f34d50dc48,2b2b126aa8a88842,V2_FRAME_DUP_00366,1,DIFFICULT_HEURISTIC,car;motorcycle;person,CROSSWALK;DENSE_TRAFFIC;INTERSECTION;MULTIPLE_PERSON;OCCLUSION;PERSON_CAR;PERSON_MOTORCYCLE;PERSON_PRESENT;SMALL_PERSON,HEURISTIC;MODEL_ASSISTED,False,SELECTED_FOR_ANNOTATION,COVERAGE_BALANCED_DUPLICATE_REPRESENTATIVE,NOT_ANNOTATED,36.3,244.807
taipei_frame_004892,pexels_13258685_traffic_in_city,data/raw/videos/pexels_13258685_traffic_in_city.mp4,4892,97.84,Taipei,data/interim/v2_targeted_annotation/images/taipei_frame_004892.jpg,07cef513a64851016552ccace2b01274d5c4bd225e4f3b3fa32ab9b90183c22c,2b2b1aec8ea2ca4d,V2_FRAME_DUP_00367,1,DIFFICULT_HEURISTIC,motorcycle;person,CROSSWALK;DENSE_TRAFFIC;INTERSECTION;MULTIPLE_PERSON;OCCLUSION;PERSON_MOTORCYCLE;PERSON_PRESENT;SMALL_PERSON,HEURISTIC;MODEL_ASSISTED,False,SELECTED_FOR_ANNOTATION,COVERAGE_BALANCED_DUPLICATE_REPRESENTATIVE,NOT_ANNOTATED,36.3,264.075
taipei_frame_004902,pexels_13258685_traffic_in_city,data/raw/videos/pexels_13258685_traffic_in_city.mp4,4902,98.04,Taipei,data/interim/v2_targeted_annotation/images/taipei_frame_004902.jpg,f109adf20580f115169d6388368357d17990f96f4818a03871e37f150fd9e2e8,2b2b1aec2da3cf4c,V2_FRAME_DUP_00368,1,DIFFICULT_HEURISTIC,motorcycle;person,CROSSWALK;DENSE_TRAFFIC;INTERSECTION;MULTIPLE_PERSON;OCCLUSION;PERSON_MOTORCYCLE;PERSON_PRESENT;SMALL_PERSON,HEURISTIC;MODEL_ASSISTED,False,SELECTED_FOR_ANNOTATION,COVERAGE_BALANCED_DUPLICATE_REPRESENTATIVE,NOT_ANNOTATED,39.3,261.652
taipei_frame_004913,pexels_13258685_traffic_in_city,data/raw/videos/pexels_13258685_traffic_in_city.mp4,4913,98.26,Taipei,data/interim/v2_targeted_annotation/images/taipei_frame_004913.jpg,dc9f0cc573ab87411ca0b07af85d37f69eab904b5f380c98ade4f5e5f2bc7eac,2b2b1aac4c238b4c,V2_FRAME_DUP_00369,1,DIFFICULT_HEURISTIC,car;motorcycle;person,CROSSWALK;DENSE_TRAFFIC;INTERSECTION;MULTIPLE_PERSON;OCCLUSION;PERSON_CAR;PERSON_MOTORCYCLE;PERSON_PRESENT;SMALL_PERSON,HEURISTIC;MODEL_ASSISTED,False,SELECTED_FOR_ANNOTATION,COVERAGE_BALANCED_DUPLICATE_REPRESENTATIVE,NOT_ANNOTATED,39.6,282.325
taipei_frame_004931,pexels_13258685_traffic_in_city,data/raw/videos/pexels_13258685_traffic_in_city.mp4,4931,98.62,Taipei,data/interim/v2_targeted_annotation/images/taipei_frame_004931.jpg,bb76bba4df96e0cb53388f0d1928838d32911ab2f57f76fc83d48dcc00fe4ef3,2b2b1aac6c23cb4c,V2_FRAME_DUP_00370,1,DIFFICULT_HEURISTIC,motorcycle;person,CROSSWALK;DENSE_TRAFFIC;INTERSECTION;MULTIPLE_PERSON;OCCLUSION;PERSON_MOTORCYCLE;PERSON_PRESENT;SMALL_PERSON,HEURISTIC;MODEL_ASSISTED,False,SELECTED_FOR_ANNOTATION,COVERAGE_BALANCED_DUPLICATE_REPRESENTATIVE,NOT_ANNOTATED,42.45,278.888
taipei_frame_004944,pexels_13258685_traffic_in_city,data/raw/videos/pexels_13258685_traffic_in_city.mp4,4944,98.88,Taipei,data/interim/v2_targeted_annotation/images/taipei_frame_004944.jpg,7b0bab5258984442ce0d97b004ef86ce745a1cdc5d150da302a0b22390ab1440,2b2b1aac6c238b4c,V2_FRAME_DUP_00371,1,DIFFICULT_HEURISTIC,motorcycle;person,CROSSWALK;DENSE_TRAFFIC;INTERSECTION;MULTIPLE_PERSON;OCCLUSION;PERSON_MOTORCYCLE;PERSON_PRESENT;SMALL_PERSON,HEURISTIC;MODEL_ASSISTED,False,SELECTED_FOR_ANNOTATION,COVERAGE_BALANCED_DUPLICATE_REPRESENTATIVE,NOT_ANNOTATED,39.3,277.473
taipei_frame_004957,pexels_13258685_traffic_in_city,data/raw/videos/pexels_13258685_traffic_in_city.mp4,4957,99.14,Taipei,data/interim/v2_targeted_annotation/images/taipei_frame_004957.jpg,ac494a091210e2863794567a61f656a53caf8fab9216ae9382a368d821991694,6b2b1aac6c238b4c,V2_FRAME_DUP_00372,1,DIFFICULT_HEURISTIC,motorcycle;person,CROSSWALK;DENSE_TRAFFIC;INTERSECTION;MULTIPLE_PERSON;OCCLUSION;PERSON_MOTORCYCLE;PERSON_PRESENT;SMALL_PERSON,HEURISTIC;MODEL_ASSISTED,False,SELECTED_FOR_ANNOTATION,COVERAGE_BALANCED_DUPLICATE_REPRESENTATIVE,NOT_ANNOTATED,33.0,283.537
taipei_frame_004967,pexels_13258685_traffic_in_city,data/raw/videos/pexels_13258685_traffic_in_city.mp4,4967,99.34,Taipei,data/interim/v2_targeted_annotation/images/taipei_frame_004967.jpg,7a5c14dab4c05252c322bc2eb005172991076697a6b0590e1507b0ff884838c0,2b2b1aac6c238b4c,V2_FRAME_DUP_00373,1,DIFFICULT_HEURISTIC,motorcycle;person,CROSSWALK;DENSE_TRAFFIC;INTERSECTION;MULTIPLE_PERSON;OCCLUSION;PERSON_MOTORCYCLE;PERSON_PRESENT;SMALL_PERSON,HEURISTIC;MODEL_ASSISTED,False,SELECTED_FOR_ANNOTATION,COVERAGE_BALANCED_DUPLICATE_REPRESENTATIVE,NOT_ANNOTATED,33.0,278.357
taipei_frame_004980,pexels_13258685_traffic_in_city,data/raw/videos/pexels_13258685_traffic_in_city.mp4,4980,99.6,Taipei,data/interim/v2_targeted_annotation/images/taipei_frame_004980.jpg,7f1e7eac18fa6d7697ee4204235d97468e1acf3e084da118aa67783553f0043b,6b2b1aec6c238b4c,V2_FRAME_DUP_00374,1,DIFFICULT_HEURISTIC,motorcycle;person,CROSSWALK;DENSE_TRAFFIC;INTERSECTION;MULTIPLE_PERSON;OCCLUSION;PERSON_MOTORCYCLE;PERSON_PRESENT,HEURISTIC;MODEL_ASSISTED,False,SELECTED_FOR_ANNOTATION,COVERAGE_BALANCED_DUPLICATE_REPRESENTATIVE,NOT_ANNOTATED,30.0,282.335
taipei_frame_004990,pexels_13258685_traffic_in_city,data/raw/videos/pexels_13258685_traffic_in_city.mp4,4990,99.8,Taipei,data/interim/v2_targeted_annotation/mined/taipei_frame_004990.jpg,df9fbf4dcf8bce008975a20dcd1c52fde72c4c477fcac4d7058d44ddab7677fb,6b2b1aec6c238b4c,V2_FRAME_DUP_00375,1,DIFFICULT_HEURISTIC,motorcycle;person,CROSSWALK;INTERSECTION;MULTIPLE_PERSON;OCCLUSION;PERSON_MOTORCYCLE;PERSON_PRESENT,HEURISTIC;MODEL_ASSISTED,False,NOT_SELECTED_BALANCE,FINAL_SCENE_METHOD_BALANCE,NOT_ANNOTATED,24.85,299.005
taipei_frame_005000,pexels_13258685_traffic_in_city,data/raw/videos/pexels_13258685_traffic_in_city.mp4,5000,100.0,Taipei,data/interim/v2_targeted_annotation/images/taipei_frame_005000.jpg,c10105779bc2d635d0b05f47c3224d7a72953cb65a85ad8a8fa2eaefe5ad425c,2b2b1aec6c238b4c,V2_FRAME_DUP_00376,1,SYSTEMATIC_TEMPORAL,motorcycle;person,CROSSWALK;INTERSECTION;MULTIPLE_PERSON;OCCLUSION;PERSON_MOTORCYCLE;PERSON_PRESENT,HEURISTIC;MODEL_ASSISTED;SYSTEMATIC,False,SELECTED_FOR_ANNOTATION,COVERAGE_BALANCED_DUPLICATE_REPRESENTATIVE,NOT_ANNOTATED,25.85,293.652
taipei_frame_005016,pexels_13258685_traffic_in_city,data/raw/videos/pexels_13258685_traffic_in_city.mp4,5016,100.32,Taipei,data/interim/v2_targeted_annotation/images/taipei_frame_005016.jpg,3a9d8f0f3a42dac6d1c47deccb3b63938a2d5d9da5b09c5ba3adb39a27ea5892,6b2b1aec6c238b4c,V2_FRAME_DUP_00377,1,DIFFICULT_HEURISTIC,motorcycle;person,CROSSWALK;DENSE_TRAFFIC;INTERSECTION;MULTIPLE_PERSON;OCCLUSION;PERSON_MOTORCYCLE;PERSON_PRESENT;SMALL_PERSON,HEURISTIC;MODEL_ASSISTED,False,SELECTED_FOR_ANNOTATION,COVERAGE_BALANCED_DUPLICATE_REPRESENTATIVE,NOT_ANNOTATED,33.0,287.98
taipei_frame_005034,pexels_13258685_traffic_in_city,data/raw/videos/pexels_13258685_traffic_in_city.mp4,5034,100.68,Taipei,data/interim/v2_targeted_annotation/images/taipei_frame_005034.jpg,50451849cccf5837f3b415d5c0cbce8977eb52e419cd43c505ea9d465ca206b3,6b2b5a6c6c234b0c,V2_FRAME_DUP_00378,1,DIFFICULT_HEURISTIC,motorcycle;person,CROSSWALK;INTERSECTION;MULTIPLE_PERSON;OCCLUSION;PERSON_MOTORCYCLE;PERSON_PRESENT;SMALL_PERSON,HEURISTIC;MODEL_ASSISTED,False,SELECTED_FOR_ANNOTATION,COVERAGE_BALANCED_DUPLICATE_REPRESENTATIVE,NOT_ANNOTATED,30.85,268.751
taipei_frame_005050,pexels_13258685_traffic_in_city,data/raw/videos/pexels_13258685_traffic_in_city.mp4,5050,101.0,Taipei,data/interim/v2_targeted_annotation/images/taipei_frame_005050.jpg,094a63489af9b24f51482c29635f1576641043dc3bd4e6e5b863d3203a399893,2b2b3aec2ca38bcc,V2_FRAME_DUP_00379,1,SYSTEMATIC_TEMPORAL,motorcycle;person,CROSSWALK;INTERSECTION;MULTIPLE_PERSON;OCCLUSION;PERSON_MOTORCYCLE;PERSON_PRESENT,HEURISTIC;MODEL_ASSISTED;SYSTEMATIC,False,SELECTED_FOR_ANNOTATION,COVERAGE_BALANCED_DUPLICATE_REPRESENTATIVE,NOT_ANNOTATED,28.85,260.62
taipei_frame_005062,pexels_13258685_traffic_in_city,data/raw/videos/pexels_13258685_traffic_in_city.mp4,5062,101.24,Taipei,data/interim/v2_targeted_annotation/images/taipei_frame_005062.jpg,5bd8b7bb6d688ed34dee03bc7eaf5b0995f4cdd6fbda252630901560996a6dd8,6b2b3aec4c63cb4c,V2_FRAME_DUP_00380,1,DIFFICULT_HEURISTIC,motorcycle;person,CROSSWALK;DENSE_TRAFFIC;INTERSECTION;MULTIPLE_PERSON;OCCLUSION;PERSON_MOTORCYCLE;PERSON_PRESENT,HEURISTIC;MODEL_ASSISTED,False,SELECTED_FOR_ANNOTATION,COVERAGE_BALANCED_DUPLICATE_REPRESENTATIVE,NOT_ANNOTATED,30.0,258.05
taipei_frame_005074,pexels_13258685_traffic_in_city,data/raw/videos/pexels_13258685_traffic_in_city.mp4,5074,101.48,Taipei,data/interim/v2_targeted_annotation/images/taipei_frame_005074.jpg,4b9e5c327e4e7adbac6427e903aaa9f7cb5f5beb143aeade77a86d497d62d39d,6b2b1aec6c23a36c,V2_FRAME_DUP_00381,1,DIFFICULT_HEURISTIC,motorcycle;person,CROSSWALK;DENSE_TRAFFIC;INTERSECTION;MULTIPLE_PERSON;OCCLUSION;PERSON_MOTORCYCLE;PERSON_PRESENT;SMALL_PERSON,HEURISTIC;MODEL_ASSISTED,False,SELECTED_FOR_ANNOTATION,COVERAGE_BALANCED_DUPLICATE_REPRESENTATIVE,NOT_ANNOTATED,36.15,250.515
taipei_frame_005086,pexels_13258685_traffic_in_city,data/raw/videos/pexels_13258685_traffic_in_city.mp4,5086,101.72,Taipei,data/interim/v2_targeted_annotation/images/taipei_frame_005086.jpg,d9230950b6d133fa6000d52708700d07202f09d3d8691cf620c6f7f9889cf38d,6b2b1aec6c239354,V2_FRAME_DUP_00382,1,DIFFICULT_HEURISTIC,motorcycle;person,CROSSWALK;DENSE_TRAFFIC;INTERSECTION;MULTIPLE_PERSON;OCCLUSION;PERSON_MOTORCYCLE;PERSON_PRESENT,HEURISTIC;MODEL_ASSISTED,False,SELECTED_FOR_ANNOTATION,COVERAGE_BALANCED_DUPLICATE_REPRESENTATIVE,NOT_ANNOTATED,30.0,259.976
taipei_frame_005100,pexels_13258685_traffic_in_city,data/raw/videos/pexels_13258685_traffic_in_city.mp4,5100,102.0,Taipei,data/interim/v2_targeted_annotation/images/taipei_frame_005100.jpg,1b29e9cbe0a0b62054b5c1ef56e025bbbd116e0efba835384980fd4dfd8d96f3,6b2b12ec6c2b8b48,V2_FRAME_DUP_00383,1,SYSTEMATIC_TEMPORAL,motorcycle;person,CROSSWALK;DENSE_TRAFFIC;INTERSECTION;MULTIPLE_PERSON;OCCLUSION;PERSON_MOTORCYCLE;PERSON_PRESENT,HEURISTIC;MODEL_ASSISTED;SYSTEMATIC,False,SELECTED_FOR_ANNOTATION,COVERAGE_BALANCED_DUPLICATE_REPRESENTATIVE,NOT_ANNOTATED,34.3,248.593
taipei_frame_005116,pexels_13258685_traffic_in_city,data/raw/videos/pexels_13258685_traffic_in_city.mp4,5116,102.32,Taipei,data/interim/v2_targeted_annotation/images/taipei_frame_005116.jpg,e410be0d7bff47a22ab0a8a2fc24794b5770725ea924a7876b7f9051ccac06d7,6b2b12ec6c278f4c,V2_FRAME_DUP_00384,1,DIFFICULT_HEURISTIC,motorcycle;person,CROSSWALK;DENSE_TRAFFIC;INTERSECTION;MULTIPLE_PERSON;OCCLUSION;PERSON_MOTORCYCLE;PERSON_PRESENT;SMALL_PERSON,HEURISTIC;MODEL_ASSISTED,False,SELECTED_FOR_ANNOTATION,COVERAGE_BALANCED_DUPLICATE_REPRESENTATIVE,NOT_ANNOTATED,39.15,252.884
taipei_frame_005126,pexels_13258685_traffic_in_city,data/raw/videos/pexels_13258685_traffic_in_city.mp4,5126,102.52,Taipei,data/interim/v2_targeted_annotation/images/taipei_frame_005126.jpg,bff5b33cdc64d42b11411f298fee26d6b3b95dd663707ced5425b81f725cfe57,6b2b1a6c6c638f4e,V2_FRAME_DUP_00385,1,DIFFICULT_HEURISTIC,motorcycle;person,CROSSWALK;DENSE_TRAFFIC;INTERSECTION;MULTIPLE_PERSON;OCCLUSION;PERSON_MOTORCYCLE;PERSON_PRESENT;SMALL_PERSON,HEURISTIC;MODEL_ASSISTED,False,SELECTED_FOR_ANNOTATION,COVERAGE_BALANCED_DUPLICATE_REPRESENTATIVE,NOT_ANNOTATED,39.3,255.375
taipei_frame_005144,pexels_13258685_traffic_in_city,data/raw/videos/pexels_13258685_traffic_in_city.mp4,5144,102.88,Taipei,data/interim/v2_targeted_annotation/images/taipei_frame_005144.jpg,ed905e2159ec280d283a55ba6159d19fb4a9e60e7261e66707f926343d3faeb9,2b2b1aadac638a4c,V2_FRAME_DUP_00386,1,DIFFICULT_HEURISTIC,motorcycle;person,CROSSWALK;DENSE_TRAFFIC;INTERSECTION;MULTIPLE_PERSON;OCCLUSION;PERSON_MOTORCYCLE;PERSON_PRESENT;SMALL_PERSON,HEURISTIC;MODEL_ASSISTED,False,SELECTED_FOR_ANNOTATION,COVERAGE_BALANCED_DUPLICATE_REPRESENTATIVE,NOT_ANNOTATED,39.45,283.215
taipei_frame_005160,pexels_13258685_traffic_in_city,data/raw/videos/pexels_13258685_traffic_in_city.mp4,5160,103.2,Taipei,data/interim/v2_targeted_annotation/images/taipei_frame_005160.jpg,778541b9b55451aaedd297325d1c571db5cd5925030695a85d82e818e7afb3ba,2b2b1aac2c638b4c,V2_FRAME_DUP_00387,1,DIFFICULT_HEURISTIC,motorcycle;person,CROSSWALK;DENSE_TRAFFIC;INTERSECTION;MULTIPLE_PERSON;OCCLUSION;PERSON_MOTORCYCLE;PERSON_PRESENT;SMALL_PERSON,HEURISTIC;MODEL_ASSISTED,False,SELECTED_FOR_ANNOTATION,COVERAGE_BALANCED_DUPLICATE_REPRESENTATIVE,NOT_ANNOTATED,36.15,275.365
taipei_frame_005173,pexels_13258685_traffic_in_city,data/raw/videos/pexels_13258685_traffic_in_city.mp4,5173,103.46,Taipei,data/interim/v2_targeted_annotation/images/taipei_frame_005173.jpg,b5db0bcc44d6410713d2e0dfc2b03f3dc6348402d9db836eca5ed019a17c869c,2b2b1aac2c638b4c,V2_FRAME_DUP_00388,1,DIFFICULT_HEURISTIC,motorcycle;person,CROSSWALK;DENSE_TRAFFIC;INTERSECTION;MULTIPLE_PERSON;OCCLUSION;PERSON_MOTORCYCLE;PERSON_PRESENT;SMALL_PERSON,HEURISTIC;MODEL_ASSISTED,False,SELECTED_FOR_ANNOTATION,COVERAGE_BALANCED_DUPLICATE_REPRESENTATIVE,NOT_ANNOTATED,39.3,282.766
taipei_frame_005183,pexels_13258685_traffic_in_city,data/raw/videos/pexels_13258685_traffic_in_city.mp4,5183,103.66,Taipei,data/interim/v2_targeted_annotation/images/taipei_frame_005183.jpg,01944f99ff5b8d8ea746b94680d355582f84f9fb5ba0de12a6e084d6594c91c1,2b2b1aac6c638b4c,V2_FRAME_DUP_00389,1,DIFFICULT_HEURISTIC,motorcycle;person,CROSSWALK;DENSE_TRAFFIC;INTERSECTION;MULTIPLE_PERSON;OCCLUSION;PERSON_MOTORCYCLE;PERSON_PRESENT;SMALL_PERSON,HEURISTIC;MODEL_ASSISTED,False,SELECTED_FOR_ANNOTATION,COVERAGE_BALANCED_DUPLICATE_REPRESENTATIVE,NOT_ANNOTATED,36.0,275.516
taipei_frame_005200,pexels_13258685_traffic_in_city,data/raw/videos/pexels_13258685_traffic_in_city.mp4,5200,104.0,Taipei,data/interim/v2_targeted_annotation/images/taipei_frame_005200.jpg,c16addea5c500aaaf50f6463d1a2d9075503e7e3f409fbf87be737e9d95ee339,2b2b1aac2c638b4c,V2_FRAME_DUP_00390,1,SYSTEMATIC_TEMPORAL,motorcycle;person,CROSSWALK;INTERSECTION;MULTIPLE_PERSON;OCCLUSION;PERSON_MOTORCYCLE;PERSON_PRESENT;SMALL_PERSON,HEURISTIC;MODEL_ASSISTED;SYSTEMATIC,False,SELECTED_FOR_ANNOTATION,COVERAGE_BALANCED_DUPLICATE_REPRESENTATIVE,NOT_ANNOTATED,28.7,279.269
taipei_frame_005210,pexels_13258685_traffic_in_city,data/raw/videos/pexels_13258685_traffic_in_city.mp4,5210,104.2,Taipei,data/interim/v2_targeted_annotation/mined/taipei_frame_005210.jpg,3ae2a04ffdaf66fe4d5d8b5a6518f572a7d6e60244838e66504f9b801ccae32d,2b2b1aac2c63cb4c,V2_FRAME_DUP_00391,1,DIFFICULT_HEURISTIC,motorcycle;person,CROSSWALK;INTERSECTION;MULTIPLE_PERSON;OCCLUSION;PERSON_MOTORCYCLE;PERSON_PRESENT;SMALL_PERSON,HEURISTIC;MODEL_ASSISTED,False,NOT_SELECTED_BALANCE,FINAL_SCENE_METHOD_BALANCE,NOT_ANNOTATED,27.7,271.842
taipei_frame_005220,pexels_13258685_traffic_in_city,data/raw/videos/pexels_13258685_traffic_in_city.mp4,5220,104.4,Taipei,data/interim/v2_targeted_annotation/mined/taipei_frame_005220.jpg,1b37d1ded13a9a859571d88341e93b766e1bd5a4a9ac596efa062d3b38113ee6,2b2b1aac4c638b4c,V2_FRAME_DUP_00392,1,DIFFICULT_HEURISTIC,motorcycle;person,CROSSWALK;INTERSECTION;MULTIPLE_PERSON;OCCLUSION;PERSON_MOTORCYCLE;PERSON_PRESENT;SMALL_PERSON,HEURISTIC;MODEL_ASSISTED,False,NOT_SELECTED_BALANCE,FINAL_SCENE_METHOD_BALANCE,NOT_ANNOTATED,27.7,277.868
taipei_frame_005230,pexels_13258685_traffic_in_city,data/raw/videos/pexels_13258685_traffic_in_city.mp4,5230,104.6,Taipei,data/interim/v2_targeted_annotation/mined/taipei_frame_005230.jpg,ba3eeafd1722aa331d5c392bf61d42d117277d52556287f56b49ea2609a5b60e,2b2b12ac0c638b4c,V2_FRAME_DUP_00393,1,DIFFICULT_HEURISTIC,motorcycle;person,CROSSWALK;INTERSECTION;MULTIPLE_PERSON;OCCLUSION;PERSON_MOTORCYCLE;PERSON_PRESENT;SMALL_PERSON,HEURISTIC;MODEL_ASSISTED,False,NOT_SELECTED_BALANCE,FINAL_SCENE_METHOD_BALANCE,NOT_ANNOTATED,27.7,270.466
taipei_frame_005240,pexels_13258685_traffic_in_city,data/raw/videos/pexels_13258685_traffic_in_city.mp4,5240,104.8,Taipei,data/interim/v2_targeted_annotation/mined/taipei_frame_005240.jpg,fd5454325acf77cbbe63c87b9a86b10fa43cdbb21f299d4d5ca4b81c99cd2b38,2b2b12ac14638b4c,V2_FRAME_DUP_00394,1,DIFFICULT_HEURISTIC,motorcycle;person,CROSSWALK;INTERSECTION;MULTIPLE_PERSON;OCCLUSION;PERSON_MOTORCYCLE;PERSON_PRESENT,HEURISTIC;MODEL_ASSISTED,False,NOT_SELECTED_BALANCE,FINAL_SCENE_METHOD_BALANCE,NOT_ANNOTATED,21.55,263.848
taipei_frame_005250,pexels_13258685_traffic_in_city,data/raw/videos/pexels_13258685_traffic_in_city.mp4,5250,105.0,Taipei,data/interim/v2_targeted_annotation/images/taipei_frame_005250.jpg,3db5677b90d4e48a0051b49e6da03420063e6c3175cef9302d665c5fcc2c95be,2b2b1a8c14638b4c,V2_FRAME_DUP_00395,1,SYSTEMATIC_TEMPORAL,motorcycle;person,CROSSWALK;INTERSECTION;MULTIPLE_PERSON;OCCLUSION;PERSON_MOTORCYCLE;PERSON_PRESENT,HEURISTIC;MODEL_ASSISTED;SYSTEMATIC,False,SELECTED_FOR_ANNOTATION,COVERAGE_BALANCED_DUPLICATE_REPRESENTATIVE,NOT_ANNOTATED,22.55,266.601
taipei_frame_005260,pexels_13258685_traffic_in_city,data/raw/videos/pexels_13258685_traffic_in_city.mp4,5260,105.2,Taipei,data/interim/v2_targeted_annotation/mined/taipei_frame_005260.jpg,0319db710207fed63451be254165e3319f9178e9dcba9bf806fd5c3097fedfc8,2b2b1a8c1473934c,V2_FRAME_DUP_00396,1,DIFFICULT_HEURISTIC,motorcycle;person,CROSSWALK;INTERSECTION;MULTIPLE_PERSON;OCCLUSION;PERSON_MOTORCYCLE;PERSON_PRESENT,HEURISTIC;MODEL_ASSISTED,False,NOT_SELECTED_BALANCE,FINAL_SCENE_METHOD_BALANCE,NOT_ANNOTATED,21.55,240.306
taipei_frame_005271,pexels_13258685_traffic_in_city,data/raw/videos/pexels_13258685_traffic_in_city.mp4,5271,105.42,Taipei,data/interim/v2_targeted_annotation/mined/taipei_frame_005271.jpg,35a07bb629973d3618de97ca3e9282caac7e0a05fbedff7a783ffcc0945ff5fc,2b2b1aac1453934c,V2_FRAME_DUP_00397,1,DIFFICULT_HEURISTIC,motorcycle;person,CROSSWALK;INTERSECTION;MULTIPLE_PERSON;OCCLUSION;PERSON_MOTORCYCLE;PERSON_PRESENT;SMALL_PERSON,HEURISTIC;MODEL_ASSISTED,False,NOT_SELECTED_BALANCE,FINAL_SCENE_METHOD_BALANCE,NOT_ANNOTATED,27.7,237.564
taipei_frame_005281,pexels_13258685_traffic_in_city,data/raw/videos/pexels_13258685_traffic_in_city.mp4,5281,105.62,Taipei,data/interim/v2_targeted_annotation/images/taipei_frame_005281.jpg,4de9048ff03eaaa9ef6f25c2f70b1c75c1b7572d5d5a034cc3b3f717a1ea6f0f,692b12acb473f34c,V2_FRAME_DUP_00398,1,DIFFICULT_HEURISTIC,motorcycle;person,CROSSWALK;DENSE_TRAFFIC;INTERSECTION;MULTIPLE_PERSON;OCCLUSION;PERSON_MOTORCYCLE;PERSON_PRESENT;SMALL_PERSON,HEURISTIC;MODEL_ASSISTED,False,SELECTED_FOR_ANNOTATION,COVERAGE_BALANCED_DUPLICATE_REPRESENTATIVE,NOT_ANNOTATED,36.0,234.89
taipei_frame_005300,pexels_13258685_traffic_in_city,data/raw/videos/pexels_13258685_traffic_in_city.mp4,5300,106.0,Taipei,data/interim/v2_targeted_annotation/images/taipei_frame_005300.jpg,44ec7e62524d10c4a4668f1df4324b19309f252408700409f51e9805bacd69ef,d5cfaaadcacc0c99,V2_FRAME_DUP_00399,1,SYSTEMATIC_TEMPORAL,car;motorcycle;person,CROSSWALK;INTERSECTION;MULTIPLE_PERSON;OCCLUSION;PERSON_CAR;PERSON_MOTORCYCLE;PERSON_PRESENT;SMALL_PERSON,HEURISTIC;MODEL_ASSISTED;SYSTEMATIC,False,SELECTED_FOR_ANNOTATION,COVERAGE_BALANCED_DUPLICATE_REPRESENTATIVE,NOT_ANNOTATED,31.85,113.863
taipei_frame_005316,pexels_13258685_traffic_in_city,data/raw/videos/pexels_13258685_traffic_in_city.mp4,5316,106.32,Taipei,data/interim/v2_targeted_annotation/images/taipei_frame_005316.jpg,ad64e288fdbb7e0c1a6deb71b69f2171c17ba73341112641745c8575b2f6f47d,f1f3b0afaa674722,V2_FRAME_DUP_00400,1,DIFFICULT_HEURISTIC,car;motorcycle;person,CROSSWALK;DENSE_TRAFFIC;INTERSECTION;MULTIPLE_PERSON;OCCLUSION;PERSON_CAR;PERSON_MOTORCYCLE;PERSON_PRESENT;SMALL_PERSON,HEURISTIC;MODEL_ASSISTED,False,SELECTED_FOR_ANNOTATION,COVERAGE_BALANCED_DUPLICATE_REPRESENTATIVE,NOT_ANNOTATED,30.0,114.013
taipei_frame_005330,pexels_13258685_traffic_in_city,data/raw/videos/pexels_13258685_traffic_in_city.mp4,5330,106.6,Taipei,data/interim/v2_targeted_annotation/images/taipei_frame_005330.jpg,1ce5d9141c7ff8d2c100731f42325b0270120ee85419bb2bbe7a5de033253c45,397c6a5aae73c791,V2_FRAME_DUP_00401,1,DIFFICULT_HEURISTIC,car;motorcycle;person,CROSSWALK;DENSE_TRAFFIC;INTERSECTION;MULTIPLE_PERSON;OCCLUSION;PERSON_CAR;PERSON_MOTORCYCLE;PERSON_PRESENT;SMALL_PERSON,HEURISTIC;MODEL_ASSISTED,False,SELECTED_FOR_ANNOTATION,COVERAGE_BALANCED_DUPLICATE_REPRESENTATIVE,NOT_ANNOTATED,33.0,121.478
taipei_frame_005340,pexels_13258685_traffic_in_city,data/raw/videos/pexels_13258685_traffic_in_city.mp4,5340,106.8,Taipei,data/interim/v2_targeted_annotation/images/taipei_frame_005340.jpg,f659398e8d6ca207c056804f5bbb52945631dff0c8dfdd43975f477b4d4a7075,5e1f9695d6b584a4,V2_FRAME_DUP_00402,1,DIFFICULT_HEURISTIC,car;motorcycle;person,CROSSWALK;DENSE_TRAFFIC;INTERSECTION;MULTIPLE_PERSON;OCCLUSION;PERSON_CAR;PERSON_MOTORCYCLE;PERSON_PRESENT;SMALL_PERSON,HEURISTIC;MODEL_ASSISTED,False,SELECTED_FOR_ANNOTATION,COVERAGE_BALANCED_DUPLICATE_REPRESENTATIVE,NOT_ANNOTATED,45.75,122.426
taipei_frame_005352,pexels_13258685_traffic_in_city,data/raw/videos/pexels_13258685_traffic_in_city.mp4,5352,107.04,Taipei,data/interim/v2_targeted_annotation/images/taipei_frame_005352.jpg,717ff2650f199299e903cb5fdda8594eedd127cd4347fe26894fb47ad1e37c17,e74f6d6bf5e4c4d3,V2_FRAME_DUP_00403,1,DIFFICULT_HEURISTIC,car;motorcycle;person,CROSSWALK;DENSE_TRAFFIC;INTERSECTION;MULTIPLE_PERSON;OCCLUSION;PERSON_CAR;PERSON_MOTORCYCLE;PERSON_PRESENT;SMALL_PERSON,HEURISTIC;MODEL_ASSISTED,False,SELECTED_FOR_ANNOTATION,COVERAGE_BALANCED_DUPLICATE_REPRESENTATIVE,NOT_ANNOTATED,42.45,113.262
taipei_frame_005362,pexels_13258685_traffic_in_city,data/raw/videos/pexels_13258685_traffic_in_city.mp4,5362,107.24,Taipei,data/interim/v2_targeted_annotation/images/taipei_frame_005362.jpg,2b259b82b91cc37c4a61a3c62b6277d5ef409451275e1929528e955af7656df8,a323b6b373f4c476,V2_FRAME_DUP_00404,1,DIFFICULT_HEURISTIC,car;motorcycle;person,CROSSWALK;DENSE_TRAFFIC;INTERSECTION;MULTIPLE_PERSON;OCCLUSION;PERSON_CAR;PERSON_MOTORCYCLE;PERSON_PRESENT;SMALL_PERSON,HEURISTIC;MODEL_ASSISTED,False,SELECTED_FOR_ANNOTATION,COVERAGE_BALANCED_DUPLICATE_REPRESENTATIVE,NOT_ANNOTATED,30.15,104.313
taipei_frame_005372,pexels_13258685_traffic_in_city,data/raw/videos/pexels_13258685_traffic_in_city.mp4,5372,107.44,Taipei,data/interim/v2_targeted_annotation/images/taipei_frame_005372.jpg,5ee41e5d5bd71a5dc835469ac19f050c507cba4be275ecefcb38a9d24752c753,a888ad4d54756fd1,V2_FRAME_DUP_00405,1,DIFFICULT_HEURISTIC,car;motorcycle;person,CROSSWALK;DENSE_TRAFFIC;INTERSECTION;MULTIPLE_PERSON;OCCLUSION;PERSON_CAR;PERSON_MOTORCYCLE;PERSON_PRESENT;SMALL_PERSON,HEURISTIC;MODEL_ASSISTED,False,SELECTED_FOR_ANNOTATION,COVERAGE_BALANCED_DUPLICATE_REPRESENTATIVE,NOT_ANNOTATED,42.6,109.455
taipei_frame_005382,pexels_13258685_traffic_in_city,data/raw/videos/pexels_13258685_traffic_in_city.mp4,5382,107.64,Taipei,data/interim/v2_targeted_annotation/images/taipei_frame_005382.jpg,7d81d0e77b2006995f2303f1c5318d1816dadacfa4b734e9934388293f7bd7c9,252637b62fb6166e,V2_FRAME_DUP_00406,1,DIFFICULT_HEURISTIC,motorcycle;person,CROSSWALK;DENSE_TRAFFIC;INTERSECTION;MULTIPLE_PERSON;OCCLUSION;PERSON_MOTORCYCLE;PERSON_PRESENT;SMALL_PERSON,HEURISTIC;MODEL_ASSISTED,False,SELECTED_FOR_ANNOTATION,COVERAGE_BALANCED_DUPLICATE_REPRESENTATIVE,NOT_ANNOTATED,54.9,111.459
taipei_frame_005392,pexels_13258685_traffic_in_city,data/raw/videos/pexels_13258685_traffic_in_city.mp4,5392,107.84,Taipei,data/interim/v2_targeted_annotation/images/taipei_frame_005392.jpg,ee69c89a00900d4488a141ac4a7ebe794100e689e9c5081b22008b3004813802,12131adbd7d706b7,V2_FRAME_DUP_00407,1,DIFFICULT_HEURISTIC,motorcycle;person,CROSSWALK;DENSE_TRAFFIC;INTERSECTION;MULTIPLE_PERSON;OCCLUSION;PERSON_MOTORCYCLE;PERSON_PRESENT;SMALL_PERSON,HEURISTIC;MODEL_ASSISTED,False,SELECTED_FOR_ANNOTATION,COVERAGE_BALANCED_DUPLICATE_REPRESENTATIVE,NOT_ANNOTATED,48.45,95.583
taipei_frame_005404,pexels_13258685_traffic_in_city,data/raw/videos/pexels_13258685_traffic_in_city.mp4,5404,108.08,Taipei,data/interim/v2_targeted_annotation/images/taipei_frame_005404.jpg,de6ed6674936d392dadd758de125a72ff63b26645719a3f0a47d6dae6802be0a,4a082a24251787ed,V2_FRAME_DUP_00408,1,DIFFICULT_HEURISTIC,motorcycle;person,CROSSWALK;DENSE_TRAFFIC;INTERSECTION;MULTIPLE_PERSON;OCCLUSION;PERSON_MOTORCYCLE;PERSON_PRESENT;SMALL_PERSON,HEURISTIC;MODEL_ASSISTED,False,SELECTED_FOR_ANNOTATION,COVERAGE_BALANCED_DUPLICATE_REPRESENTATIVE,NOT_ANNOTATED,45.15,96.304
taipei_frame_005420,pexels_13258685_traffic_in_city,data/raw/videos/pexels_13258685_traffic_in_city.mp4,5420,108.4,Taipei,data/interim/v2_targeted_annotation/images/taipei_frame_005420.jpg,4c314af3cd91271d60e7464838af5ea36b730ec291bdaf88d7489f7596aa0955,d1f2e56d2dc4cc33,V2_FRAME_DUP_00409,1,DIFFICULT_HEURISTIC,car;motorcycle;person,CROSSWALK;DENSE_TRAFFIC;INTERSECTION;MULTIPLE_PERSON;OCCLUSION;PERSON_CAR;PERSON_MOTORCYCLE;PERSON_PRESENT;SMALL_PERSON,HEURISTIC;MODEL_ASSISTED,False,SELECTED_FOR_ANNOTATION,COVERAGE_BALANCED_DUPLICATE_REPRESENTATIVE,NOT_ANNOTATED,39.3,103.373
taipei_frame_005437,pexels_13258685_traffic_in_city,data/raw/videos/pexels_13258685_traffic_in_city.mp4,5437,108.74,Taipei,data/interim/v2_targeted_annotation/images/taipei_frame_005437.jpg,a1c13b1b7191ee0effd83fea29863c1ea16854df20a10ca56005303abbe4a32e,5a5e5c5569890e6d,V2_FRAME_DUP_00410,1,DIFFICULT_HEURISTIC,car;motorcycle;person,CROSSWALK;DENSE_TRAFFIC;INTERSECTION;MULTIPLE_PERSON;OCCLUSION;PERSON_CAR;PERSON_MOTORCYCLE;PERSON_PRESENT;SMALL_PERSON,HEURISTIC;MODEL_ASSISTED,False,SELECTED_FOR_ANNOTATION,COVERAGE_BALANCED_DUPLICATE_REPRESENTATIVE,NOT_ANNOTATED,30.15,74.419
taipei_frame_005450,pexels_13258685_traffic_in_city,data/raw/videos/pexels_13258685_traffic_in_city.mp4,5450,109.0,Taipei,data/interim/v2_targeted_annotation/images/taipei_frame_005450.jpg,886eeea70d2e0f21846380f55a6fc56201f8e1f48fa3f99f027d0215ec0276fb,6b2b0a6a4a838781,V2_FRAME_DUP_00411,1,SYSTEMATIC_TEMPORAL,car;motorcycle;person,CROSSWALK;INTERSECTION;OCCLUSION;PERSON_CAR;PERSON_MOTORCYCLE;PERSON_PRESENT,HEURISTIC;MODEL_ASSISTED;SYSTEMATIC,False,SELECTED_FOR_ANNOTATION,COVERAGE_BALANCED_DUPLICATE_REPRESENTATIVE,NOT_ANNOTATED,10.95,71.657
taipei_frame_005461,pexels_13258685_traffic_in_city,data/raw/videos/pexels_13258685_traffic_in_city.mp4,5461,109.22,Taipei,data/interim/v2_targeted_annotation/mined/taipei_frame_005461.jpg,afcbd27cd07cc6991dacc39589320e486ff6b319f9745d5c17a13b677a90cc19,dacac25a16248420,V2_FRAME_DUP_00412,1,DIFFICULT_HEURISTIC,car;motorcycle;person,CROSSWALK;INTERSECTION;MULTIPLE_PERSON;OCCLUSION;PERSON_CAR;PERSON_MOTORCYCLE;PERSON_PRESENT;SMALL_PERSON,HEURISTIC;MODEL_ASSISTED,False,NOT_SELECTED_BALANCE,FINAL_SCENE_METHOD_BALANCE,NOT_ANNOTATED,24.55,63.282
taipei_frame_005472,pexels_13258685_traffic_in_city,data/raw/videos/pexels_13258685_traffic_in_city.mp4,5472,109.44,Taipei,data/interim/v2_targeted_annotation/mined/taipei_frame_005472.jpg,08b53080f86829269bebe01d3624ca6fa775c2316c3fff207b3750563510f23d,66366484e5c706c9,V2_FRAME_DUP_00413,1,DIFFICULT_HEURISTIC,bus;car;motorcycle;person,CROSSWALK;INTERSECTION;MULTIPLE_PERSON;OCCLUSION;PERSON_CAR;PERSON_MOTORCYCLE;PERSON_PRESENT;SMALL_PERSON,HEURISTIC;MODEL_ASSISTED,False,NOT_SELECTED_BALANCE,FINAL_SCENE_METHOD_BALANCE,NOT_ANNOTATED,21.7,75.281
taipei_frame_005490,pexels_13258685_traffic_in_city,data/raw/videos/pexels_13258685_traffic_in_city.mp4,5490,109.8,Taipei,data/interim/v2_targeted_annotation/mined/taipei_frame_005490.jpg,bb61656ade9d2349ad4ee68cbf1312cdcc6b777c5df74559f79553c1cbe9166e,a6c6969695a5c680,V2_FRAME_DUP_00414,1,DIFFICULT_HEURISTIC,bus;car;motorcycle;person,CROSSWALK;INTERSECTION;MULTIPLE_PERSON;OCCLUSION;PERSON_CAR;PERSON_MOTORCYCLE;PERSON_PRESENT;SMALL_PERSON,HEURISTIC;MODEL_ASSISTED,False,NOT_SELECTED_BALANCE,FINAL_SCENE_METHOD_BALANCE,NOT_ANNOTATED,21.7,72.962
taipei_frame_005500,pexels_13258685_traffic_in_city,data/raw/videos/pexels_13258685_traffic_in_city.mp4,5500,110.0,Taipei,data/interim/v2_targeted_annotation/images/taipei_frame_005500.jpg,c3183ba5fe94179b344a4b486010ca683a71dd39623a2bf74ac74cee75739ab1,2b714bcc464673c0,V2_FRAME_DUP_00415,1,SYSTEMATIC_TEMPORAL,bus;car;motorcycle;person,CROSSWALK;INTERSECTION;MULTIPLE_PERSON;OCCLUSION;PERSON_CAR;PERSON_MOTORCYCLE;PERSON_PRESENT;SMALL_PERSON,HEURISTIC;MODEL_ASSISTED;SYSTEMATIC,False,SELECTED_FOR_ANNOTATION,COVERAGE_BALANCED_DUPLICATE_REPRESENTATIVE,NOT_ANNOTATED,28.7,84.384
taipei_frame_005519,pexels_13258685_traffic_in_city,data/raw/videos/pexels_13258685_traffic_in_city.mp4,5519,110.38,Taipei,data/interim/v2_targeted_annotation/images/taipei_frame_005519.jpg,07a4c0318de863f679c110f41ab7f3928a84e0858cee3362a35646fc5e08009c,adaaa929d99f9c3c,V2_FRAME_DUP_00416,1,DIFFICULT_HEURISTIC,bus;car;motorcycle;person,CROSSWALK;DENSE_TRAFFIC;INTERSECTION;MULTIPLE_PERSON;OCCLUSION;PERSON_CAR;PERSON_MOTORCYCLE;PERSON_PRESENT;SMALL_PERSON,HEURISTIC;MODEL_ASSISTED,False,SELECTED_FOR_ANNOTATION,COVERAGE_BALANCED_DUPLICATE_REPRESENTATIVE,NOT_ANNOTATED,51.9,41.386
taipei_frame_005535,pexels_13258685_traffic_in_city,data/raw/videos/pexels_13258685_traffic_in_city.mp4,5535,110.7,Taipei,data/interim/v2_targeted_annotation/images/taipei_frame_005535.jpg,7b63f404d650f8725d8b38fee2816bed9ff259dab16413e8ce849bc7dd52655b,35ad3a1736666656,V2_FRAME_DUP_00417,1,DIFFICULT_HEURISTIC,bus;person,CROSSWALK;DENSE_TRAFFIC;INTERSECTION;MULTIPLE_PERSON;OCCLUSION;PERSON_PRESENT;SMALL_PERSON,HEURISTIC;MODEL_ASSISTED,False,SELECTED_FOR_ANNOTATION,COVERAGE_BALANCED_DUPLICATE_REPRESENTATIVE,NOT_ANNOTATED,43.3,29.114
taipei_frame_005547,pexels_13258685_traffic_in_city,data/raw/videos/pexels_13258685_traffic_in_city.mp4,5547,110.94,Taipei,data/interim/v2_targeted_annotation/images/taipei_frame_005547.jpg,5f807ff5370d6aa358bbc6fb264461f414a5b9f2f6f0b4feaaa8dafc05b026b5,ce4a8a8599959999,V2_FRAME_DUP_00418,1,DIFFICULT_HEURISTIC,motorcycle;person,CROSSWALK;DENSE_TRAFFIC;INTERSECTION;MULTIPLE_PERSON;OCCLUSION;PERSON_MOTORCYCLE;PERSON_PRESENT;SMALL_PERSON,HEURISTIC;MODEL_ASSISTED,False,SELECTED_FOR_ANNOTATION,COVERAGE_BALANCED_DUPLICATE_REPRESENTATIVE,NOT_ANNOTATED,54.75,25.573
taipei_frame_005560,pexels_13258685_traffic_in_city,data/raw/videos/pexels_13258685_traffic_in_city.mp4,5560,111.2,Taipei,data/interim/v2_targeted_annotation/images/taipei_frame_005560.jpg,52becaa0539dc9ef7aa361e25370cbac4dd4b4b77c437323af0bab7f0f9877b0,d2125245c84ecccc,V2_FRAME_DUP_00419,1,DIFFICULT_HEURISTIC,motorcycle;person,CROSSWALK;DENSE_TRAFFIC;INTERSECTION;MULTIPLE_PERSON;OCCLUSION;PERSON_MOTORCYCLE;PERSON_PRESENT;SMALL_PERSON,HEURISTIC;MODEL_ASSISTED,False,SELECTED_FOR_ANNOTATION,COVERAGE_BALANCED_DUPLICATE_REPRESENTATIVE,NOT_ANNOTATED,64.05,31.559
taipei_frame_005571,pexels_13258685_traffic_in_city,data/raw/videos/pexels_13258685_traffic_in_city.mp4,5571,111.42,Taipei,data/interim/v2_targeted_annotation/images/taipei_frame_005571.jpg,2e6a8664621f396cd0a09902798f3904b035d86d633f5e947e0551ef684db75b,798991a664676666,V2_FRAME_DUP_00420,1,DIFFICULT_HEURISTIC,motorcycle;person,CROSSWALK;DENSE_TRAFFIC;INTERSECTION;MULTIPLE_PERSON;OCCLUSION;PERSON_MOTORCYCLE;PERSON_PRESENT;SMALL_PERSON,HEURISTIC;MODEL_ASSISTED,False,SELECTED_FOR_ANNOTATION,COVERAGE_BALANCED_DUPLICATE_REPRESENTATIVE,NOT_ANNOTATED,67.35,28.341
taipei_frame_005706,pexels_13258685_traffic_in_city,data/raw/videos/pexels_13258685_traffic_in_city.mp4,5706,114.12,Taipei,data/interim/v2_targeted_annotation/images/taipei_frame_005706.jpg,ccad968581c7df33a587ccbc45ea95870e79aee78229af07698d3b3f864efdd1,69bb218ce23130a8,V2_FRAME_DUP_00421,1,DIFFICULT_HEURISTIC,motorcycle;person,CROSSWALK;DENSE_TRAFFIC;INTERSECTION;MULTIPLE_PERSON;OCCLUSION;PERSON_MOTORCYCLE;PERSON_PRESENT;SMALL_PERSON,HEURISTIC;MODEL_ASSISTED,False,SELECTED_FOR_ANNOTATION,COVERAGE_BALANCED_DUPLICATE_REPRESENTATIVE,NOT_ANNOTATED,58.65,37.855
taipei_frame_005717,pexels_13258685_traffic_in_city,data/raw/videos/pexels_13258685_traffic_in_city.mp4,5717,114.34,Taipei,data/interim/v2_targeted_annotation/images/taipei_frame_005717.jpg,fa672b91eb14f7c009fee2e9b52979f3234ea24a8a58c542dafb5ac421a9a226,d232525e585a6050,V2_FRAME_DUP_00422,1,DIFFICULT_HEURISTIC,motorcycle;person,CROSSWALK;DENSE_TRAFFIC;INTERSECTION;MULTIPLE_PERSON;OCCLUSION;PERSON_MOTORCYCLE;PERSON_PRESENT;SMALL_PERSON,HEURISTIC;MODEL_ASSISTED,False,SELECTED_FOR_ANNOTATION,COVERAGE_BALANCED_DUPLICATE_REPRESENTATIVE,NOT_ANNOTATED,51.9,41.373
taipei_frame_005736,pexels_13258685_traffic_in_city,data/raw/videos/pexels_13258685_traffic_in_city.mp4,5736,114.72,Taipei,data/interim/v2_targeted_annotation/images/taipei_frame_005736.jpg,de12f0faf3b264cdee2a44f4284743bef39d0854153da1371585f28b01c79425,2a6b2ae698901c0a,V2_FRAME_DUP_00423,1,DIFFICULT_HEURISTIC,bus;motorcycle;person,CROSSWALK;DENSE_TRAFFIC;INTERSECTION;MULTIPLE_PERSON;OCCLUSION;PERSON_MOTORCYCLE;PERSON_PRESENT;SMALL_PERSON,HEURISTIC;MODEL_ASSISTED,False,SELECTED_FOR_ANNOTATION,COVERAGE_BALANCED_DUPLICATE_REPRESENTATIVE,NOT_ANNOTATED,55.05,80.078
taipei_frame_005747,pexels_13258685_traffic_in_city,data/raw/videos/pexels_13258685_traffic_in_city.mp4,5747,114.94,Taipei,data/interim/v2_targeted_annotation/images/taipei_frame_005747.jpg,64bf223df324e93f3ffa1fc9f9140b11b2e50265e851a8d8f33613639a8693a9,545495d477642712,V2_FRAME_DUP_00424,1,DIFFICULT_HEURISTIC,bus;car;motorcycle;person,CROSSWALK;DENSE_TRAFFIC;INTERSECTION;MULTIPLE_PERSON;OCCLUSION;PERSON_CAR;PERSON_MOTORCYCLE;PERSON_PRESENT;SMALL_PERSON,HEURISTIC;MODEL_ASSISTED,False,SELECTED_FOR_ANNOTATION,COVERAGE_BALANCED_DUPLICATE_REPRESENTATIVE,NOT_ANNOTATED,42.9,98.702
taipei_frame_005757,pexels_13258685_traffic_in_city,data/raw/videos/pexels_13258685_traffic_in_city.mp4,5757,115.14,Taipei,data/interim/v2_targeted_annotation/images/taipei_frame_005757.jpg,2ff330bc9e3d98b8e3b53281fc75d63ecffa0708259cace51a820c4ad578cf4c,a1aa4b282c301934,V2_FRAME_DUP_00425,1,DIFFICULT_HEURISTIC,bus;car;motorcycle;person,CROSSWALK;DENSE_TRAFFIC;INTERSECTION;MULTIPLE_PERSON;OCCLUSION;PERSON_CAR;PERSON_MOTORCYCLE;PERSON_PRESENT;SMALL_PERSON,HEURISTIC;MODEL_ASSISTED,False,SELECTED_FOR_ANNOTATION,COVERAGE_BALANCED_DUPLICATE_REPRESENTATIVE,NOT_ANNOTATED,42.45,85.853
taipei_frame_005770,pexels_13258685_traffic_in_city,data/raw/videos/pexels_13258685_traffic_in_city.mp4,5770,115.4,Taipei,data/interim/v2_targeted_annotation/mined/taipei_frame_005770.jpg,3ce13b8c074ca511da83bc6905a4e82abc3cfd535e6e2d4c501da8f3f5c555ed,4b414b2335363861,V2_FRAME_DUP_00426,1,DIFFICULT_HEURISTIC,bus;car;motorcycle;person,CROSSWALK;INTERSECTION;MULTIPLE_PERSON;OCCLUSION;PERSON_CAR;PERSON_MOTORCYCLE;PERSON_PRESENT,HEURISTIC;MODEL_ASSISTED,False,NOT_SELECTED_BALANCE,FINAL_SCENE_METHOD_BALANCE,NOT_ANNOTATED,21.7,92.069
taipei_frame_005785,pexels_13258685_traffic_in_city,data/raw/videos/pexels_13258685_traffic_in_city.mp4,5785,115.7,Taipei,data/interim/v2_targeted_annotation/images/taipei_frame_005785.jpg,1591a16bc19859211e291e5742f47ce31ec1f0879175ac5ba8a863a577519784,3632a6736e323830,V2_FRAME_DUP_00427,1,DIFFICULT_HEURISTIC,bus;car;motorcycle;person,CROSSWALK;DENSE_TRAFFIC;INTERSECTION;MULTIPLE_PERSON;OCCLUSION;PERSON_CAR;PERSON_MOTORCYCLE;PERSON_PRESENT;SMALL_PERSON,HEURISTIC;MODEL_ASSISTED,False,SELECTED_FOR_ANNOTATION,COVERAGE_BALANCED_DUPLICATE_REPRESENTATIVE,NOT_ANNOTATED,30.15,60.477
taipei_frame_005800,pexels_13258685_traffic_in_city,data/raw/videos/pexels_13258685_traffic_in_city.mp4,5800,116.0,Taipei,data/interim/v2_targeted_annotation/images/taipei_frame_005800.jpg,cdf06e3002bd08798679a98ca0ed296f301a231373c307d879cc5c3e3f251000,6b2b4a0b2b331b1d,V2_FRAME_DUP_00428,1,SYSTEMATIC_TEMPORAL,car;motorcycle;person,CROSSWALK;INTERSECTION;MULTIPLE_PERSON;OCCLUSION;PERSON_CAR;PERSON_MOTORCYCLE;PERSON_PRESENT,HEURISTIC;MODEL_ASSISTED;SYSTEMATIC,False,SELECTED_FOR_ANNOTATION,COVERAGE_BALANCED_DUPLICATE_REPRESENTATIVE,NOT_ANNOTATED,16.1,49.128
taipei_frame_005813,pexels_13258685_traffic_in_city,data/raw/videos/pexels_13258685_traffic_in_city.mp4,5813,116.26,Taipei,data/interim/v2_targeted_annotation/mined/taipei_frame_005813.jpg,5a1b055a1c12deb7b39a5ab4b5944f2cf994881f22d040b4c3ea7862a87e3650,dfd3e9f1b714192f,V2_FRAME_DUP_00429,1,DIFFICULT_HEURISTIC,bus;motorcycle;person,CROSSWALK;INTERSECTION;MULTIPLE_PERSON;OCCLUSION;PERSON_MOTORCYCLE;PERSON_PRESENT,HEURISTIC;MODEL_ASSISTED,False,NOT_SELECTED_BALANCE,FINAL_SCENE_METHOD_BALANCE,NOT_ANNOTATED,15.1,104.409
taipei_frame_005823,pexels_13258685_traffic_in_city,data/raw/videos/pexels_13258685_traffic_in_city.mp4,5823,116.46,Taipei,data/interim/v2_targeted_annotation/mined/taipei_frame_005823.jpg,3b619f672e539541233ba57cc438f4b4dbb322b4dff2db85c5bd5e4b2c422390,f068aa2c5a8e0c8e,V2_FRAME_DUP_00430,1,DIFFICULT_HEURISTIC,bus;motorcycle;person,CROSSWALK;INTERSECTION;MULTIPLE_PERSON;OCCLUSION;PERSON_MOTORCYCLE;PERSON_PRESENT,HEURISTIC;MODEL_ASSISTED,False,NOT_SELECTED_BALANCE,FINAL_SCENE_METHOD_BALANCE,NOT_ANNOTATED,15.25,103.773
taipei_frame_005840,pexels_13258685_traffic_in_city,data/raw/videos/pexels_13258685_traffic_in_city.mp4,5840,116.8,Taipei,data/interim/v2_targeted_annotation/mined/taipei_frame_005840.jpg,b15a1fcce6be6626e703f16c3ababb63134de49d8f25fb826dd116d5c0f745f7,48ac2d5dacc5a5ce,V2_FRAME_DUP_00431,1,DIFFICULT_HEURISTIC,bus;car;motorcycle;person,CROSSWALK;INTERSECTION;MULTIPLE_PERSON;OCCLUSION;PERSON_CAR;PERSON_MOTORCYCLE;PERSON_PRESENT,HEURISTIC;MODEL_ASSISTED,False,NOT_SELECTED_BALANCE,FINAL_SCENE_METHOD_BALANCE,NOT_ANNOTATED,15.4,97.689
taipei_frame_005850,pexels_13258685_traffic_in_city,data/raw/videos/pexels_13258685_traffic_in_city.mp4,5850,117.0,Taipei,data/interim/v2_targeted_annotation/images/taipei_frame_005850.jpg,2f97edfb1b636a401e5d05fac52341005d7299829896be10940fe8494992b27e,af070b0a8747c3a3,V2_FRAME_DUP_00432,1,SYSTEMATIC_TEMPORAL,bus;car;motorcycle;person,CROSSWALK;INTERSECTION;MULTIPLE_PERSON;OCCLUSION;PERSON_CAR;PERSON_MOTORCYCLE;PERSON_PRESENT,HEURISTIC;MODEL_ASSISTED;SYSTEMATIC,False,SELECTED_FOR_ANNOTATION,COVERAGE_BALANCED_DUPLICATE_REPRESENTATIVE,NOT_ANNOTATED,16.55,94.059
taipei_frame_005861,pexels_13258685_traffic_in_city,data/raw/videos/pexels_13258685_traffic_in_city.mp4,5861,117.22,Taipei,data/interim/v2_targeted_annotation/mined/taipei_frame_005861.jpg,0a0e4d1884cbe1a249cea173c4d66ba1832bde3d1a0360333398dc34ca9ddcff,e7f3695666c78743,V2_FRAME_DUP_00433,1,DIFFICULT_HEURISTIC,car;motorcycle;person,CROSSWALK;INTERSECTION;MULTIPLE_PERSON;OCCLUSION;PERSON_CAR;PERSON_MOTORCYCLE;PERSON_PRESENT,HEURISTIC;MODEL_ASSISTED,False,NOT_SELECTED_BALANCE,FINAL_SCENE_METHOD_BALANCE,NOT_ANNOTATED,15.4,104.858
taipei_frame_005879,pexels_13258685_traffic_in_city,data/raw/videos/pexels_13258685_traffic_in_city.mp4,5879,117.58,Taipei,data/interim/v2_targeted_annotation/images/taipei_frame_005879.jpg,8ef418d06501dcb3f53ab8d25f8e46858fe2379fc9487cf5b637d4f59b2b239a,aead2d8d2646c686,V2_FRAME_DUP_00434,1,MODEL_ASSISTED_POSITIVE,car;person,CROSSWALK;INTERSECTION;PERSON_CAR;PERSON_PRESENT,HEURISTIC;MODEL_ASSISTED,False,SELECTED_FOR_ANNOTATION,COVERAGE_BALANCED_DUPLICATE_REPRESENTATIVE,NOT_ANNOTATED,3.3,87.099
taipei_frame_005889,pexels_13258685_traffic_in_city,data/raw/videos/pexels_13258685_traffic_in_city.mp4,5889,117.78,Taipei,data/interim/v2_targeted_annotation/images/taipei_frame_005889.jpg,c57b7efb4196c8ecdf63847bd87838893541419d06cc526357221950383c3c97,5a49c8ea6363c1f4,V2_FRAME_DUP_00435,1,MODEL_ASSISTED_POSITIVE,bus;person,CROSSWALK;INTERSECTION;PERSON_PRESENT,HEURISTIC;MODEL_ASSISTED,False,SELECTED_FOR_ANNOTATION,COVERAGE_BALANCED_DUPLICATE_REPRESENTATIVE,NOT_ANNOTATED,3.3,89.125
taipei_frame_005900,pexels_13258685_traffic_in_city,data/raw/videos/pexels_13258685_traffic_in_city.mp4,5900,118.0,Taipei,data/interim/v2_targeted_annotation/images/taipei_frame_005900.jpg,8c10f5bb3a2b01f5ef0448b1a29fef59b78af9be7fc338f7826d728d1471e5bf,a162212c24a6a627,V2_FRAME_DUP_00436,1,SYSTEMATIC_TEMPORAL,bus;car;motorcycle;person,CROSSWALK;INTERSECTION;OCCLUSION;PERSON_CAR;PERSON_MOTORCYCLE;PERSON_PRESENT,HEURISTIC;MODEL_ASSISTED;SYSTEMATIC,False,SELECTED_FOR_ANNOTATION,COVERAGE_BALANCED_DUPLICATE_REPRESENTATIVE,NOT_ANNOTATED,11.1,52.154
taipei_frame_005911,pexels_13258685_traffic_in_city,data/raw/videos/pexels_13258685_traffic_in_city.mp4,5911,118.22,Taipei,data/interim/v2_targeted_annotation/mined/taipei_frame_005911.jpg,0174446d33d35adeed00f57c0345ca1889fd1fe75b4c655949e7e1b8620538e6,0171a9b767434787,V2_FRAME_DUP_00437,1,DIFFICULT_HEURISTIC,bus;motorcycle;person,CROSSWALK;INTERSECTION;OCCLUSION;PERSON_MOTORCYCLE;PERSON_PRESENT,HEURISTIC;MODEL_ASSISTED,False,NOT_SELECTED_BALANCE,FINAL_SCENE_METHOD_BALANCE,NOT_ANNOTATED,10.1,82.949
taipei_frame_005926,pexels_13258685_traffic_in_city,data/raw/videos/pexels_13258685_traffic_in_city.mp4,5926,118.52,Taipei,data/interim/v2_targeted_annotation/images/taipei_frame_005926.jpg,cb307029c0084b8b954669d0caa442a75a838baeda536bd7870f8c933400ef6b,4989071217c6e993,V2_FRAME_DUP_00438,1,MODEL_ASSISTED_POSITIVE,bus;motorcycle;person,CROSSWALK;INTERSECTION;PERSON_MOTORCYCLE;PERSON_PRESENT,HEURISTIC;MODEL_ASSISTED,False,SELECTED_FOR_ANNOTATION,COVERAGE_BALANCED_DUPLICATE_REPRESENTATIVE,NOT_ANNOTATED,8.6,73.345
taipei_frame_005939,pexels_13258685_traffic_in_city,data/raw/videos/pexels_13258685_traffic_in_city.mp4,5939,118.78,Taipei,data/interim/v2_targeted_annotation/images/taipei_frame_005939.jpg,5bc82a087479673afe1b4a3b114d0dc1bf08d73bbb854e9c15c3ea98dbc13380,b070d0d0d0da2d4d,V2_FRAME_DUP_00439,1,MODEL_ASSISTED_POSITIVE,bus;person,CROSSWALK;INTERSECTION;PERSON_PRESENT,HEURISTIC;MODEL_ASSISTED,False,SELECTED_FOR_ANNOTATION,COVERAGE_BALANCED_DUPLICATE_REPRESENTATIVE,NOT_ANNOTATED,3.3,48.791
taipei_frame_005957,pexels_13258685_traffic_in_city,data/raw/videos/pexels_13258685_traffic_in_city.mp4,5957,119.14,Taipei,data/interim/v2_targeted_annotation/images/taipei_frame_005957.jpg,647ad431b5a4ea76db9606103218f8fbf9339cce08a217e294f42afb04a93c16,8686a6a6a6aaaa6a,V2_FRAME_DUP_00440,1,MODEL_ASSISTED_POSITIVE,bus,CROSSWALK;INTERSECTION,HEURISTIC;MODEL_ASSISTED,False,SELECTED_FOR_ANNOTATION,COVERAGE_BALANCED_DUPLICATE_REPRESENTATIVE,NOT_ANNOTATED,0.15,30.941
urban_frame_000422,pexels_37258214_urban_traffic_cars_motorcycles,data/raw/videos/pexels_37258214_urban_traffic_cars_motorcycles.mp4,422,7.040367,Urban,data/interim/v2_targeted_annotation/images/urban_frame_000422.jpg,4b353d0e0ff88c13250e45e3aa826995b3cf66ac952847d1ac501337eef50d8e,b7d5e9f9d96c1678,V2_FRAME_DUP_00518,1,HARD_NEGATIVE_CONTEXT,bus;car,DENSE_TRAFFIC;HARD_NEGATIVE;INTERSECTION;OCCLUSION,HEURISTIC,False,SELECTED_FOR_ANNOTATION,COVERAGE_BALANCED_DUPLICATE_REPRESENTATIVE,NOT_ANNOTATED,5.8,320.975
urban_frame_000428,pexels_37258214_urban_traffic_cars_motorcycles,data/raw/videos/pexels_37258214_urban_traffic_cars_motorcycles.mp4,428,7.140467,Urban,data/interim/v2_targeted_annotation/mined/urban_frame_000428.jpg,af0ec1f2283bea0ef3fafdc6c443a04cd6762ac4e9b8e17ba796964e4dfbbfee,b3d5e9f9cba48e39,V2_FRAME_DUP_00519,1,HARD_NEGATIVE_CONTEXT,bus;car,HARD_NEGATIVE;INTERSECTION;OCCLUSION,HEURISTIC,False,NOT_SELECTED_BALANCE,FINAL_SCENE_METHOD_BALANCE,NOT_ANNOTATED,2.9,313.723
urban_frame_000435,pexels_37258214_urban_traffic_cars_motorcycles,data/raw/videos/pexels_37258214_urban_traffic_cars_motorcycles.mp4,435,7.25725,Urban,data/interim/v2_targeted_annotation/images/urban_frame_000435.jpg,15bee73bf1b35c04d2ed0940687c32022d536f86fac88177b5af588c639cc3a7,b7d5e9f98bd44eb9,V2_FRAME_DUP_00520,1,HARD_NEGATIVE_CONTEXT,bus;car;truck,HARD_NEGATIVE;INTERSECTION;OCCLUSION,HEURISTIC,False,SELECTED_FOR_ANNOTATION,COVERAGE_BALANCED_DUPLICATE_REPRESENTATIVE,NOT_ANNOTATED,3.2,325.006
urban_frame_000442,pexels_37258214_urban_traffic_cars_motorcycles,data/raw/videos/pexels_37258214_urban_traffic_cars_motorcycles.mp4,442,7.374033,Urban,data/interim/v2_targeted_annotation/images/urban_frame_000442.jpg,c837ac614ca06c85a5d73b88abe57b48e9e9e13867815d8dec9e8aa7f4cee389,b5d5e9b99be0a679,V2_FRAME_DUP_00521,1,DIFFICULT_HEURISTIC,bus;car;person;truck,DENSE_TRAFFIC;INTERSECTION;MULTIPLE_PERSON;OCCLUSION;PERSON_CAR;PERSON_PRESENT;SMALL_PERSON,HEURISTIC;MODEL_ASSISTED,False,SELECTED_FOR_ANNOTATION,COVERAGE_BALANCED_DUPLICATE_REPRESENTATIVE,NOT_ANNOTATED,19.3,321.074
urban_frame_000450,pexels_37258214_urban_traffic_cars_motorcycles,data/raw/videos/pexels_37258214_urban_traffic_cars_motorcycles.mp4,450,7.5075,Urban,data/interim/v2_targeted_annotation/images/urban_frame_000450.jpg,6c8493cf369beb396e1fb508c8fbfd759acf3b0856238f25c0f06adb1a59906c,b7d5e9395bcaa625,V2_FRAME_DUP_00522,1,SYSTEMATIC_TEMPORAL,car;person,INTERSECTION;MULTIPLE_PERSON;OCCLUSION;PERSON_CAR;PERSON_PRESENT,HEURISTIC;MODEL_ASSISTED;SYSTEMATIC,False,SELECTED_FOR_ANNOTATION,COVERAGE_BALANCED_DUPLICATE_REPRESENTATIVE,NOT_ANNOTATED,11.55,314.805
urban_frame_000458,pexels_37258214_urban_traffic_cars_motorcycles,data/raw/videos/pexels_37258214_urban_traffic_cars_motorcycles.mp4,458,7.640967,Urban,data/interim/v2_targeted_annotation/images/urban_frame_000458.jpg,186b4c01cbeddc48d79b77bc01d38366d385642fef7654a13ca8302d3799d3a5,b7d5e9390b7b9d5d,V2_FRAME_DUP_00523,1,DIFFICULT_HEURISTIC,car;person;truck,INTERSECTION;MULTIPLE_PERSON;OCCLUSION;PERSON_CAR;PERSON_PRESENT;SMALL_PERSON,HEURISTIC;MODEL_ASSISTED,False,SELECTED_FOR_ANNOTATION,COVERAGE_BALANCED_DUPLICATE_REPRESENTATIVE,NOT_ANNOTATED,16.85,312.351
urban_frame_000464,pexels_37258214_urban_traffic_cars_motorcycles,data/raw/videos/pexels_37258214_urban_traffic_cars_motorcycles.mp4,464,7.741067,Urban,data/interim/v2_targeted_annotation/images/urban_frame_000464.jpg,d206077f1a7b611e6ad4777469f1bffe4d5fd8b1731643cdbf288469792cf6ba,b5d5e93913988e7a,V2_FRAME_DUP_00524,1,DIFFICULT_HEURISTIC,car;person;truck,DENSE_TRAFFIC;INTERSECTION;MULTIPLE_PERSON;OCCLUSION;PERSON_CAR;PERSON_PRESENT;SMALL_PERSON,HEURISTIC;MODEL_ASSISTED,False,SELECTED_FOR_ANNOTATION,COVERAGE_BALANCED_DUPLICATE_REPRESENTATIVE,NOT_ANNOTATED,25.6,320.699
urban_frame_000471,pexels_37258214_urban_traffic_cars_motorcycles,data/raw/videos/pexels_37258214_urban_traffic_cars_motorcycles.mp4,471,7.85785,Urban,data/interim/v2_targeted_annotation/images/urban_frame_000471.jpg,b4512621cb191c3142d4eeac8e29949eb3c3556147767f83b430023cf6901f49,b7d5e939139c8778,V2_FRAME_DUP_00525,1,DIFFICULT_HEURISTIC,car;person;truck,INTERSECTION;MULTIPLE_PERSON;OCCLUSION;PERSON_CAR;PERSON_PRESENT;SMALL_PERSON,HEURISTIC;MODEL_ASSISTED,False,SELECTED_FOR_ANNOTATION,COVERAGE_BALANCED_DUPLICATE_REPRESENTATIVE,NOT_ANNOTATED,16.85,323.257
urban_frame_000479,pexels_37258214_urban_traffic_cars_motorcycles,data/raw/videos/pexels_37258214_urban_traffic_cars_motorcycles.mp4,479,7.991317,Urban,data/interim/v2_targeted_annotation/images/urban_frame_000479.jpg,66de0f99f1c52ff28a349a41cf6692f1b013d9dd87ba1b4c44fc1f8b6fcf9ff2,b7d5e939139c8779,V2_FRAME_DUP_00526,1,HARD_NEGATIVE_CONTEXT,car;truck,HARD_NEGATIVE;INTERSECTION;OCCLUSION,HEURISTIC,False,SELECTED_FOR_ANNOTATION,COVERAGE_BALANCED_DUPLICATE_REPRESENTATIVE,NOT_ANNOTATED,3.05,331.851
urban_frame_000489,pexels_37258214_urban_traffic_cars_motorcycles,data/raw/videos/pexels_37258214_urban_traffic_cars_motorcycles.mp4,489,8.15815,Urban,data/interim/v2_targeted_annotation/images/urban_frame_000489.jpg,5375e2fa41818d89b57c27a93c4ee88429d11cd96ac9419c80e609e054b0dae2,b7d5e93923f69379,V2_FRAME_DUP_00527,1,HARD_NEGATIVE_CONTEXT,car;truck,HARD_NEGATIVE;INTERSECTION;OCCLUSION,HEURISTIC,False,SELECTED_FOR_ANNOTATION,COVERAGE_BALANCED_DUPLICATE_REPRESENTATIVE,NOT_ANNOTATED,3.35,336.071
urban_frame_000500,pexels_37258214_urban_traffic_cars_motorcycles,data/raw/videos/pexels_37258214_urban_traffic_cars_motorcycles.mp4,500,8.341667,Urban,data/interim/v2_targeted_annotation/images/urban_frame_000500.jpg,05488048b8b305cc1f33d9dbcef86f238178eeb806dc8fffc546b4113aac7505,b3d5e93967e3d379,V2_FRAME_DUP_00528,1,HARD_NEGATIVE_CONTEXT,car;truck,HARD_NEGATIVE;INTERSECTION;OCCLUSION,HEURISTIC,False,SELECTED_FOR_ANNOTATION,COVERAGE_BALANCED_DUPLICATE_REPRESENTATIVE,NOT_ANNOTATED,3.2,344.809
urban_frame_000506,pexels_37258214_urban_traffic_cars_motorcycles,data/raw/videos/pexels_37258214_urban_traffic_cars_motorcycles.mp4,506,8.441767,Urban,data/interim/v2_targeted_annotation/images/urban_frame_000506.jpg,380c5756274131a75e8eab4a123b699e51bd3deee23f3737f1e11cfd510d9dbc,b5d5e93947e1f779,V2_FRAME_DUP_00529,1,DIFFICULT_HEURISTIC,car;person;truck,INTERSECTION;OCCLUSION;PERSON_CAR;PERSON_PRESENT;SMALL_PERSON,HEURISTIC;MODEL_ASSISTED,False,SELECTED_FOR_ANNOTATION,COVERAGE_BALANCED_DUPLICATE_REPRESENTATIVE,NOT_ANNOTATED,8.55,331.431
urban_frame_000516,pexels_37258214_urban_traffic_cars_motorcycles,data/raw/videos/pexels_37258214_urban_traffic_cars_motorcycles.mp4,516,8.6086,Urban,data/interim/v2_targeted_annotation/images/urban_frame_000516.jpg,ab0cdf5d9e156c3d90afae73ce74f2e988ab0554128e7b659896c2edd1d51221,b3d5e9390f31f6f9,V2_FRAME_DUP_00530,1,DIFFICULT_HEURISTIC,car;motorcycle;person,INTERSECTION;MULTIPLE_PERSON;OCCLUSION;PERSON_CAR;PERSON_MOTORCYCLE;PERSON_PRESENT;SMALL_PERSON,HEURISTIC;MODEL_ASSISTED,False,SELECTED_FOR_ANNOTATION,COVERAGE_BALANCED_DUPLICATE_REPRESENTATIVE,NOT_ANNOTATED,18.55,345.446
urban_frame_000527,pexels_37258214_urban_traffic_cars_motorcycles,data/raw/videos/pexels_37258214_urban_traffic_cars_motorcycles.mp4,527,8.792117,Urban,data/interim/v2_targeted_annotation/images/urban_frame_000527.jpg,5054301ffb7bd7a3c9746d03009b607d071a03190940e045454661d4d9cb99ad,b3d5e9398bb99679,V2_FRAME_DUP_00531,1,DIFFICULT_HEURISTIC,car;motorcycle;person;truck,DENSE_TRAFFIC;INTERSECTION;MULTIPLE_PERSON;OCCLUSION;PERSON_CAR;PERSON_MOTORCYCLE;PERSON_PRESENT;SMALL_PERSON,HEURISTIC;MODEL_ASSISTED,False,SELECTED_FOR_ANNOTATION,COVERAGE_BALANCED_DUPLICATE_REPRESENTATIVE,NOT_ANNOTATED,21.15,332.12
urban_frame_000534,pexels_37258214_urban_traffic_cars_motorcycles,data/raw/videos/pexels_37258214_urban_traffic_cars_motorcycles.mp4,534,8.9089,Urban,data/interim/v2_targeted_annotation/images/urban_frame_000534.jpg,deca941c78bc31538530d6399a013d46df0bb8496139f39c32a6f2ae9b9aaf20,b7d5e9391b9c9e79,V2_FRAME_DUP_00532,1,DIFFICULT_HEURISTIC,car;motorcycle;person;truck,DENSE_TRAFFIC;INTERSECTION;MULTIPLE_PERSON;OCCLUSION;PERSON_CAR;PERSON_MOTORCYCLE;PERSON_PRESENT;SMALL_PERSON,HEURISTIC;MODEL_ASSISTED,False,SELECTED_FOR_ANNOTATION,COVERAGE_BALANCED_DUPLICATE_REPRESENTATIVE,NOT_ANNOTATED,27.0,331.775
urban_frame_000540,pexels_37258214_urban_traffic_cars_motorcycles,data/raw/videos/pexels_37258214_urban_traffic_cars_motorcycles.mp4,540,9.009,Urban,data/interim/v2_targeted_annotation/images/urban_frame_000540.jpg,2e20d91c194d802da306e7adc696f567f81013645c6aca13e9108431adf0160d,b7d5e9390b8c8e79,V2_FRAME_DUP_00533,1,SYSTEMATIC_TEMPORAL,car;motorcycle;person;truck,INTERSECTION;OCCLUSION;PERSON_CAR;PERSON_MOTORCYCLE;PERSON_PRESENT,HEURISTIC;MODEL_ASSISTED;SYSTEMATIC,False,SELECTED_FOR_ANNOTATION,COVERAGE_BALANCED_DUPLICATE_REPRESENTATIVE,NOT_ANNOTATED,11.55,334.701
urban_frame_000550,pexels_37258214_urban_traffic_cars_motorcycles,data/raw/videos/pexels_37258214_urban_traffic_cars_motorcycles.mp4,550,9.175833,Urban,data/interim/v2_targeted_annotation/images/urban_frame_000550.jpg,b8e1f58be159246001b6722fc71efd8814868f62ad6d77df2f8c46568bc4c1bb,b7d5e9390b469679,V2_FRAME_DUP_00534,1,DIFFICULT_HEURISTIC,bicycle;car;motorcycle;person;truck,DENSE_TRAFFIC;INTERSECTION;OCCLUSION;PERSON_BICYCLE;PERSON_CAR;PERSON_MOTORCYCLE;PERSON_PRESENT,HEURISTIC;MODEL_ASSISTED,False,SELECTED_FOR_ANNOTATION,COVERAGE_BALANCED_DUPLICATE_REPRESENTATIVE,NOT_ANNOTATED,18.0,334.82
urban_frame_000557,pexels_37258214_urban_traffic_cars_motorcycles,data/raw/videos/pexels_37258214_urban_traffic_cars_motorcycles.mp4,557,9.292617,Urban,data/interim/v2_targeted_annotation/images/urban_frame_000557.jpg,3e241a599becbbe66b99287e6fbf9dc882cf25511d1c23a70d88fdab6f78e5b5,b7d5e9394fc69679,V2_FRAME_DUP_00535,1,DIFFICULT_HEURISTIC,bicycle;car;motorcycle;person;truck,INTERSECTION;MULTIPLE_PERSON;OCCLUSION;PERSON_BICYCLE;PERSON_CAR;PERSON_MOTORCYCLE;PERSON_PRESENT;SMALL_PERSON,HEURISTIC;MODEL_ASSISTED,False,SELECTED_FOR_ANNOTATION,COVERAGE_BALANCED_DUPLICATE_REPRESENTATIVE,NOT_ANNOTATED,23.85,337.28
urban_frame_000564,pexels_37258214_urban_traffic_cars_motorcycles,data/raw/videos/pexels_37258214_urban_traffic_cars_motorcycles.mp4,564,9.4094,Urban,data/interim/v2_targeted_annotation/images/urban_frame_000564.jpg,e516f0aebe825f3f4a04e93cfeedce59faa47a872dce100827451739a98cf862,b7d5e93953569679,V2_FRAME_DUP_00536,1,DIFFICULT_HEURISTIC,car;motorcycle;person;truck,DENSE_TRAFFIC;INTERSECTION;MULTIPLE_PERSON;OCCLUSION;PERSON_CAR;PERSON_MOTORCYCLE;PERSON_PRESENT;SMALL_PERSON,HEURISTIC;MODEL_ASSISTED,False,SELECTED_FOR_ANNOTATION,COVERAGE_BALANCED_DUPLICATE_REPRESENTATIVE,NOT_ANNOTATED,24.0,328.493
urban_frame_000572,pexels_37258214_urban_traffic_cars_motorcycles,data/raw/videos/pexels_37258214_urban_traffic_cars_motorcycles.mp4,572,9.542867,Urban,data/interim/v2_targeted_annotation/images/urban_frame_000572.jpg,1a693304d309f7d2e305f641fdece62c813e61b008045188bf60b4c0bd2b2472,b5d5e93913939679,V2_FRAME_DUP_00537,1,DIFFICULT_HEURISTIC,car;motorcycle;person,INTERSECTION;MULTIPLE_PERSON;OCCLUSION;PERSON_CAR;PERSON_MOTORCYCLE;PERSON_PRESENT;SMALL_PERSON,HEURISTIC;MODEL_ASSISTED,False,SELECTED_FOR_ANNOTATION,COVERAGE_BALANCED_DUPLICATE_REPRESENTATIVE,NOT_ANNOTATED,21.7,323.814
urban_frame_000580,pexels_37258214_urban_traffic_cars_motorcycles,data/raw/videos/pexels_37258214_urban_traffic_cars_motorcycles.mp4,580,9.676333,Urban,data/interim/v2_targeted_annotation/images/urban_frame_000580.jpg,7340db76294228fa8dff1b6b0e53b395f81d63e44094e1338805d4d87ad3c35e,b5d5e93913339679,V2_FRAME_DUP_00538,1,DIFFICULT_HEURISTIC,car;motorcycle;person,INTERSECTION;OCCLUSION;PERSON_CAR;PERSON_MOTORCYCLE;PERSON_PRESENT;SMALL_PERSON,HEURISTIC;MODEL_ASSISTED,False,SELECTED_FOR_ANNOTATION,COVERAGE_BALANCED_DUPLICATE_REPRESENTATIVE,NOT_ANNOTATED,13.25,321.724
urban_frame_000590,pexels_37258214_urban_traffic_cars_motorcycles,data/raw/videos/pexels_37258214_urban_traffic_cars_motorcycles.mp4,590,9.843167,Urban,data/interim/v2_targeted_annotation/images/urban_frame_000590.jpg,e4d02c6c33f58c28c7e555c17f859e1cafeeb7415a84e30bf0eb6b6f0f83b36a,b3b5e9f9f3f3d6f9,V2_FRAME_DUP_00539,1,HARD_NEGATIVE_CONTEXT,bus;car;truck,HARD_NEGATIVE;INTERSECTION;OCCLUSION,HEURISTIC,False,SELECTED_FOR_ANNOTATION,COVERAGE_BALANCED_DUPLICATE_REPRESENTATIVE,NOT_ANNOTATED,3.05,289.088
urban_frame_000597,pexels_37258214_urban_traffic_cars_motorcycles,data/raw/videos/pexels_37258214_urban_traffic_cars_motorcycles.mp4,597,9.95995,Urban,data/interim/v2_targeted_annotation/images/urban_frame_000597.jpg,be7b1f861d98291f63293599c037204fd159ee481ca0e7ca5073d86430f2dcd2,73f5797971737679,V2_FRAME_DUP_00540,1,DIFFICULT_HEURISTIC,bus;car;motorcycle;person,INTERSECTION;OCCLUSION;PERSON_CAR;PERSON_MOTORCYCLE;PERSON_PRESENT;SMALL_PERSON,HEURISTIC;MODEL_ASSISTED,False,SELECTED_FOR_ANNOTATION,COVERAGE_BALANCED_DUPLICATE_REPRESENTATIVE,NOT_ANNOTATED,13.55,242.631
urban_frame_000607,pexels_37258214_urban_traffic_cars_motorcycles,data/raw/videos/pexels_37258214_urban_traffic_cars_motorcycles.mp4,607,10.126783,Urban,data/interim/v2_targeted_annotation/images/urban_frame_000607.jpg,503418bd378545f987eedea10bbe44f95ec14a1627461a9cf421f08751726576,df5dddd949495ed9,V2_FRAME_DUP_00541,1,DIFFICULT_HEURISTIC,bus;car;motorcycle;person;truck,INTERSECTION;MULTIPLE_PERSON;OCCLUSION;PERSON_CAR;PERSON_MOTORCYCLE;PERSON_PRESENT;SMALL_PERSON,HEURISTIC;MODEL_ASSISTED,False,SELECTED_FOR_ANNOTATION,COVERAGE_BALANCED_DUPLICATE_REPRESENTATIVE,NOT_ANNOTATED,21.85,180.923
urban_frame_000615,pexels_37258214_urban_traffic_cars_motorcycles,data/raw/videos/pexels_37258214_urban_traffic_cars_motorcycles.mp4,615,10.26025,Urban,data/interim/v2_targeted_annotation/images/urban_frame_000615.jpg,c75e837ccfd1e61f8691775ccd18c24d645530f6e269a2c3ee966abfdbd40f1d,3f37777565653615,V2_FRAME_DUP_00542,1,DIFFICULT_HEURISTIC,bus;car;person,INTERSECTION;MULTIPLE_PERSON;OCCLUSION;PERSON_CAR;PERSON_PRESENT;SMALL_PERSON,HEURISTIC;MODEL_ASSISTED,False,SELECTED_FOR_ANNOTATION,COVERAGE_BALANCED_DUPLICATE_REPRESENTATIVE,NOT_ANNOTATED,16.4,155.373
urban_frame_000622,pexels_37258214_urban_traffic_cars_motorcycles,data/raw/videos/pexels_37258214_urban_traffic_cars_motorcycles.mp4,622,10.377033,Urban,data/interim/v2_targeted_annotation/images/urban_frame_000622.jpg,9394d583fd6198ccb6584d916c4afebac873ec06a6593d5eb89557d2a7abf98f,7f6f5f7b31330a0f,V2_FRAME_DUP_00543,1,MODEL_ASSISTED_POSITIVE,bus;car,INTERSECTION,HEURISTIC;MODEL_ASSISTED,False,SELECTED_FOR_ANNOTATION,COVERAGE_BALANCED_DUPLICATE_REPRESENTATIVE,NOT_ANNOTATED,0.3,137.782
urban_frame_000628,pexels_37258214_urban_traffic_cars_motorcycles,data/raw/videos/pexels_37258214_urban_traffic_cars_motorcycles.mp4,628,10.477133,Urban,data/interim/v2_targeted_annotation/images/urban_frame_000628.jpg,7f4e2c73fb719d8c83faf74710812a6e28ecdf4477870f216ca5c902e1db4467,3b5f5f5f494346c3,V2_FRAME_DUP_00544,1,MODEL_ASSISTED_POSITIVE,bus;car,INTERSECTION,HEURISTIC;MODEL_ASSISTED,False,SELECTED_FOR_ANNOTATION,COVERAGE_BALANCED_DUPLICATE_REPRESENTATIVE,NOT_ANNOTATED,0.3,122.277
urban_frame_000634,pexels_37258214_urban_traffic_cars_motorcycles,data/raw/videos/pexels_37258214_urban_traffic_cars_motorcycles.mp4,634,10.577233,Urban,data/interim/v2_targeted_annotation/images/urban_frame_000634.jpg,959acd194c76752e1d447bc6ab44348d909b1f980f120667c2bbf82aff5b09bc,790fc7dfe56163e3,V2_FRAME_DUP_00545,1,MODEL_ASSISTED_POSITIVE,bus;car,INTERSECTION,HEURISTIC;MODEL_ASSISTED,False,SELECTED_FOR_ANNOTATION,COVERAGE_BALANCED_DUPLICATE_REPRESENTATIVE,NOT_ANNOTATED,0.3,121.442
urban_frame_000641,pexels_37258214_urban_traffic_cars_motorcycles,data/raw/videos/pexels_37258214_urban_traffic_cars_motorcycles.mp4,641,10.694017,Urban,data/interim/v2_targeted_annotation/images/urban_frame_000641.jpg,5e0c7aa74e5ae87aa5f6fc653e54ade2dbcca65d5be059e496a08254416baed6,fd4f676f60717373,V2_FRAME_DUP_00546,1,MODEL_ASSISTED_POSITIVE,bus;car,INTERSECTION,HEURISTIC;MODEL_ASSISTED,False,SELECTED_FOR_ANNOTATION,COVERAGE_BALANCED_DUPLICATE_REPRESENTATIVE,NOT_ANNOTATED,0.3,94.022
urban_frame_000647,pexels_37258214_urban_traffic_cars_motorcycles,data/raw/videos/pexels_37258214_urban_traffic_cars_motorcycles.mp4,647,10.794117,Urban,data/interim/v2_targeted_annotation/images/urban_frame_000647.jpg,7351611857a9289ef87d26158849f5ecc93c573f9efec5fc8cb08ec42e39da34,6d57775778797969,V2_FRAME_DUP_00547,1,MODEL_ASSISTED_POSITIVE,bus;car,INTERSECTION,HEURISTIC;MODEL_ASSISTED,False,SELECTED_FOR_ANNOTATION,COVERAGE_BALANCED_DUPLICATE_REPRESENTATIVE,NOT_ANNOTATED,0.3,85.415
urban_frame_000653,pexels_37258214_urban_traffic_cars_motorcycles,data/raw/videos/pexels_37258214_urban_traffic_cars_motorcycles.mp4,653,10.894217,Urban,data/interim/v2_targeted_annotation/images/urban_frame_000653.jpg,b614235725b57d51742536d6fdaa6e9f735b60ed85758826d9c855c5f0043e14,ff5f536f6c6d6d65,V2_FRAME_DUP_00548,1,MODEL_ASSISTED_POSITIVE,bus;car,INTERSECTION,HEURISTIC;MODEL_ASSISTED,False,SELECTED_FOR_ANNOTATION,COVERAGE_BALANCED_DUPLICATE_REPRESENTATIVE,NOT_ANNOTATED,0.3,69.905
urban_frame_000661,pexels_37258214_urban_traffic_cars_motorcycles,data/raw/videos/pexels_37258214_urban_traffic_cars_motorcycles.mp4,661,11.027683,Urban,data/interim/v2_targeted_annotation/images/urban_frame_000661.jpg,3b6227b01ab5bc642437fb360b63709ed6f1d0a954ba5064c78c7510a41b16ca,3fbfe57774747673,V2_FRAME_DUP_00549,1,MODEL_ASSISTED_POSITIVE,bus,INTERSECTION,HEURISTIC;MODEL_ASSISTED,False,SELECTED_FOR_ANNOTATION,COVERAGE_BALANCED_DUPLICATE_REPRESENTATIVE,NOT_ANNOTATED,0.15,68.392
urban_frame_000667,pexels_37258214_urban_traffic_cars_motorcycles,data/raw/videos/pexels_37258214_urban_traffic_cars_motorcycles.mp4,667,11.127783,Urban,data/interim/v2_targeted_annotation/images/urban_frame_000667.jpg,ec777f667ada7c34b296ee0dae987cc33a66364b1a1a42a16aa5e418f7238320,7f6f636b7e7a5a2b,V2_FRAME_DUP_00550,1,MODEL_ASSISTED_POSITIVE,bus,INTERSECTION,HEURISTIC;MODEL_ASSISTED,False,SELECTED_FOR_ANNOTATION,COVERAGE_BALANCED_DUPLICATE_REPRESENTATIVE,NOT_ANNOTATED,0.15,68.855
urban_frame_000674,pexels_37258214_urban_traffic_cars_motorcycles,data/raw/videos/pexels_37258214_urban_traffic_cars_motorcycles.mp4,674,11.244567,Urban,data/interim/v2_targeted_annotation/images/urban_frame_000674.jpg,3e6667b837946e6d2712decaef0e6d4e7bb830819a3677998e790ec77db0a926,3f175555bede6c77,V2_FRAME_DUP_00551,1,MODEL_ASSISTED_POSITIVE,bus,INTERSECTION,HEURISTIC;MODEL_ASSISTED,False,SELECTED_FOR_ANNOTATION,COVERAGE_BALANCED_DUPLICATE_REPRESENTATIVE,NOT_ANNOTATED,0.15,71.641
urban_frame_000682,pexels_37258214_urban_traffic_cars_motorcycles,data/raw/videos/pexels_37258214_urban_traffic_cars_motorcycles.mp4,682,11.378033,Urban,data/interim/v2_targeted_annotation/images/urban_frame_000682.jpg,3354d48f9c1f29802ad6c9a341fde20166047b8014bafc18c9c8879c54f439c0,5f4f4f646527676b,V2_FRAME_DUP_00552,1,MODEL_ASSISTED_POSITIVE,bus,INTERSECTION,HEURISTIC;MODEL_ASSISTED,False,SELECTED_FOR_ANNOTATION,COVERAGE_BALANCED_DUPLICATE_REPRESENTATIVE,NOT_ANNOTATED,0.15,74.629
urban_frame_000688,pexels_37258214_urban_traffic_cars_motorcycles,data/raw/videos/pexels_37258214_urban_traffic_cars_motorcycles.mp4,688,11.478133,Urban,data/interim/v2_targeted_annotation/images/urban_frame_000688.jpg,c2ffec1ec3acbe61b71a463074c28e2e19ed88c620f30793c7b80733980cf4bc,1f17475673d37a75,V2_FRAME_DUP_00553,1,MODEL_ASSISTED_POSITIVE,bus,INTERSECTION,HEURISTIC;MODEL_ASSISTED,False,SELECTED_FOR_ANNOTATION,COVERAGE_BALANCED_DUPLICATE_REPRESENTATIVE,NOT_ANNOTATED,0.15,73.805
urban_frame_000696,pexels_37258214_urban_traffic_cars_motorcycles,data/raw/videos/pexels_37258214_urban_traffic_cars_motorcycles.mp4,696,11.6116,Urban,data/interim/v2_targeted_annotation/images/urban_frame_000696.jpg,2b05ff6484e406a8be5146e63246e726e2ba725ef37c7c8bd54c0ea7e8055886,5d4f232e35352263,V2_FRAME_DUP_00554,1,MODEL_ASSISTED_POSITIVE,bus;car,INTERSECTION,HEURISTIC;MODEL_ASSISTED,False,SELECTED_FOR_ANNOTATION,COVERAGE_BALANCED_DUPLICATE_REPRESENTATIVE,NOT_ANNOTATED,0.3,94.858
urban_frame_000706,pexels_37258214_urban_traffic_cars_motorcycles,data/raw/videos/pexels_37258214_urban_traffic_cars_motorcycles.mp4,706,11.778433,Urban,data/interim/v2_targeted_annotation/images/urban_frame_000706.jpg,f14ec79fe1ace95eca22262ecb8aff2754a7b1471161471f87dbec2b82fd6311,9d9793140a8d921b,V2_FRAME_DUP_00555,1,DIFFICULT_HEURISTIC,bus;car;person,INTERSECTION;MULTIPLE_PERSON;OCCLUSION;PERSON_CAR;PERSON_PRESENT;SMALL_PERSON,HEURISTIC;MODEL_ASSISTED,False,SELECTED_FOR_ANNOTATION,COVERAGE_BALANCED_DUPLICATE_REPRESENTATIVE,NOT_ANNOTATED,13.1,131.731
urban_frame_000717,pexels_37258214_urban_traffic_cars_motorcycles,data/raw/videos/pexels_37258214_urban_traffic_cars_motorcycles.mp4,717,11.96195,Urban,data/interim/v2_targeted_annotation/images/urban_frame_000717.jpg,272a72053ad2f59a5f757d6d849793f67e833972b8d423ddc88a83627fa35ad8,b7cbe92406c68d67,V2_FRAME_DUP_00556,1,DIFFICULT_HEURISTIC,bicycle;bus;car;person,INTERSECTION;OCCLUSION;PERSON_BICYCLE;PERSON_CAR;PERSON_PRESENT;SMALL_PERSON,HEURISTIC;MODEL_ASSISTED,False,SELECTED_FOR_ANNOTATION,COVERAGE_BALANCED_DUPLICATE_REPRESENTATIVE,NOT_ANNOTATED,13.1,208.343
urban_frame_000725,pexels_37258214_urban_traffic_cars_motorcycles,data/raw/videos/pexels_37258214_urban_traffic_cars_motorcycles.mp4,725,12.095417,Urban,data/interim/v2_targeted_annotation/images/urban_frame_000725.jpg,e0ec9e628e749fc75474444c62cfc90d6516934490134f0c37acbdde02bec3ad,b3c7e52652c68773,V2_FRAME_DUP_00557,1,DIFFICULT_HEURISTIC,bicycle;bus;car;person,INTERSECTION;MULTIPLE_PERSON;OCCLUSION;PERSON_BICYCLE;PERSON_CAR;PERSON_PRESENT;SMALL_PERSON,HEURISTIC;MODEL_ASSISTED,False,SELECTED_FOR_ANNOTATION,COVERAGE_BALANCED_DUPLICATE_REPRESENTATIVE,NOT_ANNOTATED,24.7,238.645
urban_frame_000731,pexels_37258214_urban_traffic_cars_motorcycles,data/raw/videos/pexels_37258214_urban_traffic_cars_motorcycles.mp4,731,12.195517,Urban,data/interim/v2_targeted_annotation/images/urban_frame_000731.jpg,18c99d42572443a9e3119afd979442b861adbff0986bc596bc764f1ebe4d3b93,b3d3e43253928371,V2_FRAME_DUP_00558,1,DIFFICULT_HEURISTIC,bicycle;bus;car;person,INTERSECTION;MULTIPLE_PERSON;OCCLUSION;PERSON_BICYCLE;PERSON_CAR;PERSON_PRESENT;SMALL_PERSON,HEURISTIC;MODEL_ASSISTED,False,SELECTED_FOR_ANNOTATION,COVERAGE_BALANCED_DUPLICATE_REPRESENTATIVE,NOT_ANNOTATED,18.4,255.713
urban_frame_000737,pexels_37258214_urban_traffic_cars_motorcycles,data/raw/videos/pexels_37258214_urban_traffic_cars_motorcycles.mp4,737,12.295617,Urban,data/interim/v2_targeted_annotation/images/urban_frame_000737.jpg,fd9458a7cd151e8205ced8dd7fa8e6fae657b8c10839005375cb0217b250f247,b3d1e23213939171,V2_FRAME_DUP_00559,1,DIFFICULT_HEURISTIC,bicycle;bus;person,INTERSECTION;MULTIPLE_PERSON;OCCLUSION;PERSON_BICYCLE;PERSON_PRESENT;SMALL_PERSON,HEURISTIC;MODEL_ASSISTED,False,SELECTED_FOR_ANNOTATION,COVERAGE_BALANCED_DUPLICATE_REPRESENTATIVE,NOT_ANNOTATED,18.1,261.357
urban_frame_000743,pexels_37258214_urban_traffic_cars_motorcycles,data/raw/videos/pexels_37258214_urban_traffic_cars_motorcycles.mp4,743,12.395717,Urban,data/interim/v2_targeted_annotation/images/urban_frame_000743.jpg,96078486eea8eb9871ecbbf05753c8ee4ab434d6e6861b53b2f8911443e037df,b3d5ea3a1bb39179,V2_FRAME_DUP_00560,1,DIFFICULT_HEURISTIC,bus;person,INTERSECTION;MULTIPLE_PERSON;OCCLUSION;PERSON_PRESENT;SMALL_PERSON,HEURISTIC;MODEL_ASSISTED,False,SELECTED_FOR_ANNOTATION,COVERAGE_BALANCED_DUPLICATE_REPRESENTATIVE,NOT_ANNOTATED,12.95,276.078
urban_frame_000750,pexels_37258214_urban_traffic_cars_motorcycles,data/raw/videos/pexels_37258214_urban_traffic_cars_motorcycles.mp4,750,12.5125,Urban,data/interim/v2_targeted_annotation/mined/urban_frame_000750.jpg,70fa8f6eaff94d87bd504241f1e9cc1ead3df3718834d749a2c1ee790ce95b19,b3d5e93919719079,V2_FRAME_DUP_00561,2,MODEL_ASSISTED_POSITIVE,bus;person,INTERSECTION;PERSON_PRESENT,HEURISTIC;MODEL_ASSISTED,False,REJECTED_NEAR_DUPLICATE,DUPLICATE_REDUCED:V2_FRAME_DUP_00561,NOT_ANNOTATED,3.3,306.625
urban_frame_000756,pexels_37258214_urban_traffic_cars_motorcycles,data/raw/videos/pexels_37258214_urban_traffic_cars_motorcycles.mp4,756,12.6126,Urban,data/interim/v2_targeted_annotation/images/urban_frame_000756.jpg,653ef6d405cd8503b44896e15dbd28c07398a8808ad56f4421aae6bf7368d53d,b3d5e93959519079,V2_FRAME_DUP_00561,2,DIFFICULT_HEURISTIC,bus;car;motorcycle;person,INTERSECTION;MULTIPLE_PERSON;OCCLUSION;PERSON_CAR;PERSON_MOTORCYCLE;PERSON_PRESENT;SMALL_PERSON,HEURISTIC;MODEL_ASSISTED,False,SELECTED_FOR_ANNOTATION,COVERAGE_BALANCED_DUPLICATE_REPRESENTATIVE,NOT_ANNOTATED,18.4,314.706
urban_frame_000765,pexels_37258214_urban_traffic_cars_motorcycles,data/raw/videos/pexels_37258214_urban_traffic_cars_motorcycles.mp4,765,12.76275,Urban,data/interim/v2_targeted_annotation/images/urban_frame_000765.jpg,5eff457c6eae4038c4c8ec92bae1a261a0b5d1006766d606186b939a4e55effb,b3d5e939591154f9,V2_FRAME_DUP_00562,1,SYSTEMATIC_TEMPORAL,bus;car;person,INTERSECTION;OCCLUSION;PERSON_CAR;PERSON_PRESENT;SMALL_PERSON,HEURISTIC;MODEL_ASSISTED;SYSTEMATIC,False,SELECTED_FOR_ANNOTATION,COVERAGE_BALANCED_DUPLICATE_REPRESENTATIVE,NOT_ANNOTATED,9.1,323.032
urban_frame_000773,pexels_37258214_urban_traffic_cars_motorcycles,data/raw/videos/pexels_37258214_urban_traffic_cars_motorcycles.mp4,773,12.896217,Urban,data/interim/v2_targeted_annotation/images/urban_frame_000773.jpg,81675030393e18c29070a7860806c75b7258f291192eff34dab46caff4a30955,b3d5e8b8da903679,V2_FRAME_DUP_00563,1,DIFFICULT_HEURISTIC,bus;car;person;truck,INTERSECTION;OCCLUSION;PERSON_CAR;PERSON_PRESENT;SMALL_PERSON,HEURISTIC;MODEL_ASSISTED,False,SELECTED_FOR_ANNOTATION,COVERAGE_BALANCED_DUPLICATE_REPRESENTATIVE,NOT_ANNOTATED,8.55,314.613
urban_frame_000780,pexels_37258214_urban_traffic_cars_motorcycles,data/raw/videos/pexels_37258214_urban_traffic_cars_motorcycles.mp4,780,13.013,Urban,data/interim/v2_targeted_annotation/images/urban_frame_000780.jpg,b013704fb6f4daec375f9f4e76e51745280122e915bc5aec26474984b5296058,33d5e9f85a105679,V2_FRAME_DUP_00564,1,DIFFICULT_HEURISTIC,bus;car;person;truck,INTERSECTION;OCCLUSION;PERSON_CAR;PERSON_PRESENT;SMALL_PERSON,HEURISTIC;MODEL_ASSISTED,False,SELECTED_FOR_ANNOTATION,COVERAGE_BALANCED_DUPLICATE_REPRESENTATIVE,NOT_ANNOTATED,8.1,298.644
urban_frame_000786,pexels_37258214_urban_traffic_cars_motorcycles,data/raw/videos/pexels_37258214_urban_traffic_cars_motorcycles.mp4,786,13.1131,Urban,data/interim/v2_targeted_annotation/images/urban_frame_000786.jpg,de3c95e2dd848c4fc925320b57fbed296364b053d81a654ed975c0951993bab9,33f5697a3a402639,V2_FRAME_DUP_00565,1,DIFFICULT_HEURISTIC,bus;car;person;truck,INTERSECTION;OCCLUSION;PERSON_CAR;PERSON_PRESENT;SMALL_PERSON,HEURISTIC;MODEL_ASSISTED,False,SELECTED_FOR_ANNOTATION,COVERAGE_BALANCED_DUPLICATE_REPRESENTATIVE,NOT_ANNOTATED,8.4,291.689
urban_frame_000797,pexels_37258214_urban_traffic_cars_motorcycles,data/raw/videos/pexels_37258214_urban_traffic_cars_motorcycles.mp4,797,13.296617,Urban,data/interim/v2_targeted_annotation/images/urban_frame_000797.jpg,1da46dd225e06e6f1ac97de148ddce3af01d7498f55420038dd32879a88184e9,13f579fa5a401639,V2_FRAME_DUP_00566,1,MODEL_ASSISTED_POSITIVE,bus,INTERSECTION,HEURISTIC;MODEL_ASSISTED,False,SELECTED_FOR_ANNOTATION,COVERAGE_BALANCED_DUPLICATE_REPRESENTATIVE,NOT_ANNOTATED,0.3,275.524
urban_frame_000804,pexels_37258214_urban_traffic_cars_motorcycles,data/raw/videos/pexels_37258214_urban_traffic_cars_motorcycles.mp4,804,13.4134,Urban,data/interim/v2_targeted_annotation/images/urban_frame_000804.jpg,456538f08e1b4534ffefddbd40f29a1a3f489cc9f42c0e287a22a8a06cfb7e9b,53d579fa6ae02e39,V2_FRAME_DUP_00567,1,MODEL_ASSISTED_POSITIVE,bus,INTERSECTION,HEURISTIC;MODEL_ASSISTED,False,SELECTED_FOR_ANNOTATION,COVERAGE_BALANCED_DUPLICATE_REPRESENTATIVE,NOT_ANNOTATED,0.3,264.008
urban_frame_000811,pexels_37258214_urban_traffic_cars_motorcycles,data/raw/videos/pexels_37258214_urban_traffic_cars_motorcycles.mp4,811,13.530183,Urban,data/interim/v2_targeted_annotation/images/urban_frame_000811.jpg,3eb1ae221d2cfa185d9faf0359ee8d2aa5a4fc7d2345920c36c2921d2abaa2ab,b3e57dfee6700639,V2_FRAME_DUP_00568,1,MODEL_ASSISTED_POSITIVE,bus,INTERSECTION,HEURISTIC;MODEL_ASSISTED,False,SELECTED_FOR_ANNOTATION,COVERAGE_BALANCED_DUPLICATE_REPRESENTATIVE,NOT_ANNOTATED,0.3,246.725
urban_frame_000817,pexels_37258214_urban_traffic_cars_motorcycles,data/raw/videos/pexels_37258214_urban_traffic_cars_motorcycles.mp4,817,13.630283,Urban,data/interim/v2_targeted_annotation/images/urban_frame_000817.jpg,7ed2957e3ec8d1f5b81989d1106da6d709d408ce29f2b9a1e241e1473e9ac768,73f17d7e72600639,V2_FRAME_DUP_00569,1,MODEL_ASSISTED_POSITIVE,bus,INTERSECTION,HEURISTIC;MODEL_ASSISTED,False,SELECTED_FOR_ANNOTATION,COVERAGE_BALANCED_DUPLICATE_REPRESENTATIVE,NOT_ANNOTATED,0.3,232.366
urban_frame_000824,pexels_37258214_urban_traffic_cars_motorcycles,data/raw/videos/pexels_37258214_urban_traffic_cars_motorcycles.mp4,824,13.747067,Urban,data/interim/v2_targeted_annotation/images/urban_frame_000824.jpg,a40c4a6d0b1684acf9d7a841b8299b6effd618e89bbae2f9afdcdc2c3cd8d5d6,93f1bdbe7a488269,V2_FRAME_DUP_00570,1,MODEL_ASSISTED_POSITIVE,bus,INTERSECTION,HEURISTIC;MODEL_ASSISTED,False,SELECTED_FOR_ANNOTATION,COVERAGE_BALANCED_DUPLICATE_REPRESENTATIVE,NOT_ANNOTATED,0.3,209.933
urban_frame_000833,pexels_37258214_urban_traffic_cars_motorcycles,data/raw/videos/pexels_37258214_urban_traffic_cars_motorcycles.mp4,833,13.897217,Urban,data/interim/v2_targeted_annotation/images/urban_frame_000833.jpg,e1bd293e2dabb67d426bcbd06992032eb6ac3bdc8c4c3c960d3fad71d2f3140f,93fdbda77848264d,V2_FRAME_DUP_00571,1,MODEL_ASSISTED_POSITIVE,bus;truck,INTERSECTION,HEURISTIC;MODEL_ASSISTED,False,SELECTED_FOR_ANNOTATION,COVERAGE_BALANCED_DUPLICATE_REPRESENTATIVE,NOT_ANNOTATED,0.3,176.355
urban_frame_000839,pexels_37258214_urban_traffic_cars_motorcycles,data/raw/videos/pexels_37258214_urban_traffic_cars_motorcycles.mp4,839,13.997317,Urban,data/interim/v2_targeted_annotation/images/urban_frame_000839.jpg,587cafd4ab57034018b1df82c86506c68dce3db72f3b4004725af8600d164fa8,93fd3de77c40162d,V2_FRAME_DUP_00572,1,MODEL_ASSISTED_POSITIVE,bus,INTERSECTION,HEURISTIC;MODEL_ASSISTED,False,SELECTED_FOR_ANNOTATION,COVERAGE_BALANCED_DUPLICATE_REPRESENTATIVE,NOT_ANNOTATED,0.15,164.237
urban_frame_000845,pexels_37258214_urban_traffic_cars_motorcycles,data/raw/videos/pexels_37258214_urban_traffic_cars_motorcycles.mp4,845,14.097417,Urban,data/interim/v2_targeted_annotation/images/urban_frame_000845.jpg,62908377429ff90de4c3811a72d17b009efc7dccd784167606f6fb4a1aaed389,d3f5fd677c4007ed,V2_FRAME_DUP_00573,1,DIFFICULT_HEURISTIC,bus;car;person,INTERSECTION;OCCLUSION;PERSON_CAR;PERSON_PRESENT,HEURISTIC;MODEL_ASSISTED,False,SELECTED_FOR_ANNOTATION,COVERAGE_BALANCED_DUPLICATE_REPRESENTATIVE,NOT_ANNOTATED,4.95,141.36
urban_frame_000855,pexels_37258214_urban_traffic_cars_motorcycles,data/raw/videos/pexels_37258214_urban_traffic_cars_motorcycles.mp4,855,14.26425,Urban,data/interim/v2_targeted_annotation/images/urban_frame_000855.jpg,b19e435b5476207ed103ed51da663ba19d19525e1da884e9913db3ada2d95034,53393e175ee0e77c,V2_FRAME_DUP_00574,1,SYSTEMATIC_TEMPORAL,bus;car,INTERSECTION;OCCLUSION,HEURISTIC;SYSTEMATIC,False,SELECTED_FOR_ANNOTATION,COVERAGE_BALANCED_DUPLICATE_REPRESENTATIVE,NOT_ANNOTATED,2.8,135.815
urban_frame_000864,pexels_37258214_urban_traffic_cars_motorcycles,data/raw/videos/pexels_37258214_urban_traffic_cars_motorcycles.mp4,864,14.4144,Urban,data/interim/v2_targeted_annotation/images/urban_frame_000864.jpg,b810deccd41ada089d5fffefbd4cfd0b23df4c73d8556f512087a538d34e1afa,b3998f075638cda7,V2_FRAME_DUP_00575,1,DIFFICULT_HEURISTIC,bus;car;person,INTERSECTION;OCCLUSION;PERSON_CAR;PERSON_PRESENT,HEURISTIC;MODEL_ASSISTED,False,SELECTED_FOR_ANNOTATION,COVERAGE_BALANCED_DUPLICATE_REPRESENTATIVE,NOT_ANNOTATED,4.95,142.333
urban_frame_000870,pexels_37258214_urban_traffic_cars_motorcycles,data/raw/videos/pexels_37258214_urban_traffic_cars_motorcycles.mp4,870,14.5145,Urban,data/interim/v2_targeted_annotation/mined/urban_frame_000870.jpg,0a3bf5488a5ce3d0dbc89a503ba7097022fc18af631386f87a076c260ae13e0b,b3d98707565cc78b,V2_FRAME_DUP_00576,1,DIFFICULT_HEURISTIC,bus;car,INTERSECTION;OCCLUSION,HEURISTIC,False,NOT_SELECTED_BALANCE,FINAL_SCENE_METHOD_BALANCE,NOT_ANNOTATED,1.8,144.59
urban_frame_000878,pexels_37258214_urban_traffic_cars_motorcycles,data/raw/videos/pexels_37258214_urban_traffic_cars_motorcycles.mp4,878,14.647967,Urban,data/interim/v2_targeted_annotation/images/urban_frame_000878.jpg,0c3e246d7b4aaedfa174fc7d90a3f740c8434bdad9582091d48d6bdc6897bb43,b3c9c7035b8eb136,V2_FRAME_DUP_00577,1,DIFFICULT_HEURISTIC,bus;car;person;truck,INTERSECTION;OCCLUSION;PERSON_CAR;PERSON_PRESENT,HEURISTIC;MODEL_ASSISTED,False,SELECTED_FOR_ANNOTATION,COVERAGE_BALANCED_DUPLICATE_REPRESENTATIVE,NOT_ANNOTATED,5.4,163.056
urban_frame_000884,pexels_37258214_urban_traffic_cars_motorcycles,data/raw/videos/pexels_37258214_urban_traffic_cars_motorcycles.mp4,884,14.748067,Urban,data/interim/v2_targeted_annotation/mined/urban_frame_000884.jpg,34213c62ec39dc251dc810ea3288cbec50109165ca55464bdc22818f6c56aef1,b3d5e72357cfc858,V2_FRAME_DUP_00578,1,HARD_NEGATIVE_CONTEXT,bus;car;truck,HARD_NEGATIVE;INTERSECTION;OCCLUSION,HEURISTIC,False,NOT_SELECTED_BALANCE,FINAL_SCENE_METHOD_BALANCE,NOT_ANNOTATED,2.6,179.541
urban_frame_000893,pexels_37258214_urban_traffic_cars_motorcycles,data/raw/videos/pexels_37258214_urban_traffic_cars_motorcycles.mp4,893,14.898217,Urban,data/interim/v2_targeted_annotation/images/urban_frame_000893.jpg,2fff1a58b0f28b13452f0b54b304a6cc50824d38179d03c96d6e27f02fc97d70,b3d5e721dbe3e664,V2_FRAME_DUP_00579,1,DIFFICULT_HEURISTIC,bus;car;person,INTERSECTION;OCCLUSION;PERSON_CAR;PERSON_PRESENT;SMALL_PERSON,HEURISTIC;MODEL_ASSISTED,False,SELECTED_FOR_ANNOTATION,COVERAGE_BALANCED_DUPLICATE_REPRESENTATIVE,NOT_ANNOTATED,8.1,201.049
urban_frame_000900,pexels_37258214_urban_traffic_cars_motorcycles,data/raw/videos/pexels_37258214_urban_traffic_cars_motorcycles.mp4,900,15.015,Urban,data/interim/v2_targeted_annotation/images/urban_frame_000900.jpg,dfdec6f1b43f907c6ea7e3ca953ac3cb7e56d06c1617ac59efc2d45c1861a5dd,b3d5e331fb31f373,V2_FRAME_DUP_00580,1,SYSTEMATIC_TEMPORAL,bus;car;person;truck,INTERSECTION;OCCLUSION;PERSON_CAR;PERSON_PRESENT;SMALL_PERSON,HEURISTIC;MODEL_ASSISTED;SYSTEMATIC,False,SELECTED_FOR_ANNOTATION,COVERAGE_BALANCED_DUPLICATE_REPRESENTATIVE,NOT_ANNOTATED,9.25,221.878
urban_frame_000906,pexels_37258214_urban_traffic_cars_motorcycles,data/raw/videos/pexels_37258214_urban_traffic_cars_motorcycles.mp4,906,15.1151,Urban,data/interim/v2_targeted_annotation/images/urban_frame_000906.jpg,cb51b7d42c29edf4b3dc253f8d3865e7714fd83ff79543d98a69f4631dc9593c,b3d5e3303d3d7171,V2_FRAME_DUP_00581,1,DIFFICULT_HEURISTIC,bus;car;person,INTERSECTION;OCCLUSION;PERSON_CAR;PERSON_PRESENT;SMALL_PERSON,HEURISTIC;MODEL_ASSISTED,False,SELECTED_FOR_ANNOTATION,COVERAGE_BALANCED_DUPLICATE_REPRESENTATIVE,NOT_ANNOTATED,8.1,231.857
urban_frame_000913,pexels_37258214_urban_traffic_cars_motorcycles,data/raw/videos/pexels_37258214_urban_traffic_cars_motorcycles.mp4,913,15.231883,Urban,data/interim/v2_targeted_annotation/images/urban_frame_000913.jpg,c2b62651ab9bf152ef13e389d7d89ed203fe02df1ab5ce37965beff347062b4c,b3d5eb381d18b079,V2_FRAME_DUP_00582,1,DIFFICULT_HEURISTIC,bus;car;person,INTERSECTION;OCCLUSION;PERSON_CAR;PERSON_PRESENT;SMALL_PERSON,HEURISTIC;MODEL_ASSISTED,False,SELECTED_FOR_ANNOTATION,COVERAGE_BALANCED_DUPLICATE_REPRESENTATIVE,NOT_ANNOTATED,8.1,241.949
urban_frame_000923,pexels_37258214_urban_traffic_cars_motorcycles,data/raw/videos/pexels_37258214_urban_traffic_cars_motorcycles.mp4,923,15.398717,Urban,data/interim/v2_targeted_annotation/images/urban_frame_000923.jpg,693b1afbad3f8e3910af98ccf15ea89d1c2207902a6dc098fc32eb12885f06dd,b3d5e9385f9c9678,V2_FRAME_DUP_00583,1,DIFFICULT_HEURISTIC,bus;car;motorcycle;person,INTERSECTION;MULTIPLE_PERSON;OCCLUSION;PERSON_CAR;PERSON_MOTORCYCLE;PERSON_PRESENT;SMALL_PERSON,HEURISTIC;MODEL_ASSISTED,False,SELECTED_FOR_ANNOTATION,COVERAGE_BALANCED_DUPLICATE_REPRESENTATIVE,NOT_ANNOTATED,24.7,264.889
urban_frame_000929,pexels_37258214_urban_traffic_cars_motorcycles,data/raw/videos/pexels_37258214_urban_traffic_cars_motorcycles.mp4,929,15.498817,Urban,data/interim/v2_targeted_annotation/images/urban_frame_000929.jpg,386e7141706e350a16ad10312bb05252a606d2d6cd765f3f25bdb55123c9fee6,b3d5e9384ecd36f8,V2_FRAME_DUP_00584,1,DIFFICULT_HEURISTIC,bus;car;motorcycle;person;truck,INTERSECTION;MULTIPLE_PERSON;OCCLUSION;PERSON_CAR;PERSON_MOTORCYCLE;PERSON_PRESENT;SMALL_PERSON,HEURISTIC;MODEL_ASSISTED,False,SELECTED_FOR_ANNOTATION,COVERAGE_BALANCED_DUPLICATE_REPRESENTATIVE,NOT_ANNOTATED,21.7,277.22
urban_frame_000936,pexels_37258214_urban_traffic_cars_motorcycles,data/raw/videos/pexels_37258214_urban_traffic_cars_motorcycles.mp4,936,15.6156,Urban,data/interim/v2_targeted_annotation/images/urban_frame_000936.jpg,fdd20ac5607cf7f094fe25d1cdafa9b1fbeda9a5e88052e8dd49f1c39894a86a,b3d5e93c0f4db638,V2_FRAME_DUP_00585,1,DIFFICULT_HEURISTIC,bus;car;motorcycle;person,INTERSECTION;MULTIPLE_PERSON;OCCLUSION;PERSON_CAR;PERSON_MOTORCYCLE;PERSON_PRESENT,HEURISTIC;MODEL_ASSISTED,False,SELECTED_FOR_ANNOTATION,COVERAGE_BALANCED_DUPLICATE_REPRESENTATIVE,NOT_ANNOTATED,18.4,287.774
urban_frame_000942,pexels_37258214_urban_traffic_cars_motorcycles,data/raw/videos/pexels_37258214_urban_traffic_cars_motorcycles.mp4,942,15.7157,Urban,data/interim/v2_targeted_annotation/images/urban_frame_000942.jpg,ad3e4f399d906177962bdb31d51b5968b79204ae0d1e3c3857a5e8b1f02a7fb0,b3d5e93847879e59,V2_FRAME_DUP_00586,1,DIFFICULT_HEURISTIC,bus;car;motorcycle;person,INTERSECTION;MULTIPLE_PERSON;OCCLUSION;PERSON_CAR;PERSON_MOTORCYCLE;PERSON_PRESENT,HEURISTIC;MODEL_ASSISTED,False,SELECTED_FOR_ANNOTATION,COVERAGE_BALANCED_DUPLICATE_REPRESENTATIVE,NOT_ANNOTATED,18.4,299.344
urban_frame_000949,pexels_37258214_urban_traffic_cars_motorcycles,data/raw/videos/pexels_37258214_urban_traffic_cars_motorcycles.mp4,949,15.832483,Urban,data/interim/v2_targeted_annotation/images/urban_frame_000949.jpg,5b0e727aa4a555bf6fdee89d34b5257e7e3bd24856f1a14fabe3251ea3013fcb,b3d5e93853c68e4d,V2_FRAME_DUP_00587,1,DIFFICULT_HEURISTIC,bus;car;motorcycle;person,INTERSECTION;MULTIPLE_PERSON;OCCLUSION;PERSON_CAR;PERSON_MOTORCYCLE;PERSON_PRESENT,HEURISTIC;MODEL_ASSISTED,False,SELECTED_FOR_ANNOTATION,COVERAGE_BALANCED_DUPLICATE_REPRESENTATIVE,NOT_ANNOTATED,18.4,312.458
urban_frame_000959,pexels_37258214_urban_traffic_cars_motorcycles,data/raw/videos/pexels_37258214_urban_traffic_cars_motorcycles.mp4,959,15.999317,Urban,data/interim/v2_targeted_annotation/images/urban_frame_000959.jpg,18b299954843ec562d8207b9ca3c81fb20506c596aa131fd3632c8696776ae03,b3d5e93853d28675,V2_FRAME_DUP_00588,1,DIFFICULT_HEURISTIC,bus;car;motorcycle;person,INTERSECTION;MULTIPLE_PERSON;OCCLUSION;PERSON_CAR;PERSON_MOTORCYCLE;PERSON_PRESENT,HEURISTIC;MODEL_ASSISTED,False,SELECTED_FOR_ANNOTATION,COVERAGE_BALANCED_DUPLICATE_REPRESENTATIVE,NOT_ANNOTATED,18.4,324.455
urban_frame_000965,pexels_37258214_urban_traffic_cars_motorcycles,data/raw/videos/pexels_37258214_urban_traffic_cars_motorcycles.mp4,965,16.099417,Urban,data/interim/v2_targeted_annotation/images/urban_frame_000965.jpg,9add18989c4a12c2022039e93f9ee7e7e571b106f5f1f3698231019dcebae010,b3d5e9385bd09677,V2_FRAME_DUP_00589,1,DIFFICULT_HEURISTIC,bus;car;motorcycle;person,INTERSECTION;OCCLUSION;PERSON_CAR;PERSON_MOTORCYCLE;PERSON_PRESENT,HEURISTIC;MODEL_ASSISTED,False,SELECTED_FOR_ANNOTATION,COVERAGE_BALANCED_DUPLICATE_REPRESENTATIVE,NOT_ANNOTATED,10.1,328.25
urban_frame_000971,pexels_37258214_urban_traffic_cars_motorcycles,data/raw/videos/pexels_37258214_urban_traffic_cars_motorcycles.mp4,971,16.199517,Urban,data/interim/v2_targeted_annotation/images/urban_frame_000971.jpg,9a9a0b07ee3f1c91b667a734339d643115fb1a406764ea3d02250911750be8cc,b3d5e93859d09379,V2_FRAME_DUP_00590,1,DIFFICULT_HEURISTIC,bus;car;motorcycle;person,INTERSECTION;MULTIPLE_PERSON;OCCLUSION;PERSON_CAR;PERSON_MOTORCYCLE;PERSON_PRESENT,HEURISTIC;MODEL_ASSISTED,False,SELECTED_FOR_ANNOTATION,COVERAGE_BALANCED_DUPLICATE_REPRESENTATIVE,NOT_ANNOTATED,15.25,332.615
urban_frame_000978,pexels_37258214_urban_traffic_cars_motorcycles,data/raw/videos/pexels_37258214_urban_traffic_cars_motorcycles.mp4,978,16.3163,Urban,data/interim/v2_targeted_annotation/images/urban_frame_000978.jpg,2addc24501c4916fe9bd4f92b7c41d036c71d26a379ee188b4569e75c717b697,b3d5e93859d29379,V2_FRAME_DUP_00591,1,DIFFICULT_HEURISTIC,bus;motorcycle;person,INTERSECTION;MULTIPLE_PERSON;OCCLUSION;PERSON_MOTORCYCLE;PERSON_PRESENT,HEURISTIC;MODEL_ASSISTED,False,SELECTED_FOR_ANNOTATION,COVERAGE_BALANCED_DUPLICATE_REPRESENTATIVE,NOT_ANNOTATED,18.25,336.975
urban_frame_000984,pexels_37258214_urban_traffic_cars_motorcycles,data/raw/videos/pexels_37258214_urban_traffic_cars_motorcycles.mp4,984,16.4164,Urban,data/interim/v2_targeted_annotation/images/urban_frame_000984.jpg,1f4fd17fd9648c11d8b7de25fbe1c90fb76312a9c87042d0e981bf13e263059b,b3d5e93959d19179,V2_FRAME_DUP_00592,2,DIFFICULT_HEURISTIC,bus;car;motorcycle;person,INTERSECTION;OCCLUSION;PERSON_CAR;PERSON_MOTORCYCLE;PERSON_PRESENT;SMALL_PERSON,HEURISTIC;MODEL_ASSISTED,False,SELECTED_FOR_ANNOTATION,COVERAGE_BALANCED_DUPLICATE_REPRESENTATIVE,NOT_ANNOTATED,13.25,330.026
urban_frame_000990,pexels_37258214_urban_traffic_cars_motorcycles,data/raw/videos/pexels_37258214_urban_traffic_cars_motorcycles.mp4,990,16.5165,Urban,data/interim/v2_targeted_annotation/mined/urban_frame_000990.jpg,2c9f5dbaeefab866693a9e024feab13f1837363e5ac8d2bcf945bfd7e5ac0daf,b3d5e93959d19579,V2_FRAME_DUP_00592,2,SYSTEMATIC_TEMPORAL,bus;car;motorcycle;person,INTERSECTION;OCCLUSION;PERSON_CAR;PERSON_MOTORCYCLE;PERSON_PRESENT,HEURISTIC;MODEL_ASSISTED;SYSTEMATIC,False,REJECTED_NEAR_DUPLICATE,DUPLICATE_REDUCED:V2_FRAME_DUP_00592,NOT_ANNOTATED,11.25,337.096
urban_frame_000997,pexels_37258214_urban_traffic_cars_motorcycles,data/raw/videos/pexels_37258214_urban_traffic_cars_motorcycles.mp4,997,16.633283,Urban,data/interim/v2_targeted_annotation/images/urban_frame_000997.jpg,94fa6d5d2b06031aab66d9b72abde199c7abb0e7b64bd56d60c6bd5def805bd1,b3d5e93b59d19579,V2_FRAME_DUP_00593,1,DIFFICULT_HEURISTIC,bus;car;motorcycle;person,INTERSECTION;OCCLUSION;PERSON_CAR;PERSON_MOTORCYCLE;PERSON_PRESENT,HEURISTIC;MODEL_ASSISTED,False,SELECTED_FOR_ANNOTATION,COVERAGE_BALANCED_DUPLICATE_REPRESENTATIVE,NOT_ANNOTATED,10.25,340.244
urban_frame_001003,pexels_37258214_urban_traffic_cars_motorcycles,data/raw/videos/pexels_37258214_urban_traffic_cars_motorcycles.mp4,1003,16.733383,Urban,data/interim/v2_targeted_annotation/images/urban_frame_001003.jpg,66bdc1bae44ac42f419e9f1a6d19688aa5795fa51761e963843e4180265f31d0,b3d5e93b59d0d679,V2_FRAME_DUP_00594,1,DIFFICULT_HEURISTIC,car;motorcycle;person;truck,INTERSECTION;MULTIPLE_PERSON;OCCLUSION;PERSON_CAR;PERSON_MOTORCYCLE;PERSON_PRESENT,HEURISTIC;MODEL_ASSISTED,False,SELECTED_FOR_ANNOTATION,COVERAGE_BALANCED_DUPLICATE_REPRESENTATIVE,NOT_ANNOTATED,15.55,340.308
urban_frame_001009,pexels_37258214_urban_traffic_cars_motorcycles,data/raw/videos/pexels_37258214_urban_traffic_cars_motorcycles.mp4,1009,16.833483,Urban,data/interim/v2_targeted_annotation/images/urban_frame_001009.jpg,8ee86b307d80f7af2dac391a72910c555826de73b3557b3f3a017f42d19e59e1,b3d5e93b5890f679,V2_FRAME_DUP_00595,1,DIFFICULT_HEURISTIC,car;motorcycle;person,INTERSECTION;OCCLUSION;PERSON_CAR;PERSON_MOTORCYCLE;PERSON_PRESENT,HEURISTIC;MODEL_ASSISTED,False,SELECTED_FOR_ANNOTATION,COVERAGE_BALANCED_DUPLICATE_REPRESENTATIVE,NOT_ANNOTATED,10.25,336.551
urban_frame_001016,pexels_37258214_urban_traffic_cars_motorcycles,data/raw/videos/pexels_37258214_urban_traffic_cars_motorcycles.mp4,1016,16.950267,Urban,data/interim/v2_targeted_annotation/mined/urban_frame_001016.jpg,c2d2f782a90cba33ebd4d43858963b8979f34494f9c13b38d3f8f07639814f3f,b3d5e93b5a90f679,V2_FRAME_DUP_00596,2,HARD_NEGATIVE_CONTEXT,car;motorcycle;truck,HARD_NEGATIVE;INTERSECTION;OCCLUSION,HEURISTIC,False,NOT_SELECTED_BALANCE,FINAL_SCENE_METHOD_BALANCE,NOT_ANNOTATED,2.75,330.769
urban_frame_001022,pexels_37258214_urban_traffic_cars_motorcycles,data/raw/videos/pexels_37258214_urban_traffic_cars_motorcycles.mp4,1022,17.050367,Urban,data/interim/v2_targeted_annotation/mined/urban_frame_001022.jpg,fd75566992759b1d5b54692705969ce9a73d6e35a3aaf994ea209bdd38762c3b,b3d5e93b5a90b679,V2_FRAME_DUP_00596,2,HARD_NEGATIVE_CONTEXT,car,HARD_NEGATIVE;INTERSECTION;OCCLUSION,HEURISTIC,False,REJECTED_NEAR_DUPLICATE,DUPLICATE_REDUCED:V2_FRAME_DUP_00596,NOT_ANNOTATED,2.45,325.267
urban_frame_001028,pexels_37258214_urban_traffic_cars_motorcycles,data/raw/videos/pexels_37258214_urban_traffic_cars_motorcycles.mp4,1028,17.150467,Urban,data/interim/v2_targeted_annotation/images/urban_frame_001028.jpg,a1453255410c132aef14a537c58b27c9a57baf00d6a6885ccffb366aaa0b5355,b3d5e93b1ac8b679,V2_FRAME_DUP_00597,1,DIFFICULT_HEURISTIC,car;person;truck,INTERSECTION;OCCLUSION;PERSON_CAR;PERSON_PRESENT;SMALL_PERSON,HEURISTIC;MODEL_ASSISTED,False,SELECTED_FOR_ANNOTATION,COVERAGE_BALANCED_DUPLICATE_REPRESENTATIVE,NOT_ANNOTATED,8.4,322.111
urban_frame_001035,pexels_37258214_urban_traffic_cars_motorcycles,data/raw/videos/pexels_37258214_urban_traffic_cars_motorcycles.mp4,1035,17.26725,Urban,data/interim/v2_targeted_annotation/images/urban_frame_001035.jpg,9c989203a0f0a1ea114bdd6c3cfd66dacd9d5d7dda3e31d5fc694eb648d347ff,b3d5e93b5a88b679,V2_FRAME_DUP_00598,1,SYSTEMATIC_TEMPORAL,car;truck,HARD_NEGATIVE;INTERSECTION;OCCLUSION,HEURISTIC;SYSTEMATIC,False,SELECTED_FOR_ANNOTATION,COVERAGE_BALANCED_DUPLICATE_REPRESENTATIVE,NOT_ANNOTATED,3.9,326.047
urban_frame_001043,pexels_37258214_urban_traffic_cars_motorcycles,data/raw/videos/pexels_37258214_urban_traffic_cars_motorcycles.mp4,1043,17.400717,Urban,data/interim/v2_targeted_annotation/images/urban_frame_001043.jpg,6e6013d24add1a9392b3a905aa4aab83f49bc32f844253cff28f0d11166ae534,b3d5e93b4acc96f9,V2_FRAME_DUP_00599,1,MODEL_ASSISTED_POSITIVE,car,INTERSECTION,HEURISTIC;MODEL_ASSISTED,False,SELECTED_FOR_ANNOTATION,COVERAGE_BALANCED_DUPLICATE_REPRESENTATIVE,NOT_ANNOTATED,0.3,331.348
urban_frame_001049,pexels_37258214_urban_traffic_cars_motorcycles,data/raw/videos/pexels_37258214_urban_traffic_cars_motorcycles.mp4,1049,17.500817,Urban,data/interim/v2_targeted_annotation/images/urban_frame_001049.jpg,561115fd806a126b0a89eaed4d3b492d66a181bde0ff2d54f46b2f278cefa841,f3d5e97b5a44d679,V2_FRAME_DUP_00600,1,HARD_NEGATIVE_CONTEXT,bus;car;truck,HARD_NEGATIVE;INTERSECTION;OCCLUSION,HEURISTIC,False,SELECTED_FOR_ANNOTATION,COVERAGE_BALANCED_DUPLICATE_REPRESENTATIVE,NOT_ANNOTATED,3.05,314.275
urban_frame_001055,pexels_37258214_urban_traffic_cars_motorcycles,data/raw/videos/pexels_37258214_urban_traffic_cars_motorcycles.mp4,1055,17.600917,Urban,data/interim/v2_targeted_annotation/images/urban_frame_001055.jpg,5766166ada9213da4943a96d2eb4c1d66fc963239c94971a0c4d73c815b46933,f3f5691b9a66f679,V2_FRAME_DUP_00601,1,HARD_NEGATIVE_CONTEXT,bus;car;truck,HARD_NEGATIVE;INTERSECTION;OCCLUSION,HEURISTIC,False,SELECTED_FOR_ANNOTATION,COVERAGE_BALANCED_DUPLICATE_REPRESENTATIVE,NOT_ANNOTATED,3.35,276.788
urban_frame_001066,pexels_37258214_urban_traffic_cars_motorcycles,data/raw/videos/pexels_37258214_urban_traffic_cars_motorcycles.mp4,1066,17.784433,Urban,data/interim/v2_targeted_annotation/mined/urban_frame_001066.jpg,f091b78f4a0d47df1a1b6c8117a20d3d9eedd81e2c447189775102bd44ea571a,cfdd59e372765e79,V2_FRAME_DUP_00602,1,HARD_NEGATIVE_CONTEXT,car;truck,HARD_NEGATIVE;INTERSECTION;OCCLUSION,HEURISTIC,False,NOT_SELECTED_BALANCE,FINAL_SCENE_METHOD_BALANCE,NOT_ANNOTATED,2.9,246.965
urban_frame_001072,pexels_37258214_urban_traffic_cars_motorcycles,data/raw/videos/pexels_37258214_urban_traffic_cars_motorcycles.mp4,1072,17.884533,Urban,data/interim/v2_targeted_annotation/mined/urban_frame_001072.jpg,9fc32e89492ae49d76e90a535a9e4a231a837c45ed2d321c27a99173bca89823,b3ad8d13322a0e0d,V2_FRAME_DUP_00603,1,HARD_NEGATIVE_CONTEXT,car;truck,HARD_NEGATIVE;INTERSECTION;OCCLUSION,HEURISTIC,False,NOT_SELECTED_BALANCE,FINAL_SCENE_METHOD_BALANCE,NOT_ANNOTATED,2.75,246.398
urban_frame_001080,pexels_37258214_urban_traffic_cars_motorcycles,data/raw/videos/pexels_37258214_urban_traffic_cars_motorcycles.mp4,1080,18.018,Urban,data/interim/v2_targeted_annotation/images/urban_frame_001080.jpg,af17bf8f127c9123ab3da316e54e035fd9c612cf0e79217ca30a1c7c98c3d8f9,abd3e72b9cc7e6cd,V2_FRAME_DUP_00604,1,SYSTEMATIC_TEMPORAL,car;truck,HARD_NEGATIVE;INTERSECTION;OCCLUSION,HEURISTIC;SYSTEMATIC,False,SELECTED_FOR_ANNOTATION,COVERAGE_BALANCED_DUPLICATE_REPRESENTATIVE,NOT_ANNOTATED,3.45,235.903
urban_frame_001090,pexels_37258214_urban_traffic_cars_motorcycles,data/raw/videos/pexels_37258214_urban_traffic_cars_motorcycles.mp4,1090,18.184833,Urban,data/interim/v2_targeted_annotation/images/urban_frame_001090.jpg,efc78038693c670168e5490ef379642cc64eb334ae958d5d5bd25b6e5ea15130,b7d5f3354cf3326f,V2_FRAME_DUP_00605,1,MODEL_ASSISTED_POSITIVE,car;truck,INTERSECTION,HEURISTIC;MODEL_ASSISTED,False,SELECTED_FOR_ANNOTATION,COVERAGE_BALANCED_DUPLICATE_REPRESENTATIVE,NOT_ANNOTATED,0.3,218.428
urban_frame_001100,pexels_37258214_urban_traffic_cars_motorcycles,data/raw/videos/pexels_37258214_urban_traffic_cars_motorcycles.mp4,1100,18.351667,Urban,data/interim/v2_targeted_annotation/images/urban_frame_001100.jpg,1600caca8a3bea3abb330ec9e4fb6c44bcc4974cc1a0fb0c99210c5b1b48d10d,b3dbf93b16f92b57,V2_FRAME_DUP_00606,1,MODEL_ASSISTED_POSITIVE,car;truck,INTERSECTION,HEURISTIC;MODEL_ASSISTED,False,SELECTED_FOR_ANNOTATION,COVERAGE_BALANCED_DUPLICATE_REPRESENTATIVE,NOT_ANNOTATED,0.3,213.896
urban_frame_001106,pexels_37258214_urban_traffic_cars_motorcycles,data/raw/videos/pexels_37258214_urban_traffic_cars_motorcycles.mp4,1106,18.451767,Urban,data/interim/v2_targeted_annotation/images/urban_frame_001106.jpg,d17ed3fd1085efeb87a82e24915aafd5daaf8741d216d9ce96b952adc11e0ca6,b3dde93913fd556f,V2_FRAME_DUP_00607,1,MODEL_ASSISTED_POSITIVE,truck,INTERSECTION,HEURISTIC;MODEL_ASSISTED,False,SELECTED_FOR_ANNOTATION,COVERAGE_BALANCED_DUPLICATE_REPRESENTATIVE,NOT_ANNOTATED,0.15,230.932
urban_frame_001112,pexels_37258214_urban_traffic_cars_motorcycles,data/raw/videos/pexels_37258214_urban_traffic_cars_motorcycles.mp4,1112,18.551867,Urban,data/interim/v2_targeted_annotation/images/urban_frame_001112.jpg,18e3deeb376a3814b43f354e223dbb1f2b8854cca125f14d686cf61a811ea3a9,b3d5ed3d1b7c7377,V2_FRAME_DUP_00608,1,MODEL_ASSISTED_POSITIVE,truck,INTERSECTION,HEURISTIC;MODEL_ASSISTED,False,SELECTED_FOR_ANNOTATION,COVERAGE_BALANCED_DUPLICATE_REPRESENTATIVE,NOT_ANNOTATED,0.15,218.399
urban_frame_001118,pexels_37258214_urban_traffic_cars_motorcycles,data/raw/videos/pexels_37258214_urban_traffic_cars_motorcycles.mp4,1118,18.651967,Urban,data/interim/v2_targeted_annotation/images/urban_frame_001118.jpg,d7e588025de7d8e3ccf15c27dcb64eea7045c281d0a87b75341ca454b19db868,b3d4ed3c19de196f,V2_FRAME_DUP_00609,1,MODEL_ASSISTED_POSITIVE,truck,INTERSECTION,HEURISTIC;MODEL_ASSISTED,False,SELECTED_FOR_ANNOTATION,COVERAGE_BALANCED_DUPLICATE_REPRESENTATIVE,NOT_ANNOTATED,0.15,229.714
urban_frame_001126,pexels_37258214_urban_traffic_cars_motorcycles,data/raw/videos/pexels_37258214_urban_traffic_cars_motorcycles.mp4,1126,18.785433,Urban,data/interim/v2_targeted_annotation/images/urban_frame_001126.jpg,a7de63f0dab5c125530908b4262c64913584615da51fb3ef715ab863fe3d6540,b3d6ea3a1d6e4747,V2_FRAME_DUP_00610,1,MODEL_ASSISTED_POSITIVE,truck,INTERSECTION,HEURISTIC;MODEL_ASSISTED,False,SELECTED_FOR_ANNOTATION,COVERAGE_BALANCED_DUPLICATE_REPRESENTATIVE,NOT_ANNOTATED,0.15,234.044
urban_frame_001132,pexels_37258214_urban_traffic_cars_motorcycles,data/raw/videos/pexels_37258214_urban_traffic_cars_motorcycles.mp4,1132,18.885533,Urban,data/interim/v2_targeted_annotation/images/urban_frame_001132.jpg,96c8ee943bcec7c54a9efbe922e12ed6516380060191919347199420d6f99841,b3d6ea3e1c35e763,V2_FRAME_DUP_00611,1,MODEL_ASSISTED_POSITIVE,truck,INTERSECTION,HEURISTIC;MODEL_ASSISTED,False,SELECTED_FOR_ANNOTATION,COVERAGE_BALANCED_DUPLICATE_REPRESENTATIVE,NOT_ANNOTATED,0.15,235.446
urban_frame_001141,pexels_37258214_urban_traffic_cars_motorcycles,data/raw/videos/pexels_37258214_urban_traffic_cars_motorcycles.mp4,1141,19.035683,Urban,data/interim/v2_targeted_annotation/images/urban_frame_001141.jpg,62b1091558a4b8de5e419257d05d6452f96f315f5907254234529b1fdf79b059,b3d5ea381c6b736d,V2_FRAME_DUP_00612,1,MODEL_ASSISTED_POSITIVE,truck,INTERSECTION,HEURISTIC;MODEL_ASSISTED,False,SELECTED_FOR_ANNOTATION,COVERAGE_BALANCED_DUPLICATE_REPRESENTATIVE,NOT_ANNOTATED,0.15,238.417
urban_frame_001147,pexels_37258214_urban_traffic_cars_motorcycles,data/raw/videos/pexels_37258214_urban_traffic_cars_motorcycles.mp4,1147,19.135783,Urban,data/interim/v2_targeted_annotation/images/urban_frame_001147.jpg,d834ed57e353604165955b78c56b129fa3a2971464c92901178daf60fce1ba11,b3d5eb391c53596f,V2_FRAME_DUP_00613,1,MODEL_ASSISTED_POSITIVE,truck,INTERSECTION,HEURISTIC;MODEL_ASSISTED,False,SELECTED_FOR_ANNOTATION,COVERAGE_BALANCED_DUPLICATE_REPRESENTATIVE,NOT_ANNOTATED,0.15,232.341
urban_frame_001154,pexels_37258214_urban_traffic_cars_motorcycles,data/raw/videos/pexels_37258214_urban_traffic_cars_motorcycles.mp4,1154,19.252567,Urban,data/interim/v2_targeted_annotation/images/urban_frame_001154.jpg,3173e59eebd38044f75a7776778d41e8d37d3253eb4167fb3f59b01730d15091,b3d5e939196d3d7f,V2_FRAME_DUP_00614,1,DIFFICULT_HEURISTIC,person;truck,INTERSECTION;OCCLUSION;PERSON_PRESENT;SMALL_PERSON,HEURISTIC;MODEL_ASSISTED,False,SELECTED_FOR_ANNOTATION,COVERAGE_BALANCED_DUPLICATE_REPRESENTATIVE,NOT_ANNOTATED,7.95,233.959
urban_frame_001160,pexels_37258214_urban_traffic_cars_motorcycles,data/raw/videos/pexels_37258214_urban_traffic_cars_motorcycles.mp4,1160,19.352667,Urban,data/interim/v2_targeted_annotation/images/urban_frame_001160.jpg,a38a951feb0eb7d3024ab6c369e17f04262d051d4bb48f8e54f06add7a67e18f,b7d5e93909cd6e7f,V2_FRAME_DUP_00615,1,DIFFICULT_HEURISTIC,person;truck,INTERSECTION;MULTIPLE_PERSON;OCCLUSION;PERSON_PRESENT;SMALL_PERSON,HEURISTIC;MODEL_ASSISTED,False,SELECTED_FOR_ANNOTATION,COVERAGE_BALANCED_DUPLICATE_REPRESENTATIVE,NOT_ANNOTATED,13.25,244.937
urban_frame_001170,pexels_37258214_urban_traffic_cars_motorcycles,data/raw/videos/pexels_37258214_urban_traffic_cars_motorcycles.mp4,1170,19.5195,Urban,data/interim/v2_targeted_annotation/images/urban_frame_001170.jpg,124585e3e4a8adad1dbbab799e4203e38909fafa5a0d317266ec50f454751ee3,b3d5e93949626f77,V2_FRAME_DUP_00616,1,SYSTEMATIC_TEMPORAL,person;truck,INTERSECTION;MULTIPLE_PERSON;OCCLUSION;PERSON_PRESENT;SMALL_PERSON,HEURISTIC;MODEL_ASSISTED;SYSTEMATIC,False,SELECTED_FOR_ANNOTATION,COVERAGE_BALANCED_DUPLICATE_REPRESENTATIVE,NOT_ANNOTATED,14.1,241.413
urban_frame_001176,pexels_37258214_urban_traffic_cars_motorcycles,data/raw/videos/pexels_37258214_urban_traffic_cars_motorcycles.mp4,1176,19.6196,Urban,data/interim/v2_targeted_annotation/images/urban_frame_001176.jpg,8ae498103cd1a25426edd7180ac464d526dd42eed4bd2d5ca261f0eafacfc73b,b7d5e93908f0b75f,V2_FRAME_DUP_00617,1,DIFFICULT_HEURISTIC,car;person;truck,INTERSECTION;OCCLUSION;PERSON_CAR;PERSON_PRESENT;SMALL_PERSON,HEURISTIC;MODEL_ASSISTED,False,SELECTED_FOR_ANNOTATION,COVERAGE_BALANCED_DUPLICATE_REPRESENTATIVE,NOT_ANNOTATED,7.95,253.835
urban_frame_001183,pexels_37258214_urban_traffic_cars_motorcycles,data/raw/videos/pexels_37258214_urban_traffic_cars_motorcycles.mp4,1183,19.736383,Urban,data/interim/v2_targeted_annotation/images/urban_frame_001183.jpg,3eb90a3baec5323f5a608e37977271653df737796cd0a6cc6aef82c2e315e7b0,b7d5e9395ad9cb57,V2_FRAME_DUP_00618,1,DIFFICULT_HEURISTIC,car;person;truck,INTERSECTION;MULTIPLE_PERSON;OCCLUSION;PERSON_CAR;PERSON_PRESENT;SMALL_PERSON,HEURISTIC;MODEL_ASSISTED,False,SELECTED_FOR_ANNOTATION,COVERAGE_BALANCED_DUPLICATE_REPRESENTATIVE,NOT_ANNOTATED,16.4,260.488
urban_frame_001194,pexels_37258214_urban_traffic_cars_motorcycles,data/raw/videos/pexels_37258214_urban_traffic_cars_motorcycles.mp4,1194,19.9199,Urban,data/interim/v2_targeted_annotation/images/urban_frame_001194.jpg,d28d81437b2da7d29a01bc55d265b0b5cd8b31f0bb6b55d333a414d4576eb556,b7d5e9392935a773,V2_FRAME_DUP_00619,1,DIFFICULT_HEURISTIC,car;person;truck,INTERSECTION;OCCLUSION;PERSON_CAR;PERSON_PRESENT;SMALL_PERSON,HEURISTIC;MODEL_ASSISTED,False,SELECTED_FOR_ANNOTATION,COVERAGE_BALANCED_DUPLICATE_REPRESENTATIVE,NOT_ANNOTATED,8.25,285.715
urban_frame_001200,pexels_37258214_urban_traffic_cars_motorcycles,data/raw/videos/pexels_37258214_urban_traffic_cars_motorcycles.mp4,1200,20.02,Urban,data/interim/v2_targeted_annotation/images/urban_frame_001200.jpg,5990b8222603df140aee8978949e7ce55f1637861b8cc547b03cfe7d284c7262,b3d5e9393316b373,V2_FRAME_DUP_00620,1,DIFFICULT_HEURISTIC,car;person;truck,INTERSECTION;OCCLUSION;PERSON_CAR;PERSON_PRESENT;SMALL_PERSON,HEURISTIC;MODEL_ASSISTED,False,SELECTED_FOR_ANNOTATION,COVERAGE_BALANCED_DUPLICATE_REPRESENTATIVE,NOT_ANNOTATED,7.95,281.606
urban_frame_001208,pexels_37258214_urban_traffic_cars_motorcycles,data/raw/videos/pexels_37258214_urban_traffic_cars_motorcycles.mp4,1208,20.153467,Urban,data/interim/v2_targeted_annotation/images/urban_frame_001208.jpg,51c66326a45d2a7abac889b35716034b8b9b0f45f55d8983369efde7cd7f21e7,b3d5e931138a9179,V2_FRAME_DUP_00621,1,MODEL_ASSISTED_POSITIVE,car;truck,INTERSECTION,HEURISTIC;MODEL_ASSISTED,False,SELECTED_FOR_ANNOTATION,COVERAGE_BALANCED_DUPLICATE_REPRESENTATIVE,NOT_ANNOTATED,0.3,295.674
urban_frame_001215,pexels_37258214_urban_traffic_cars_motorcycles,data/raw/videos/pexels_37258214_urban_traffic_cars_motorcycles.mp4,1215,20.27025,Urban,data/interim/v2_targeted_annotation/images/urban_frame_001215.jpg,12a2f8f93f386ae3e7198e15c98c4f44792497f222727282947a7822288ba7ec,b3d5e93143899179,V2_FRAME_DUP_00622,1,SYSTEMATIC_TEMPORAL,car;truck,HARD_NEGATIVE;INTERSECTION;OCCLUSION,HEURISTIC;SYSTEMATIC,False,SELECTED_FOR_ANNOTATION,COVERAGE_BALANCED_DUPLICATE_REPRESENTATIVE,NOT_ANNOTATED,3.6,300.216
urban_frame_001222,pexels_37258214_urban_traffic_cars_motorcycles,data/raw/videos/pexels_37258214_urban_traffic_cars_motorcycles.mp4,1222,20.387033,Urban,data/interim/v2_targeted_annotation/images/urban_frame_001222.jpg,0ba204fea3c5a27545b8d2f1a48bf27c00266457e5a032f21f248517634549dc,b3d5e931618d9079,V2_FRAME_DUP_00623,1,DIFFICULT_HEURISTIC,car;person;truck,INTERSECTION;OCCLUSION;PERSON_CAR;PERSON_PRESENT;SMALL_PERSON,HEURISTIC;MODEL_ASSISTED,False,SELECTED_FOR_ANNOTATION,COVERAGE_BALANCED_DUPLICATE_REPRESENTATIVE,NOT_ANNOTATED,8.4,312.011
urban_frame_001229,pexels_37258214_urban_traffic_cars_motorcycles,data/raw/videos/pexels_37258214_urban_traffic_cars_motorcycles.mp4,1229,20.503817,Urban,data/interim/v2_targeted_annotation/images/urban_frame_001229.jpg,f1145c66c620cd9428222a964e95a01e5ca4e0ef7603f43257bb8c051fb784e4,b3d5e93163859479,V2_FRAME_DUP_00624,1,DIFFICULT_HEURISTIC,car;person;truck,INTERSECTION;MULTIPLE_PERSON;OCCLUSION;PERSON_CAR;PERSON_PRESENT;SMALL_PERSON,HEURISTIC;MODEL_ASSISTED,False,SELECTED_FOR_ANNOTATION,COVERAGE_BALANCED_DUPLICATE_REPRESENTATIVE,NOT_ANNOTATED,16.4,309.893
urban_frame_001236,pexels_37258214_urban_traffic_cars_motorcycles,data/raw/videos/pexels_37258214_urban_traffic_cars_motorcycles.mp4,1236,20.6206,Urban,data/interim/v2_targeted_annotation/images/urban_frame_001236.jpg,bf50f7d06f1c81fb2018415ec73166c97dbdf4de719c76d63b1825207b03d3d4,b3d5e931c3c49679,V2_FRAME_DUP_00625,1,DIFFICULT_HEURISTIC,car;motorcycle;person;truck,INTERSECTION;OCCLUSION;PERSON_CAR;PERSON_MOTORCYCLE;PERSON_PRESENT;SMALL_PERSON,HEURISTIC;MODEL_ASSISTED,False,SELECTED_FOR_ANNOTATION,COVERAGE_BALANCED_DUPLICATE_REPRESENTATIVE,NOT_ANNOTATED,13.7,315.098
urban_frame_001242,pexels_37258214_urban_traffic_cars_motorcycles,data/raw/videos/pexels_37258214_urban_traffic_cars_motorcycles.mp4,1242,20.7207,Urban,data/interim/v2_targeted_annotation/images/urban_frame_001242.jpg,bb1f6e927830f9d1aee76dfe971c3b5e8aa6a9f77730ec21b98380767bfcf126,b3d5e93183409679,V2_FRAME_DUP_00626,1,DIFFICULT_HEURISTIC,car;motorcycle;person;truck,INTERSECTION;MULTIPLE_PERSON;OCCLUSION;PERSON_CAR;PERSON_MOTORCYCLE;PERSON_PRESENT;SMALL_PERSON,HEURISTIC;MODEL_ASSISTED,False,SELECTED_FOR_ANNOTATION,COVERAGE_BALANCED_DUPLICATE_REPRESENTATIVE,NOT_ANNOTATED,18.85,318.565
urban_frame_001248,pexels_37258214_urban_traffic_cars_motorcycles,data/raw/videos/pexels_37258214_urban_traffic_cars_motorcycles.mp4,1248,20.8208,Urban,data/interim/v2_targeted_annotation/images/urban_frame_001248.jpg,78663e61f4d085ee1136a05ad267fb0c4c14c5f298e3b3e747f5bf850636427e,b3d5e9e1cb8296b9,V2_FRAME_DUP_00627,1,DIFFICULT_HEURISTIC,car;motorcycle;person;truck,INTERSECTION;OCCLUSION;PERSON_CAR;PERSON_MOTORCYCLE;PERSON_PRESENT;SMALL_PERSON,HEURISTIC;MODEL_ASSISTED,False,SELECTED_FOR_ANNOTATION,COVERAGE_BALANCED_DUPLICATE_REPRESENTATIVE,NOT_ANNOTATED,13.55,305.013
urban_frame_001254,pexels_37258214_urban_traffic_cars_motorcycles,data/raw/videos/pexels_37258214_urban_traffic_cars_motorcycles.mp4,1254,20.9209,Urban,data/interim/v2_targeted_annotation/images/urban_frame_001254.jpg,2da495281501ecee3a64f1615f67707fc89eca83db93598df450004e03a168a6,b3f5f9f162c2c6c1,V2_FRAME_DUP_00628,1,DIFFICULT_HEURISTIC,car;motorcycle;person;truck,DENSE_TRAFFIC;INTERSECTION;MULTIPLE_PERSON;OCCLUSION;PERSON_CAR;PERSON_MOTORCYCLE;PERSON_PRESENT;SMALL_PERSON,HEURISTIC;MODEL_ASSISTED,False,SELECTED_FOR_ANNOTATION,COVERAGE_BALANCED_DUPLICATE_REPRESENTATIVE,NOT_ANNOTATED,24.0,244.465
urban_frame_001260,pexels_37258214_urban_traffic_cars_motorcycles,data/raw/videos/pexels_37258214_urban_traffic_cars_motorcycles.mp4,1260,21.021,Urban,data/interim/v2_targeted_annotation/images/urban_frame_001260.jpg,f65ac97c15332f4f18d470e3db6d4156ef9e04a3c108c48a328f63b5ec3aa716,b7655945c3d2e2f1,V2_FRAME_DUP_00629,1,SYSTEMATIC_TEMPORAL,car;person;truck,INTERSECTION;MULTIPLE_PERSON;OCCLUSION;PERSON_CAR;PERSON_PRESENT;SMALL_PERSON,HEURISTIC;MODEL_ASSISTED;SYSTEMATIC,False,SELECTED_FOR_ANNOTATION,COVERAGE_BALANCED_DUPLICATE_REPRESENTATIVE,NOT_ANNOTATED,20.4,184.22
urban_frame_001268,pexels_37258214_urban_traffic_cars_motorcycles,data/raw/videos/pexels_37258214_urban_traffic_cars_motorcycles.mp4,1268,21.154467,Urban,data/interim/v2_targeted_annotation/images/urban_frame_001268.jpg,38a8e65042b9d16f397cd77ba610916711b7139218ed2a86eca6e392d29a3823,e7e9c9c9c9c8ccc8,V2_FRAME_DUP_00630,1,MODEL_ASSISTED_POSITIVE,truck,INTERSECTION,HEURISTIC;MODEL_ASSISTED,False,SELECTED_FOR_ANNOTATION,COVERAGE_BALANCED_DUPLICATE_REPRESENTATIVE,NOT_ANNOTATED,0.3,81.028
urban_frame_001274,pexels_37258214_urban_traffic_cars_motorcycles,data/raw/videos/pexels_37258214_urban_traffic_cars_motorcycles.mp4,1274,21.254567,Urban,data/interim/v2_targeted_annotation/images/urban_frame_001274.jpg,c98a5e309be12608c1703569a790415c78c7b768c83eca25449f25c9a7d22e45,e1e1c0c0c0c0c2c3,V2_FRAME_DUP_00631,1,MODEL_ASSISTED_POSITIVE,truck,INTERSECTION,HEURISTIC;MODEL_ASSISTED,False,SELECTED_FOR_ANNOTATION,COVERAGE_BALANCED_DUPLICATE_REPRESENTATIVE,NOT_ANNOTATED,0.15,29.95
urban_frame_001280,pexels_37258214_urban_traffic_cars_motorcycles,data/raw/videos/pexels_37258214_urban_traffic_cars_motorcycles.mp4,1280,21.354667,Urban,data/interim/v2_targeted_annotation/mined/urban_frame_001280.jpg,c9ad564a7a2dde88b33ce515037ebf5dcb617aead76ba5bbca84fe2b3cca0c3b,e4e0c0c0c0c0c0c0,V2_FRAME_DUP_00632,1,MODEL_ASSISTED_POSITIVE,,INTERSECTION,HEURISTIC;MODEL_ASSISTED,False,REJECTED_LOW_SHARPNESS,LAPLACIAN_VARIANCE_LT_15,NOT_ANNOTATED,0.0,10.458
urban_frame_001286,pexels_37258214_urban_traffic_cars_motorcycles,data/raw/videos/pexels_37258214_urban_traffic_cars_motorcycles.mp4,1286,21.454767,Urban,data/interim/v2_targeted_annotation/mined/urban_frame_001286.jpg,2177c5d63680dbbba0e6a8ee9bbfab2ff20f7f138cdf7d174eaf98aff49ff037,e4e4e4c2c0c0f0f0,V2_FRAME_DUP_00633,1,MODEL_ASSISTED_POSITIVE,,INTERSECTION,HEURISTIC;MODEL_ASSISTED,False,REJECTED_LOW_SHARPNESS,LAPLACIAN_VARIANCE_LT_15,NOT_ANNOTATED,0.0,3.793
urban_frame_001296,pexels_37258214_urban_traffic_cars_motorcycles,data/raw/videos/pexels_37258214_urban_traffic_cars_motorcycles.mp4,1296,21.6216,Urban,data/interim/v2_targeted_annotation/images/urban_frame_001296.jpg,a903a097be2677c497e74c9ee54adfabcfb14f3afc3a5c4172e391df4f7f1ca0,bc9c9a9a78da9a18,V2_FRAME_DUP_00634,1,DIFFICULT_HEURISTIC,motorcycle;person;truck,INTERSECTION;MULTIPLE_PERSON;OCCLUSION;PERSON_MOTORCYCLE;PERSON_PRESENT;SMALL_PERSON,HEURISTIC;MODEL_ASSISTED,False,SELECTED_FOR_ANNOTATION,COVERAGE_BALANCED_DUPLICATE_REPRESENTATIVE,NOT_ANNOTATED,18.25,93.666
urban_frame_001383,pexels_37258214_urban_traffic_cars_motorcycles,data/raw/videos/pexels_37258214_urban_traffic_cars_motorcycles.mp4,1383,23.07305,Urban,data/interim/v2_targeted_annotation/images/urban_frame_001383.jpg,dc3f16c2aeaa19ab269fe65c9f272d59082b8f495d4a6f2f9387720f7ee525c9,b7d5e9395390f6f9,V2_FRAME_DUP_00635,1,DIFFICULT_HEURISTIC,car;person;truck,DENSE_TRAFFIC;INTERSECTION;MULTIPLE_PERSON;OCCLUSION;PERSON_CAR;PERSON_PRESENT;SMALL_PERSON,HEURISTIC;MODEL_ASSISTED,False,SELECTED_FOR_ANNOTATION,COVERAGE_BALANCED_DUPLICATE_REPRESENTATIVE,NOT_ANNOTATED,25.15,334.136
urban_frame_001389,pexels_37258214_urban_traffic_cars_motorcycles,data/raw/videos/pexels_37258214_urban_traffic_cars_motorcycles.mp4,1389,23.17315,Urban,data/interim/v2_targeted_annotation/images/urban_frame_001389.jpg,9a077caf9336319f74abdf38eab2ed28d3848c1a9d74ad577813b706a7b60c64,b7d5e9391bd076f9,V2_FRAME_DUP_00636,1,DIFFICULT_HEURISTIC,car;motorcycle;person,DENSE_TRAFFIC;INTERSECTION;MULTIPLE_PERSON;OCCLUSION;PERSON_CAR;PERSON_MOTORCYCLE;PERSON_PRESENT;SMALL_PERSON,HEURISTIC;MODEL_ASSISTED,False,SELECTED_FOR_ANNOTATION,COVERAGE_BALANCED_DUPLICATE_REPRESENTATIVE,NOT_ANNOTATED,24.15,321.641
urban_frame_001395,pexels_37258214_urban_traffic_cars_motorcycles,data/raw/videos/pexels_37258214_urban_traffic_cars_motorcycles.mp4,1395,23.27325,Urban,data/interim/v2_targeted_annotation/images/urban_frame_001395.jpg,c8ac7ca39eb386f20a692e5253f6d9a5957558fd092db92ee74dfaca279cce17,b7d5e9391be876f9,V2_FRAME_DUP_00637,1,SYSTEMATIC_TEMPORAL,car;motorcycle,HARD_NEGATIVE;INTERSECTION;OCCLUSION,HEURISTIC;SYSTEMATIC,False,SELECTED_FOR_ANNOTATION,COVERAGE_BALANCED_DUPLICATE_REPRESENTATIVE,NOT_ANNOTATED,3.9,307.562
urban_frame_001402,pexels_37258214_urban_traffic_cars_motorcycles,data/raw/videos/pexels_37258214_urban_traffic_cars_motorcycles.mp4,1402,23.390033,Urban,data/interim/v2_targeted_annotation/images/urban_frame_001402.jpg,3adc5759cd4465b53da3e99364eb01314a0b3e433af7e73ea28a789ef2a960fc,b7d5e9391b38beb9,V2_FRAME_DUP_00638,1,HARD_NEGATIVE_CONTEXT,car,HARD_NEGATIVE;INTERSECTION;OCCLUSION,HEURISTIC,False,SELECTED_FOR_ANNOTATION,COVERAGE_BALANCED_DUPLICATE_REPRESENTATIVE,NOT_ANNOTATED,3.2,297.852
urban_frame_001411,pexels_37258214_urban_traffic_cars_motorcycles,data/raw/videos/pexels_37258214_urban_traffic_cars_motorcycles.mp4,1411,23.540183,Urban,data/interim/v2_targeted_annotation/images/urban_frame_001411.jpg,d89fbce5280112b0d67c863ee604eee646fccb5bab488bafea2432b47a91d66a,b7d5e9391b1c0e39,V2_FRAME_DUP_00639,1,DIFFICULT_HEURISTIC,car;motorcycle;person,INTERSECTION;OCCLUSION;PERSON_CAR;PERSON_MOTORCYCLE;PERSON_PRESENT;SMALL_PERSON,HEURISTIC;MODEL_ASSISTED,False,SELECTED_FOR_ANNOTATION,COVERAGE_BALANCED_DUPLICATE_REPRESENTATIVE,NOT_ANNOTATED,13.7,310.482
urban_frame_001417,pexels_37258214_urban_traffic_cars_motorcycles,data/raw/videos/pexels_37258214_urban_traffic_cars_motorcycles.mp4,1417,23.640283,Urban,data/interim/v2_targeted_annotation/images/urban_frame_001417.jpg,56c5875abb316a020cce1fcf413877d32259237134f550742e2e9b93e959584f,b7d5e9394b8e8e79,V2_FRAME_DUP_00640,1,DIFFICULT_HEURISTIC,car;motorcycle;person,DENSE_TRAFFIC;INTERSECTION;MULTIPLE_PERSON;OCCLUSION;PERSON_CAR;PERSON_MOTORCYCLE;PERSON_PRESENT;SMALL_PERSON,HEURISTIC;MODEL_ASSISTED,False,SELECTED_FOR_ANNOTATION,COVERAGE_BALANCED_DUPLICATE_REPRESENTATIVE,NOT_ANNOTATED,21.15,323.702
urban_frame_001426,pexels_37258214_urban_traffic_cars_motorcycles,data/raw/videos/pexels_37258214_urban_traffic_cars_motorcycles.mp4,1426,23.790433,Urban,data/interim/v2_targeted_annotation/images/urban_frame_001426.jpg,7098f4f96a15b846a850aff071db430a8c762d8a1ad68d4d8f8265b6faef3396,b7d5e9394fc68e79,V2_FRAME_DUP_00641,1,DIFFICULT_HEURISTIC,car;motorcycle;person,DENSE_TRAFFIC;INTERSECTION;MULTIPLE_PERSON;OCCLUSION;PERSON_CAR;PERSON_MOTORCYCLE;PERSON_PRESENT;SMALL_PERSON,HEURISTIC;MODEL_ASSISTED,False,SELECTED_FOR_ANNOTATION,COVERAGE_BALANCED_DUPLICATE_REPRESENTATIVE,NOT_ANNOTATED,24.0,333.024
urban_frame_001436,pexels_37258214_urban_traffic_cars_motorcycles,data/raw/videos/pexels_37258214_urban_traffic_cars_motorcycles.mp4,1436,23.957267,Urban,data/interim/v2_targeted_annotation/images/urban_frame_001436.jpg,bda90f8439ccca192ce697af27fdec18135ab17835e3e0bd6f1aaaef9ea13419,b7d5e93993878679,V2_FRAME_DUP_00642,1,DIFFICULT_HEURISTIC,car;motorcycle;person,INTERSECTION;MULTIPLE_PERSON;OCCLUSION;PERSON_CAR;PERSON_MOTORCYCLE;PERSON_PRESENT;SMALL_PERSON,HEURISTIC;MODEL_ASSISTED,False,SELECTED_FOR_ANNOTATION,COVERAGE_BALANCED_DUPLICATE_REPRESENTATIVE,NOT_ANNOTATED,18.55,332.769
urban_frame_001443,pexels_37258214_urban_traffic_cars_motorcycles,data/raw/videos/pexels_37258214_urban_traffic_cars_motorcycles.mp4,1443,24.07405,Urban,data/interim/v2_targeted_annotation/mined/urban_frame_001443.jpg,c399af888885103c445ab27a010e9b19f0c6229f4084ddbcc7fc970e47bfacf1,b7d5e93913579679,V2_FRAME_DUP_00643,1,HARD_NEGATIVE_CONTEXT,car,HARD_NEGATIVE;INTERSECTION;OCCLUSION,HEURISTIC,False,NOT_SELECTED_BALANCE,FINAL_SCENE_METHOD_BALANCE,NOT_ANNOTATED,2.6,337.89
urban_frame_001450,pexels_37258214_urban_traffic_cars_motorcycles,data/raw/videos/pexels_37258214_urban_traffic_cars_motorcycles.mp4,1450,24.190833,Urban,data/interim/v2_targeted_annotation/images/urban_frame_001450.jpg,bea017344d40fd5df1e30d60752e81aefa77ff83b9f6f57ae81fcaf47a322c2b,b3d5e9390b439279,V2_FRAME_DUP_00644,1,DIFFICULT_HEURISTIC,car;motorcycle;person,INTERSECTION;MULTIPLE_PERSON;OCCLUSION;PERSON_CAR;PERSON_MOTORCYCLE;PERSON_PRESENT;SMALL_PERSON,HEURISTIC;MODEL_ASSISTED,False,SELECTED_FOR_ANNOTATION,COVERAGE_BALANCED_DUPLICATE_REPRESENTATIVE,NOT_ANNOTATED,18.4,335.826
urban_frame_001457,pexels_37258214_urban_traffic_cars_motorcycles,data/raw/videos/pexels_37258214_urban_traffic_cars_motorcycles.mp4,1457,24.307617,Urban,data/interim/v2_targeted_annotation/images/urban_frame_001457.jpg,9197cd5df6aab741c038d73cc302dedfdb72e118f24ef5247d83431f234bbbf2,b7d5e9390bc39279,V2_FRAME_DUP_00645,1,DIFFICULT_HEURISTIC,car;motorcycle;person,INTERSECTION;MULTIPLE_PERSON;OCCLUSION;PERSON_CAR;PERSON_MOTORCYCLE;PERSON_PRESENT;SMALL_PERSON,HEURISTIC;MODEL_ASSISTED,False,SELECTED_FOR_ANNOTATION,COVERAGE_BALANCED_DUPLICATE_REPRESENTATIVE,NOT_ANNOTATED,18.4,338.26
urban_frame_001463,pexels_37258214_urban_traffic_cars_motorcycles,data/raw/videos/pexels_37258214_urban_traffic_cars_motorcycles.mp4,1463,24.407717,Urban,data/interim/v2_targeted_annotation/images/urban_frame_001463.jpg,89e2a4808eec67db46c2d8b6f3142b8098fe851d94dea843c7a7ab32c100f0b0,b7d5e93909c99679,V2_FRAME_DUP_00646,1,DIFFICULT_HEURISTIC,car;motorcycle;person,DENSE_TRAFFIC;INTERSECTION;MULTIPLE_PERSON;OCCLUSION;PERSON_CAR;PERSON_MOTORCYCLE;PERSON_PRESENT;SMALL_PERSON,HEURISTIC;MODEL_ASSISTED,False,SELECTED_FOR_ANNOTATION,COVERAGE_BALANCED_DUPLICATE_REPRESENTATIVE,NOT_ANNOTATED,24.0,341.837
urban_frame_001470,pexels_37258214_urban_traffic_cars_motorcycles,data/raw/videos/pexels_37258214_urban_traffic_cars_motorcycles.mp4,1470,24.5245,Urban,data/interim/v2_targeted_annotation/mined/urban_frame_001470.jpg,80ff1c8db3c6cf8dfc7b4b40b431fcf4358ca65ff2625849a04b5c8c098ffb47,b7d5e93919c99679,V2_FRAME_DUP_00647,1,HARD_NEGATIVE_CONTEXT,car;motorcycle,HARD_NEGATIVE;INTERSECTION;OCCLUSION,HEURISTIC,False,NOT_SELECTED_BALANCE,FINAL_SCENE_METHOD_BALANCE,NOT_ANNOTATED,2.75,329.622
urban_frame_001477,pexels_37258214_urban_traffic_cars_motorcycles,data/raw/videos/pexels_37258214_urban_traffic_cars_motorcycles.mp4,1477,24.641283,Urban,data/interim/v2_targeted_annotation/mined/urban_frame_001477.jpg,ed9845d162985856dcae33cc0fa397af62401bb20f923635341d8b19f3882f3a,b7d5e93919999679,V2_FRAME_DUP_00648,1,HARD_NEGATIVE_CONTEXT,car;motorcycle,HARD_NEGATIVE;INTERSECTION;OCCLUSION,HEURISTIC,False,NOT_SELECTED_BALANCE,FINAL_SCENE_METHOD_BALANCE,NOT_ANNOTATED,2.75,329.626
urban_frame_001485,pexels_37258214_urban_traffic_cars_motorcycles,data/raw/videos/pexels_37258214_urban_traffic_cars_motorcycles.mp4,1485,24.77475,Urban,data/interim/v2_targeted_annotation/images/urban_frame_001485.jpg,93695d66a761c7ea908ebcd55931b8a63599f137e712713136867e7545bb97af,b7d5e93919999679,V2_FRAME_DUP_00649,1,SYSTEMATIC_TEMPORAL,car,HARD_NEGATIVE;INTERSECTION,HEURISTIC;SYSTEMATIC,False,SELECTED_FOR_ANNOTATION,COVERAGE_BALANCED_DUPLICATE_REPRESENTATIVE,NOT_ANNOTATED,1.95,327.752
urban_frame_001491,pexels_37258214_urban_traffic_cars_motorcycles,data/raw/videos/pexels_37258214_urban_traffic_cars_motorcycles.mp4,1491,24.87485,Urban,data/interim/v2_targeted_annotation/mined/urban_frame_001491.jpg,dad6b89c1df24514583befa89a439d120a1c751e3e232f8523514121bb7c399c,b7d5e93959509679,V2_FRAME_DUP_00650,1,HARD_NEGATIVE_CONTEXT,car;motorcycle;truck,HARD_NEGATIVE;INTERSECTION;OCCLUSION,HEURISTIC,False,NOT_SELECTED_BALANCE,FINAL_SCENE_METHOD_BALANCE,NOT_ANNOTATED,2.75,329.278
urban_frame_001501,pexels_37258214_urban_traffic_cars_motorcycles,data/raw/videos/pexels_37258214_urban_traffic_cars_motorcycles.mp4,1501,25.041683,Urban,data/interim/v2_targeted_annotation/images/urban_frame_001501.jpg,c6e9d612acccf81a6350e97da08152619ab56f937a15d7e54541b9c78f0ee5b1,b7d5e93918909679,V2_FRAME_DUP_00651,1,HARD_NEGATIVE_CONTEXT,car;motorcycle;truck,HARD_NEGATIVE;INTERSECTION;OCCLUSION,HEURISTIC,False,SELECTED_FOR_ANNOTATION,COVERAGE_BALANCED_DUPLICATE_REPRESENTATIVE,NOT_ANNOTATED,3.05,331.354
urban_frame_001509,pexels_37258214_urban_traffic_cars_motorcycles,data/raw/videos/pexels_37258214_urban_traffic_cars_motorcycles.mp4,1509,25.17515,Urban,data/interim/v2_targeted_annotation/mined/urban_frame_001509.jpg,eab690385b1b463b1ba6e978bdae7e8d5a16da8ff2755b7b18c18b8f1ab7d4e6,b7d5e9391af0d679,V2_FRAME_DUP_00652,1,HARD_NEGATIVE_CONTEXT,car;truck,HARD_NEGATIVE;INTERSECTION;OCCLUSION,HEURISTIC,False,NOT_SELECTED_BALANCE,FINAL_SCENE_METHOD_BALANCE,NOT_ANNOTATED,2.9,323.992
urban_frame_001519,pexels_37258214_urban_traffic_cars_motorcycles,data/raw/videos/pexels_37258214_urban_traffic_cars_motorcycles.mp4,1519,25.341983,Urban,data/interim/v2_targeted_annotation/mined/urban_frame_001519.jpg,bb2f31f8203b6b636b116804b8d50bb6f273dc4e989f1118a912d93009cf2dd0,b7d5e9395ab0f679,V2_FRAME_DUP_00653,1,HARD_NEGATIVE_CONTEXT,car,HARD_NEGATIVE;INTERSECTION;OCCLUSION,HEURISTIC,False,NOT_SELECTED_BALANCE,FINAL_SCENE_METHOD_BALANCE,NOT_ANNOTATED,2.9,319.445
urban_frame_001525,pexels_37258214_urban_traffic_cars_motorcycles,data/raw/videos/pexels_37258214_urban_traffic_cars_motorcycles.mp4,1525,25.442083,Urban,data/interim/v2_targeted_annotation/images/urban_frame_001525.jpg,5c14faf59dca8cc464b50a18c077adc264b9fc9ff6166bd7aa6d74fadcc679ac,b7d5e9391a187679,V2_FRAME_DUP_00654,1,HARD_NEGATIVE_CONTEXT,car,HARD_NEGATIVE;INTERSECTION;OCCLUSION,HEURISTIC,False,SELECTED_FOR_ANNOTATION,COVERAGE_BALANCED_DUPLICATE_REPRESENTATIVE,NOT_ANNOTATED,3.2,313.387
urban_frame_001533,pexels_37258214_urban_traffic_cars_motorcycles,data/raw/videos/pexels_37258214_urban_traffic_cars_motorcycles.mp4,1533,25.57555,Urban,data/interim/v2_targeted_annotation/images/urban_frame_001533.jpg,d3642ceb1c9883f970983776f7e5fddb06c460b785c7bb4301e9a8bb9baa0413,b7d5e9391a989679,V2_FRAME_DUP_00655,1,HARD_NEGATIVE_CONTEXT,car;truck,HARD_NEGATIVE;INTERSECTION;OCCLUSION,HEURISTIC,False,SELECTED_FOR_ANNOTATION,COVERAGE_BALANCED_DUPLICATE_REPRESENTATIVE,NOT_ANNOTATED,3.2,314.883
urban_frame_001539,pexels_37258214_urban_traffic_cars_motorcycles,data/raw/videos/pexels_37258214_urban_traffic_cars_motorcycles.mp4,1539,25.67565,Urban,data/interim/v2_targeted_annotation/mined/urban_frame_001539.jpg,16b765b91a103fb1a6575784a1233cd9f1a5db904d60c664515014488bf06b42,b3d7e9394acc9679,V2_FRAME_DUP_00656,1,HARD_NEGATIVE_CONTEXT,car,HARD_NEGATIVE;INTERSECTION,HEURISTIC,False,NOT_SELECTED_BALANCE,FINAL_SCENE_METHOD_BALANCE,NOT_ANNOTATED,1.55,321.469
urban_frame_001545,pexels_37258214_urban_traffic_cars_motorcycles,data/raw/videos/pexels_37258214_urban_traffic_cars_motorcycles.mp4,1545,25.77575,Urban,data/interim/v2_targeted_annotation/images/urban_frame_001545.jpg,3272e0ebadf2170303114c779ac5cfd9c00df8d848f7194cc15e3af49452b65d,b7d5e939cfcc9679,V2_FRAME_DUP_00657,1,HARD_NEGATIVE_CONTEXT,car;truck,DENSE_TRAFFIC;HARD_NEGATIVE;INTERSECTION;OCCLUSION,HEURISTIC,False,SELECTED_FOR_ANNOTATION,COVERAGE_BALANCED_DUPLICATE_REPRESENTATIVE,NOT_ANNOTATED,5.65,328.87
urban_frame_001551,pexels_37258214_urban_traffic_cars_motorcycles,data/raw/videos/pexels_37258214_urban_traffic_cars_motorcycles.mp4,1551,25.87585,Urban,data/interim/v2_targeted_annotation/images/urban_frame_001551.jpg,d56cea37dacf92ae754eb61e5136a92407610c0c788a6d15a26424614fb64ad6,b7d5e9394fc69679,V2_FRAME_DUP_00658,1,HARD_NEGATIVE_CONTEXT,car,HARD_NEGATIVE;INTERSECTION;OCCLUSION,HEURISTIC,False,SELECTED_FOR_ANNOTATION,COVERAGE_BALANCED_DUPLICATE_REPRESENTATIVE,NOT_ANNOTATED,3.05,327.843
urban_frame_001558,pexels_37258214_urban_traffic_cars_motorcycles,data/raw/videos/pexels_37258214_urban_traffic_cars_motorcycles.mp4,1558,25.992633,Urban,data/interim/v2_targeted_annotation/images/urban_frame_001558.jpg,bcf451d0afc837d4c81790b6fd1283a78e0e5f708a76018585efc931107fcfb9,b7d5e93953c69679,V2_FRAME_DUP_00659,1,MODEL_ASSISTED_POSITIVE,car,INTERSECTION,HEURISTIC;MODEL_ASSISTED,False,SELECTED_FOR_ANNOTATION,COVERAGE_BALANCED_DUPLICATE_REPRESENTATIVE,NOT_ANNOTATED,0.3,330.508
urban_frame_001568,pexels_37258214_urban_traffic_cars_motorcycles,data/raw/videos/pexels_37258214_urban_traffic_cars_motorcycles.mp4,1568,26.159467,Urban,data/interim/v2_targeted_annotation/images/urban_frame_001568.jpg,1d8178a2f9f73580df129c15ee6c1063a073e5009dbb7855298aa37b4f7c401f,b7d7e93953d39679,V2_FRAME_DUP_00660,2,MODEL_ASSISTED_POSITIVE,car,INTERSECTION,HEURISTIC;MODEL_ASSISTED,False,SELECTED_FOR_ANNOTATION,COVERAGE_BALANCED_DUPLICATE_REPRESENTATIVE,NOT_ANNOTATED,0.3,332.786
urban_frame_001574,pexels_37258214_urban_traffic_cars_motorcycles,data/raw/videos/pexels_37258214_urban_traffic_cars_motorcycles.mp4,1574,26.259567,Urban,data/interim/v2_targeted_annotation/mined/urban_frame_001574.jpg,129da87673b0d04a563514c5590f0fd52c2c2f288f04744d2457a1c4817325ab,b3d7e9395bd39679,V2_FRAME_DUP_00660,2,MODEL_ASSISTED_POSITIVE,car,INTERSECTION,HEURISTIC;MODEL_ASSISTED,False,REJECTED_NEAR_DUPLICATE,DUPLICATE_REDUCED:V2_FRAME_DUP_00660,NOT_ANNOTATED,0.3,334.505
urban_frame_001582,pexels_37258214_urban_traffic_cars_motorcycles,data/raw/videos/pexels_37258214_urban_traffic_cars_motorcycles.mp4,1582,26.393033,Urban,data/interim/v2_targeted_annotation/mined/urban_frame_001582.jpg,4f51056a42815de40d668df05d147a3bbe28d135e0f65ffab61d53d2327a5154,b3d7e93959d196f9,V2_FRAME_DUP_00661,1,HARD_NEGATIVE_CONTEXT,car,HARD_NEGATIVE;INTERSECTION;OCCLUSION,HEURISTIC,False,NOT_SELECTED_BALANCE,FINAL_SCENE_METHOD_BALANCE,NOT_ANNOTATED,2.6,332.604
urban_frame_001588,pexels_37258214_urban_traffic_cars_motorcycles,data/raw/videos/pexels_37258214_urban_traffic_cars_motorcycles.mp4,1588,26.493133,Urban,data/interim/v2_targeted_annotation/images/urban_frame_001588.jpg,45427fa945455083fff0e823cc540d6886fab0b96d7a810e93cd20842cd9fd4d,b7d7e93959511679,V2_FRAME_DUP_00662,1,MODEL_ASSISTED_POSITIVE,car,INTERSECTION,HEURISTIC;MODEL_ASSISTED,False,SELECTED_FOR_ANNOTATION,COVERAGE_BALANCED_DUPLICATE_REPRESENTATIVE,NOT_ANNOTATED,0.3,336.064
urban_frame_001598,pexels_37258214_urban_traffic_cars_motorcycles,data/raw/videos/pexels_37258214_urban_traffic_cars_motorcycles.mp4,1598,26.659967,Urban,data/interim/v2_targeted_annotation/images/urban_frame_001598.jpg,41df8d064ea4b0144f5701e7750b732c19af331c1eabd100bf1c081ad55ace11,b7d7e939d9511679,V2_FRAME_DUP_00663,1,HARD_NEGATIVE_CONTEXT,car,HARD_NEGATIVE;INTERSECTION;OCCLUSION,HEURISTIC,False,SELECTED_FOR_ANNOTATION,COVERAGE_BALANCED_DUPLICATE_REPRESENTATIVE,NOT_ANNOTATED,3.05,334.241
urban_frame_001608,pexels_37258214_urban_traffic_cars_motorcycles,data/raw/videos/pexels_37258214_urban_traffic_cars_motorcycles.mp4,1608,26.8268,Urban,data/interim/v2_targeted_annotation/images/urban_frame_001608.jpg,a81a712830876e9dab0063145b2edb833beb0cfd33c4071e724164fcc6ce9451,b7d5e93959305eb9,V2_FRAME_DUP_00664,1,DIFFICULT_HEURISTIC,car;person,INTERSECTION;OCCLUSION;PERSON_CAR;PERSON_PRESENT;SMALL_PERSON,HEURISTIC;MODEL_ASSISTED,False,SELECTED_FOR_ANNOTATION,COVERAGE_BALANCED_DUPLICATE_REPRESENTATIVE,NOT_ANNOTATED,8.55,325.529
urban_frame_001614,pexels_37258214_urban_traffic_cars_motorcycles,data/raw/videos/pexels_37258214_urban_traffic_cars_motorcycles.mp4,1614,26.9269,Urban,data/interim/v2_targeted_annotation/images/urban_frame_001614.jpg,d42f0cda3cd9f022a44d24fd689f693b786651d0e9d553b57eaecb2e1fcfcdf9,b7d5e9391ac08e71,V2_FRAME_DUP_00665,2,DIFFICULT_HEURISTIC,car;person,INTERSECTION;OCCLUSION;PERSON_CAR;PERSON_PRESENT;SMALL_PERSON,HEURISTIC;MODEL_ASSISTED,False,SELECTED_FOR_ANNOTATION,COVERAGE_BALANCED_DUPLICATE_REPRESENTATIVE,NOT_ANNOTATED,8.4,303.944
urban_frame_001620,pexels_37258214_urban_traffic_cars_motorcycles,data/raw/videos/pexels_37258214_urban_traffic_cars_motorcycles.mp4,1620,27.027,Urban,data/interim/v2_targeted_annotation/mined/urban_frame_001620.jpg,3e7cad8e015e665a6a018fd97cf8382e0336f043ecd99d5268a1df514699bad4,b7d5e9391ae08e31,V2_FRAME_DUP_00665,2,SYSTEMATIC_TEMPORAL,car,HARD_NEGATIVE;INTERSECTION,HEURISTIC;SYSTEMATIC,False,REJECTED_NEAR_DUPLICATE,DUPLICATE_REDUCED:V2_FRAME_DUP_00665,NOT_ANNOTATED,2.25,309.934
urban_frame_001626,pexels_37258214_urban_traffic_cars_motorcycles,data/raw/videos/pexels_37258214_urban_traffic_cars_motorcycles.mp4,1626,27.1271,Urban,data/interim/v2_targeted_annotation/mined/urban_frame_001626.jpg,5bffe08277c3037b24a013801f44ee87b4c6fa677a5f3eb2561d58a8fbe1c072,b7d5e9390af0ae79,V2_FRAME_DUP_00666,1,HARD_NEGATIVE_CONTEXT,car,HARD_NEGATIVE;INTERSECTION;OCCLUSION,HEURISTIC,False,NOT_SELECTED_BALANCE,FINAL_SCENE_METHOD_BALANCE,NOT_ANNOTATED,2.75,316.377
urban_frame_001633,pexels_37258214_urban_traffic_cars_motorcycles,data/raw/videos/pexels_37258214_urban_traffic_cars_motorcycles.mp4,1633,27.243883,Urban,data/interim/v2_targeted_annotation/images/urban_frame_001633.jpg,f76b9d2ca71486d1216529989ff2b6d8d0da9a119600ed24cf3879b0845abbba,b7d5e93952d09679,V2_FRAME_DUP_00667,1,HARD_NEGATIVE_CONTEXT,car,HARD_NEGATIVE;INTERSECTION;OCCLUSION,HEURISTIC,False,SELECTED_FOR_ANNOTATION,COVERAGE_BALANCED_DUPLICATE_REPRESENTATIVE,NOT_ANNOTATED,3.05,332.227
urban_frame_001639,pexels_37258214_urban_traffic_cars_motorcycles,data/raw/videos/pexels_37258214_urban_traffic_cars_motorcycles.mp4,1639,27.343983,Urban,data/interim/v2_targeted_annotation/mined/urban_frame_001639.jpg,4f041ae107675ab8efa19a1206e5f1d50be3df72fa95478923d962381e6caeb8,b7d7e9394ed88e79,V2_FRAME_DUP_00668,1,HARD_NEGATIVE_CONTEXT,car,HARD_NEGATIVE;INTERSECTION;OCCLUSION,HEURISTIC,False,NOT_SELECTED_BALANCE,FINAL_SCENE_METHOD_BALANCE,NOT_ANNOTATED,2.75,329.813
urban_frame_001645,pexels_37258214_urban_traffic_cars_motorcycles,data/raw/videos/pexels_37258214_urban_traffic_cars_motorcycles.mp4,1645,27.444083,Urban,data/interim/v2_targeted_annotation/images/urban_frame_001645.jpg,f8029f988945db8f49280bab4cb00830c95bb98f6440f3de35d8ad2482913c30,b7d5e9394ac88679,V2_FRAME_DUP_00669,1,MODEL_ASSISTED_POSITIVE,car,INTERSECTION,HEURISTIC;MODEL_ASSISTED,False,SELECTED_FOR_ANNOTATION,COVERAGE_BALANCED_DUPLICATE_REPRESENTATIVE,NOT_ANNOTATED,0.3,336.272
urban_frame_001651,pexels_37258214_urban_traffic_cars_motorcycles,data/raw/videos/pexels_37258214_urban_traffic_cars_motorcycles.mp4,1651,27.544183,Urban,data/interim/v2_targeted_annotation/mined/urban_frame_001651.jpg,9fba618f92f708ab0fc5a5b6f3c2516404371626fd1df0f1e3b113588d8cb795,b7d5e93953d59679,V2_FRAME_DUP_00670,1,HARD_NEGATIVE_CONTEXT,car,HARD_NEGATIVE;INTERSECTION;OCCLUSION,HEURISTIC,False,NOT_SELECTED_BALANCE,FINAL_SCENE_METHOD_BALANCE,NOT_ANNOTATED,2.9,338.488
urban_frame_001661,pexels_37258214_urban_traffic_cars_motorcycles,data/raw/videos/pexels_37258214_urban_traffic_cars_motorcycles.mp4,1661,27.711017,Urban,data/interim/v2_targeted_annotation/images/urban_frame_001661.jpg,6d657847e1bf7191628a74b43da4db72590d45923489620437b515fc237152ad,b7d7e93951d59279,V2_FRAME_DUP_00671,1,HARD_NEGATIVE_CONTEXT,car,HARD_NEGATIVE;INTERSECTION;OCCLUSION,HEURISTIC,False,SELECTED_FOR_ANNOTATION,COVERAGE_BALANCED_DUPLICATE_REPRESENTATIVE,NOT_ANNOTATED,3.05,334.926
urban_frame_001669,pexels_37258214_urban_traffic_cars_motorcycles,data/raw/videos/pexels_37258214_urban_traffic_cars_motorcycles.mp4,1669,27.844483,Urban,data/interim/v2_targeted_annotation/mined/urban_frame_001669.jpg,751713e9f30ad6156a1c32d78abb59893ffc755661ecf544afb99a070c2c90b0,b3d7e9391153d679,V2_FRAME_DUP_00672,1,HARD_NEGATIVE_CONTEXT,car,HARD_NEGATIVE;INTERSECTION;OCCLUSION,HEURISTIC,False,NOT_SELECTED_BALANCE,FINAL_SCENE_METHOD_BALANCE,NOT_ANNOTATED,2.75,336.931
urban_frame_001675,pexels_37258214_urban_traffic_cars_motorcycles,data/raw/videos/pexels_37258214_urban_traffic_cars_motorcycles.mp4,1675,27.944583,Urban,data/interim/v2_targeted_annotation/mined/urban_frame_001675.jpg,91fd7434b3d0c2844e913d2f603fa3a7f22ea0fe1e119e442cf2a5cb3d32321c,b7d7e9395393f679,V2_FRAME_DUP_00673,1,HARD_NEGATIVE_CONTEXT,car,HARD_NEGATIVE;INTERSECTION,HEURISTIC,False,NOT_SELECTED_BALANCE,FINAL_SCENE_METHOD_BALANCE,NOT_ANNOTATED,0.95,328.915
urban_frame_001681,pexels_37258214_urban_traffic_cars_motorcycles,data/raw/videos/pexels_37258214_urban_traffic_cars_motorcycles.mp4,1681,28.044683,Urban,data/interim/v2_targeted_annotation/images/urban_frame_001681.jpg,c36af81881eaaeecfd2489e41fee5123ab6d4f22ec73b08a5f0680dfc37edda7,b7d7e93903d3f679,V2_FRAME_DUP_00674,1,DIFFICULT_HEURISTIC,car;person,INTERSECTION;MULTIPLE_PERSON;OCCLUSION;PERSON_CAR;PERSON_PRESENT;SMALL_PERSON,HEURISTIC;MODEL_ASSISTED,False,SELECTED_FOR_ANNOTATION,COVERAGE_BALANCED_DUPLICATE_REPRESENTATIVE,NOT_ANNOTATED,13.4,319.948
urban_frame_001687,pexels_37258214_urban_traffic_cars_motorcycles,data/raw/videos/pexels_37258214_urban_traffic_cars_motorcycles.mp4,1687,28.144783,Urban,data/interim/v2_targeted_annotation/images/urban_frame_001687.jpg,4143e5e777b8f72ba95cda3510d547e605e23430e048be42ccd430a44ca9cf13,b7d7e9395369b671,V2_FRAME_DUP_00675,1,DIFFICULT_HEURISTIC,car;person,INTERSECTION;MULTIPLE_PERSON;OCCLUSION;PERSON_CAR;PERSON_PRESENT;SMALL_PERSON,HEURISTIC;MODEL_ASSISTED,False,SELECTED_FOR_ANNOTATION,COVERAGE_BALANCED_DUPLICATE_REPRESENTATIVE,NOT_ANNOTATED,13.4,318.674
urban_frame_001693,pexels_37258214_urban_traffic_cars_motorcycles,data/raw/videos/pexels_37258214_urban_traffic_cars_motorcycles.mp4,1693,28.244883,Urban,data/interim/v2_targeted_annotation/mined/urban_frame_001693.jpg,6732d97cada6155918c1fdac6182a7c4c5097a4b2c3485203ccce3680493b4e4,b3d7e93923959679,V2_FRAME_DUP_00676,1,HARD_NEGATIVE_CONTEXT,car,HARD_NEGATIVE;INTERSECTION;OCCLUSION,HEURISTIC,False,NOT_SELECTED_BALANCE,FINAL_SCENE_METHOD_BALANCE,NOT_ANNOTATED,2.6,318.144
urban_frame_001703,pexels_37258214_urban_traffic_cars_motorcycles,data/raw/videos/pexels_37258214_urban_traffic_cars_motorcycles.mp4,1703,28.411717,Urban,data/interim/v2_targeted_annotation/mined/urban_frame_001703.jpg,bc617d4651ac2dd521d6d459a2e7c2347b234cef2d479adcebc74a7c1fcd2f79,b7d7e9395bcd9679,V2_FRAME_DUP_00677,1,HARD_NEGATIVE_CONTEXT,car,HARD_NEGATIVE;INTERSECTION;OCCLUSION,HEURISTIC,False,NOT_SELECTED_BALANCE,FINAL_SCENE_METHOD_BALANCE,NOT_ANNOTATED,2.6,333.844
urban_frame_001710,pexels_37258214_urban_traffic_cars_motorcycles,data/raw/videos/pexels_37258214_urban_traffic_cars_motorcycles.mp4,1710,28.5285,Urban,data/interim/v2_targeted_annotation/images/urban_frame_001710.jpg,350f3b10aefa5135adb4acca6ab10f5721a307427fb9761b9970db372252021a,b7d7e93949c59679,V2_FRAME_DUP_00678,1,SYSTEMATIC_TEMPORAL,car,HARD_NEGATIVE;INTERSECTION;OCCLUSION,HEURISTIC;SYSTEMATIC,False,SELECTED_FOR_ANNOTATION,COVERAGE_BALANCED_DUPLICATE_REPRESENTATIVE,NOT_ANNOTATED,3.6,334.523
urban_frame_001721,pexels_37258214_urban_traffic_cars_motorcycles,data/raw/videos/pexels_37258214_urban_traffic_cars_motorcycles.mp4,1721,28.712017,Urban,data/interim/v2_targeted_annotation/mined/urban_frame_001721.jpg,3e345d2e6aaff1237727fd11729d1565b76a3ba3a025b750efd9aeb34a2b4a4c,b7d7e9395dd29679,V2_FRAME_DUP_00679,1,HARD_NEGATIVE_CONTEXT,car,HARD_NEGATIVE;INTERSECTION;OCCLUSION,HEURISTIC,False,NOT_SELECTED_BALANCE,FINAL_SCENE_METHOD_BALANCE,NOT_ANNOTATED,2.75,331.477
urban_frame_001732,pexels_37258214_urban_traffic_cars_motorcycles,data/raw/videos/pexels_37258214_urban_traffic_cars_motorcycles.mp4,1732,28.895533,Urban,data/interim/v2_targeted_annotation/images/urban_frame_001732.jpg,20a16cb3206ed4fbbb5217f3bf9dbf534f8320346e1db514f18b20fcdfbdabd2,b7d7e93956d2d6f9,V2_FRAME_DUP_00680,1,HARD_NEGATIVE_CONTEXT,car;truck,HARD_NEGATIVE;INTERSECTION;OCCLUSION,HEURISTIC,False,SELECTED_FOR_ANNOTATION,COVERAGE_BALANCED_DUPLICATE_REPRESENTATIVE,NOT_ANNOTATED,3.05,321.862
urban_frame_001739,pexels_37258214_urban_traffic_cars_motorcycles,data/raw/videos/pexels_37258214_urban_traffic_cars_motorcycles.mp4,1739,29.012317,Urban,data/interim/v2_targeted_annotation/mined/urban_frame_001739.jpg,23d657e97dd0ba6d5e8b1b58a9ded0a16f4654459a79343d5a44ae33cda1fdb6,b7d7e93912f176f9,V2_FRAME_DUP_00681,1,HARD_NEGATIVE_CONTEXT,car,HARD_NEGATIVE;INTERSECTION;OCCLUSION,HEURISTIC,False,NOT_SELECTED_BALANCE,FINAL_SCENE_METHOD_BALANCE,NOT_ANNOTATED,2.9,314.542
urban_frame_001745,pexels_37258214_urban_traffic_cars_motorcycles,data/raw/videos/pexels_37258214_urban_traffic_cars_motorcycles.mp4,1745,29.112417,Urban,data/interim/v2_targeted_annotation/images/urban_frame_001745.jpg,a5c9bafd0653396c5a62bfa0ca0bd583366a190f57962c9cf75e90e133714db1,b3d7e93956713679,V2_FRAME_DUP_00682,1,HARD_NEGATIVE_CONTEXT,car,HARD_NEGATIVE;INTERSECTION;OCCLUSION,HEURISTIC,False,SELECTED_FOR_ANNOTATION,COVERAGE_BALANCED_DUPLICATE_REPRESENTATIVE,NOT_ANNOTATED,3.35,312.54
urban_frame_001751,pexels_37258214_urban_traffic_cars_motorcycles,data/raw/videos/pexels_37258214_urban_traffic_cars_motorcycles.mp4,1751,29.212517,Urban,data/interim/v2_targeted_annotation/images/urban_frame_001751.jpg,9e643ad2a9e664fa27dab176d6526a3e844a9c03f783a18b79c70c1bbaa5a996,b7d7e9390f397e79,V2_FRAME_DUP_00683,1,HARD_NEGATIVE_CONTEXT,car;truck,HARD_NEGATIVE;INTERSECTION;OCCLUSION,HEURISTIC,False,SELECTED_FOR_ANNOTATION,COVERAGE_BALANCED_DUPLICATE_REPRESENTATIVE,NOT_ANNOTATED,3.2,311.837
urban_frame_001761,pexels_37258214_urban_traffic_cars_motorcycles,data/raw/videos/pexels_37258214_urban_traffic_cars_motorcycles.mp4,1761,29.37935,Urban,data/interim/v2_targeted_annotation/images/urban_frame_001761.jpg,ed668bdd237078e8bc722bcf95be55bd2d739bece78a60e9f08a046abeb874a8,b7d7e9391b4c5e79,V2_FRAME_DUP_00684,1,HARD_NEGATIVE_CONTEXT,car,HARD_NEGATIVE;INTERSECTION;OCCLUSION,HEURISTIC,False,SELECTED_FOR_ANNOTATION,COVERAGE_BALANCED_DUPLICATE_REPRESENTATIVE,NOT_ANNOTATED,3.2,302.736
urban_frame_001767,pexels_37258214_urban_traffic_cars_motorcycles,data/raw/videos/pexels_37258214_urban_traffic_cars_motorcycles.mp4,1767,29.47945,Urban,data/interim/v2_targeted_annotation/mined/urban_frame_001767.jpg,b98098db2362755b9d4b712bf7adc62306a5bbb2ba561d77dda317bcc9c54264,b7d7e9394f2cae19,V2_FRAME_DUP_00685,1,HARD_NEGATIVE_CONTEXT,car,HARD_NEGATIVE;INTERSECTION;OCCLUSION,HEURISTIC,False,NOT_SELECTED_BALANCE,FINAL_SCENE_METHOD_BALANCE,NOT_ANNOTATED,2.9,303.032
urban_frame_001778,pexels_37258214_urban_traffic_cars_motorcycles,data/raw/videos/pexels_37258214_urban_traffic_cars_motorcycles.mp4,1778,29.662967,Urban,data/interim/v2_targeted_annotation/images/urban_frame_001778.jpg,22111c11c861e7c5f44ea2cedda9702d6597b1d3649d3d09b65377e1f6d930c6,b7d7e9391b868e79,V2_FRAME_DUP_00686,1,DIFFICULT_HEURISTIC,car;person,DENSE_TRAFFIC;INTERSECTION;MULTIPLE_PERSON;OCCLUSION;PERSON_CAR;PERSON_PRESENT;SMALL_PERSON,HEURISTIC;MODEL_ASSISTED,False,SELECTED_FOR_ANNOTATION,COVERAGE_BALANCED_DUPLICATE_REPRESENTATIVE,NOT_ANNOTATED,22.0,309.565
urban_frame_001784,pexels_37258214_urban_traffic_cars_motorcycles,data/raw/videos/pexels_37258214_urban_traffic_cars_motorcycles.mp4,1784,29.763067,Urban,data/interim/v2_targeted_annotation/images/urban_frame_001784.jpg,ae114160b98ede1a17e63a595f5341e5238ecae406229a83237f98a1dc710f2b,b7d7e93913a38779,V2_FRAME_DUP_00687,1,DIFFICULT_HEURISTIC,car;person,INTERSECTION;OCCLUSION;PERSON_CAR;PERSON_PRESENT;SMALL_PERSON,HEURISTIC;MODEL_ASSISTED,False,SELECTED_FOR_ANNOTATION,COVERAGE_BALANCED_DUPLICATE_REPRESENTATIVE,NOT_ANNOTATED,8.7,315.943
urban_frame_001790,pexels_37258214_urban_traffic_cars_motorcycles,data/raw/videos/pexels_37258214_urban_traffic_cars_motorcycles.mp4,1790,29.863167,Urban,data/interim/v2_targeted_annotation/images/urban_frame_001790.jpg,8f079f51826a90601085ae5700fea7e223cff6d44a6b0e3becb8696e411eb570,b7d7e93943f78779,V2_FRAME_DUP_00688,1,HARD_NEGATIVE_CONTEXT,car;truck,HARD_NEGATIVE;INTERSECTION;OCCLUSION,HEURISTIC,False,SELECTED_FOR_ANNOTATION,COVERAGE_BALANCED_DUPLICATE_REPRESENTATIVE,NOT_ANNOTATED,3.05,321.105
urban_frame_001800,pexels_37258214_urban_traffic_cars_motorcycles,data/raw/videos/pexels_37258214_urban_traffic_cars_motorcycles.mp4,1800,30.03,Urban,data/interim/v2_targeted_annotation/images/urban_frame_001800.jpg,913f053b0bf81f86b5cb8876119f9347f28b6b1e5dd9e36e5f845640c5b4391e,b7d7e939cbd39379,V2_FRAME_DUP_00689,1,SYSTEMATIC_TEMPORAL,car,HARD_NEGATIVE;INTERSECTION;OCCLUSION,HEURISTIC;SYSTEMATIC,False,SELECTED_FOR_ANNOTATION,COVERAGE_BALANCED_DUPLICATE_REPRESENTATIVE,NOT_ANNOTATED,3.75,333.541
urban_frame_001808,pexels_37258214_urban_traffic_cars_motorcycles,data/raw/videos/pexels_37258214_urban_traffic_cars_motorcycles.mp4,1808,30.163467,Urban,data/interim/v2_targeted_annotation/images/urban_frame_001808.jpg,c22809589fb01f60a1a621c236d0012895d41eaf53e53043bb65de81e0107c35,b7d7e9394bd39379,V2_FRAME_DUP_00690,1,DIFFICULT_HEURISTIC,car;person,INTERSECTION;OCCLUSION;PERSON_CAR;PERSON_PRESENT;SMALL_PERSON,HEURISTIC;MODEL_ASSISTED,False,SELECTED_FOR_ANNOTATION,COVERAGE_BALANCED_DUPLICATE_REPRESENTATIVE,NOT_ANNOTATED,8.25,332.181
urban_frame_001815,pexels_37258214_urban_traffic_cars_motorcycles,data/raw/videos/pexels_37258214_urban_traffic_cars_motorcycles.mp4,1815,30.28025,Urban,data/interim/v2_targeted_annotation/mined/urban_frame_001815.jpg,54e870b1315bcbb14c3194f6565d04ae506a82765fcd3ad1f7c161585353c7ac,b7d7e93949d19679,V2_FRAME_DUP_00691,1,HARD_NEGATIVE_CONTEXT,car,HARD_NEGATIVE;INTERSECTION;OCCLUSION,HEURISTIC,False,NOT_SELECTED_BALANCE,FINAL_SCENE_METHOD_BALANCE,NOT_ANNOTATED,2.75,334.708
urban_frame_001825,pexels_37258214_urban_traffic_cars_motorcycles,data/raw/videos/pexels_37258214_urban_traffic_cars_motorcycles.mp4,1825,30.447083,Urban,data/interim/v2_targeted_annotation/images/urban_frame_001825.jpg,201169708d0abf12471f84eca8c666915fad015447b035628f58f5ae4b52bd7d,b7d7e93959d1d679,V2_FRAME_DUP_00692,1,DIFFICULT_HEURISTIC,car;person,INTERSECTION;MULTIPLE_PERSON;OCCLUSION;PERSON_CAR;PERSON_PRESENT;SMALL_PERSON,HEURISTIC;MODEL_ASSISTED,False,SELECTED_FOR_ANNOTATION,COVERAGE_BALANCED_DUPLICATE_REPRESENTATIVE,NOT_ANNOTATED,13.85,334.392
urban_frame_001831,pexels_37258214_urban_traffic_cars_motorcycles,data/raw/videos/pexels_37258214_urban_traffic_cars_motorcycles.mp4,1831,30.547183,Urban,data/interim/v2_targeted_annotation/mined/urban_frame_001831.jpg,e5137050b1bfc8ae618b872e09ea6fef6fea05fdfcf56218b5d2ff002c1ff258,b7d7e939d9a9f679,V2_FRAME_DUP_00693,1,HARD_NEGATIVE_CONTEXT,car,HARD_NEGATIVE;INTERSECTION;OCCLUSION,HEURISTIC,False,NOT_SELECTED_BALANCE,FINAL_SCENE_METHOD_BALANCE,NOT_ANNOTATED,2.9,327.927
urban_frame_001839,pexels_37258214_urban_traffic_cars_motorcycles,data/raw/videos/pexels_37258214_urban_traffic_cars_motorcycles.mp4,1839,30.68065,Urban,data/interim/v2_targeted_annotation/images/urban_frame_001839.jpg,33dbf372aa5972437941e61416ce9630f58b179ddf7dde9db8a4b237201f8a4b,b7d7e9395a98b6f9,V2_FRAME_DUP_00694,1,HARD_NEGATIVE_CONTEXT,car;motorcycle,HARD_NEGATIVE;INTERSECTION;OCCLUSION,HEURISTIC,False,SELECTED_FOR_ANNOTATION,COVERAGE_BALANCED_DUPLICATE_REPRESENTATIVE,NOT_ANNOTATED,3.35,305.815
urban_frame_001845,pexels_37258214_urban_traffic_cars_motorcycles,data/raw/videos/pexels_37258214_urban_traffic_cars_motorcycles.mp4,1845,30.78075,Urban,data/interim/v2_targeted_annotation/images/urban_frame_001845.jpg,2531557bec02a458c7c0bcc0671a9b21f266a52a9fd5e2a3e66fb6003d701a61,b7d7e9391a487e3d,V2_FRAME_DUP_00695,1,SYSTEMATIC_TEMPORAL,car;motorcycle,HARD_NEGATIVE;INTERSECTION;OCCLUSION,HEURISTIC;SYSTEMATIC,False,SELECTED_FOR_ANNOTATION,COVERAGE_BALANCED_DUPLICATE_REPRESENTATIVE,NOT_ANNOTATED,4.05,297.447
urban_frame_001851,pexels_37258214_urban_traffic_cars_motorcycles,data/raw/videos/pexels_37258214_urban_traffic_cars_motorcycles.mp4,1851,30.88085,Urban,data/interim/v2_targeted_annotation/mined/urban_frame_001851.jpg,fa5f2d96fe2020b103434a71f5f59ace95c6e97baa69ab8c45db63bd511ba9e6,b7d7e93912785e1f,V2_FRAME_DUP_00696,1,HARD_NEGATIVE_CONTEXT,car;motorcycle,HARD_NEGATIVE;INTERSECTION;OCCLUSION,HEURISTIC,False,NOT_SELECTED_BALANCE,FINAL_SCENE_METHOD_BALANCE,NOT_ANNOTATED,2.9,290.408
urban_frame_001857,pexels_37258214_urban_traffic_cars_motorcycles,data/raw/videos/pexels_37258214_urban_traffic_cars_motorcycles.mp4,1857,30.98095,Urban,data/interim/v2_targeted_annotation/images/urban_frame_001857.jpg,8491612cceedc3aafd782ce626cc0af1a27aaca137c408eda5ef050c06ab96d9,b7d7e9391a2c4e1f,V2_FRAME_DUP_00697,1,DIFFICULT_HEURISTIC,bicycle;car;person,INTERSECTION;MULTIPLE_PERSON;OCCLUSION;PERSON_BICYCLE;PERSON_CAR;PERSON_PRESENT;SMALL_PERSON,HEURISTIC;MODEL_ASSISTED,False,SELECTED_FOR_ANNOTATION,COVERAGE_BALANCED_DUPLICATE_REPRESENTATIVE,NOT_ANNOTATED,18.55,285.519
urban_frame_001863,pexels_37258214_urban_traffic_cars_motorcycles,data/raw/videos/pexels_37258214_urban_traffic_cars_motorcycles.mp4,1863,31.08105,Urban,data/interim/v2_targeted_annotation/mined/urban_frame_001863.jpg,5a8668da2dc8a0ed23caa1a2393b984470db5a2004d76ee50dad24af25a8a165,b7d7e9391a2e8f4f,V2_FRAME_DUP_00698,1,HARD_NEGATIVE_CONTEXT,car;truck,HARD_NEGATIVE;INTERSECTION;OCCLUSION,HEURISTIC,False,NOT_SELECTED_BALANCE,FINAL_SCENE_METHOD_BALANCE,NOT_ANNOTATED,3.05,290.756
urban_frame_001869,pexels_37258214_urban_traffic_cars_motorcycles,data/raw/videos/pexels_37258214_urban_traffic_cars_motorcycles.mp4,1869,31.18115,Urban,data/interim/v2_targeted_annotation/images/urban_frame_001869.jpg,68659417682846cfe54275df0e795e0e346e3ff7408b017fdf022b1b63d3b4f7,b7d7e9391a569514,V2_FRAME_DUP_00699,1,DIFFICULT_HEURISTIC,car;person,INTERSECTION;OCCLUSION;PERSON_CAR;PERSON_PRESENT;SMALL_PERSON,HEURISTIC;MODEL_ASSISTED,False,SELECTED_FOR_ANNOTATION,COVERAGE_BALANCED_DUPLICATE_REPRESENTATIVE,NOT_ANNOTATED,8.7,305.22
urban_frame_001876,pexels_37258214_urban_traffic_cars_motorcycles,data/raw/videos/pexels_37258214_urban_traffic_cars_motorcycles.mp4,1876,31.297933,Urban,data/interim/v2_targeted_annotation/images/urban_frame_001876.jpg,a11ce3bcead44082c8c6ae9a9512644c7d6b06473593e8add746095a7be43827,b7d7e9391bcb8a4a,V2_FRAME_DUP_00700,1,HARD_NEGATIVE_CONTEXT,car,HARD_NEGATIVE;INTERSECTION;OCCLUSION,HEURISTIC,False,SELECTED_FOR_ANNOTATION,COVERAGE_BALANCED_DUPLICATE_REPRESENTATIVE,NOT_ANNOTATED,3.35,315.316
urban_frame_001882,pexels_37258214_urban_traffic_cars_motorcycles,data/raw/videos/pexels_37258214_urban_traffic_cars_motorcycles.mp4,1882,31.398033,Urban,data/interim/v2_targeted_annotation/images/urban_frame_001882.jpg,256b2f47a7a1d00d8d98d55cc00e2ea52a67e71f171e5fcd2cbfb8f4315ef1b1,b7d7e9395bc58566,V2_FRAME_DUP_00701,1,HARD_NEGATIVE_CONTEXT,car;motorcycle,HARD_NEGATIVE;INTERSECTION;OCCLUSION,HEURISTIC,False,SELECTED_FOR_ANNOTATION,COVERAGE_BALANCED_DUPLICATE_REPRESENTATIVE,NOT_ANNOTATED,3.35,323.483
urban_frame_001890,pexels_37258214_urban_traffic_cars_motorcycles,data/raw/videos/pexels_37258214_urban_traffic_cars_motorcycles.mp4,1890,31.5315,Urban,data/interim/v2_targeted_annotation/images/urban_frame_001890.jpg,4cb939f0b120bbd2d8bf4902b63b10f7c299b22172a75cbbd3c5673edffc397c,b7d7e93951d29373,V2_FRAME_DUP_00702,1,SYSTEMATIC_TEMPORAL,car,HARD_NEGATIVE;INTERSECTION;OCCLUSION,HEURISTIC;SYSTEMATIC,False,SELECTED_FOR_ANNOTATION,COVERAGE_BALANCED_DUPLICATE_REPRESENTATIVE,NOT_ANNOTATED,3.6,325.061
urban_frame_001899,pexels_37258214_urban_traffic_cars_motorcycles,data/raw/videos/pexels_37258214_urban_traffic_cars_motorcycles.mp4,1899,31.68165,Urban,data/interim/v2_targeted_annotation/images/urban_frame_001899.jpg,b2f679f013784e47c73ac78c50fbf5582d0784e93a2b367ce51c9381ed37d477,b7d7e939d1d19171,V2_FRAME_DUP_00703,1,DIFFICULT_HEURISTIC,car;motorcycle;person,INTERSECTION;OCCLUSION;PERSON_CAR;PERSON_MOTORCYCLE;PERSON_PRESENT;SMALL_PERSON,HEURISTIC;MODEL_ASSISTED,False,SELECTED_FOR_ANNOTATION,COVERAGE_BALANCED_DUPLICATE_REPRESENTATIVE,NOT_ANNOTATED,13.25,340.682
urban_frame_001905,pexels_37258214_urban_traffic_cars_motorcycles,data/raw/videos/pexels_37258214_urban_traffic_cars_motorcycles.mp4,1905,31.78175,Urban,data/interim/v2_targeted_annotation/images/urban_frame_001905.jpg,4977b55a88876d3bf6881c0265218b9ce2d962a86d3cb983838424a00ed849d2,b7d7e939d3d09478,V2_FRAME_DUP_00704,1,DIFFICULT_HEURISTIC,bicycle;car;person,INTERSECTION;MULTIPLE_PERSON;OCCLUSION;PERSON_BICYCLE;PERSON_CAR;PERSON_PRESENT;SMALL_PERSON,HEURISTIC;MODEL_ASSISTED,False,SELECTED_FOR_ANNOTATION,COVERAGE_BALANCED_DUPLICATE_REPRESENTATIVE,NOT_ANNOTATED,18.55,338.729
urban_frame_001914,pexels_37258214_urban_traffic_cars_motorcycles,data/raw/videos/pexels_37258214_urban_traffic_cars_motorcycles.mp4,1914,31.9319,Urban,data/interim/v2_targeted_annotation/images/urban_frame_001914.jpg,f907b6ab1e24a6192473d28f6ecf54bd0933c17942a477d60624d5d23292c883,b7d7e93953d09678,V2_FRAME_DUP_00705,1,DIFFICULT_HEURISTIC,bicycle;car;motorcycle;person,INTERSECTION;MULTIPLE_PERSON;OCCLUSION;PERSON_BICYCLE;PERSON_CAR;PERSON_MOTORCYCLE;PERSON_PRESENT;SMALL_PERSON,HEURISTIC;MODEL_ASSISTED,False,SELECTED_FOR_ANNOTATION,COVERAGE_BALANCED_DUPLICATE_REPRESENTATIVE,NOT_ANNOTATED,26.85,336.922
urban_frame_001920,pexels_37258214_urban_traffic_cars_motorcycles,data/raw/videos/pexels_37258214_urban_traffic_cars_motorcycles.mp4,1920,32.032,Urban,data/interim/v2_targeted_annotation/images/urban_frame_001920.jpg,48e8b28c9e189485196014431293b5a21fc7e972fd63c9731ebf2aacde014ef1,b7d7e939d3d11638,V2_FRAME_DUP_00706,1,DIFFICULT_HEURISTIC,bicycle;car;motorcycle;person,INTERSECTION;MULTIPLE_PERSON;OCCLUSION;PERSON_BICYCLE;PERSON_CAR;PERSON_MOTORCYCLE;PERSON_PRESENT;SMALL_PERSON,HEURISTIC;MODEL_ASSISTED,False,SELECTED_FOR_ANNOTATION,COVERAGE_BALANCED_DUPLICATE_REPRESENTATIVE,NOT_ANNOTATED,23.55,336.566
urban_frame_001928,pexels_37258214_urban_traffic_cars_motorcycles,data/raw/videos/pexels_37258214_urban_traffic_cars_motorcycles.mp4,1928,32.165467,Urban,data/interim/v2_targeted_annotation/images/urban_frame_001928.jpg,d2efc17598010651e1651dc66b8c72d030198789a0e705d7e5775addeb1a0490,b7d7e93953c1eee8,V2_FRAME_DUP_00707,1,DIFFICULT_HEURISTIC,bicycle;car;motorcycle;person,INTERSECTION;MULTIPLE_PERSON;OCCLUSION;PERSON_BICYCLE;PERSON_CAR;PERSON_MOTORCYCLE;PERSON_PRESENT;SMALL_PERSON,HEURISTIC;MODEL_ASSISTED,False,SELECTED_FOR_ANNOTATION,COVERAGE_BALANCED_DUPLICATE_REPRESENTATIVE,NOT_ANNOTATED,26.85,339.191
urban_frame_001937,pexels_37258214_urban_traffic_cars_motorcycles,data/raw/videos/pexels_37258214_urban_traffic_cars_motorcycles.mp4,1937,32.315617,Urban,data/interim/v2_targeted_annotation/images/urban_frame_001937.jpg,09b448e3f4f31713b4acb64546c58a502efb22ef5f441bd3e4c022d871f10acc,b7d7e93919797a6b,V2_FRAME_DUP_00708,1,DIFFICULT_HEURISTIC,bicycle;car;motorcycle;person,INTERSECTION;MULTIPLE_PERSON;OCCLUSION;PERSON_BICYCLE;PERSON_CAR;PERSON_MOTORCYCLE;PERSON_PRESENT;SMALL_PERSON,HEURISTIC;MODEL_ASSISTED,False,SELECTED_FOR_ANNOTATION,COVERAGE_BALANCED_DUPLICATE_REPRESENTATIVE,NOT_ANNOTATED,23.7,328.539
urban_frame_001944,pexels_37258214_urban_traffic_cars_motorcycles,data/raw/videos/pexels_37258214_urban_traffic_cars_motorcycles.mp4,1944,32.4324,Urban,data/interim/v2_targeted_annotation/images/urban_frame_001944.jpg,6ecb7fe571813f26d814bb2b595329bbe2f59ebc279981d834671accb9efba5d,b7d7e9395b3c3571,V2_FRAME_DUP_00709,1,DIFFICULT_HEURISTIC,bicycle;car;motorcycle;person,DENSE_TRAFFIC;INTERSECTION;MULTIPLE_PERSON;OCCLUSION;PERSON_BICYCLE;PERSON_CAR;PERSON_MOTORCYCLE;PERSON_PRESENT;SMALL_PERSON,HEURISTIC;MODEL_ASSISTED,False,SELECTED_FOR_ANNOTATION,COVERAGE_BALANCED_DUPLICATE_REPRESENTATIVE,NOT_ANNOTATED,35.3,324.901
urban_frame_001952,pexels_37258214_urban_traffic_cars_motorcycles,data/raw/videos/pexels_37258214_urban_traffic_cars_motorcycles.mp4,1952,32.565867,Urban,data/interim/v2_targeted_annotation/images/urban_frame_001952.jpg,807ed18b5100b45cac6338f539d952fb84656bd0d5910d8e8aabdd8d1b69acd3,b7d7e9391b191e79,V2_FRAME_DUP_00710,1,DIFFICULT_HEURISTIC,car;motorcycle;person,INTERSECTION;MULTIPLE_PERSON;OCCLUSION;PERSON_CAR;PERSON_MOTORCYCLE;PERSON_PRESENT;SMALL_PERSON,HEURISTIC;MODEL_ASSISTED,False,SELECTED_FOR_ANNOTATION,COVERAGE_BALANCED_DUPLICATE_REPRESENTATIVE,NOT_ANNOTATED,18.7,318.438
urban_frame_001959,pexels_37258214_urban_traffic_cars_motorcycles,data/raw/videos/pexels_37258214_urban_traffic_cars_motorcycles.mp4,1959,32.68265,Urban,data/interim/v2_targeted_annotation/mined/urban_frame_001959.jpg,75c5d9809893df7ff1c554f9ef574097cfad64a9d05c889c1197d8642ceee9a2,b7d7e9391a0c8e38,V2_FRAME_DUP_00711,1,HARD_NEGATIVE_CONTEXT,car;motorcycle,HARD_NEGATIVE;INTERSECTION;OCCLUSION,HEURISTIC,False,NOT_SELECTED_BALANCE,FINAL_SCENE_METHOD_BALANCE,NOT_ANNOTATED,3.05,313.152
urban_frame_001965,pexels_37258214_urban_traffic_cars_motorcycles,data/raw/videos/pexels_37258214_urban_traffic_cars_motorcycles.mp4,1965,32.78275,Urban,data/interim/v2_targeted_annotation/images/urban_frame_001965.jpg,d476f4d543ff0d874bbff566863c5e319486c4b6953fa4b93a08d38fc1f2d076,b7d7e9394a469e78,V2_FRAME_DUP_00712,2,DIFFICULT_HEURISTIC,car;motorcycle;person,INTERSECTION;OCCLUSION;PERSON_CAR;PERSON_MOTORCYCLE;PERSON_PRESENT;SMALL_PERSON,HEURISTIC;MODEL_ASSISTED,False,SELECTED_FOR_ANNOTATION,COVERAGE_BALANCED_DUPLICATE_REPRESENTATIVE,NOT_ANNOTATED,13.55,316.965
urban_frame_001971,pexels_37258214_urban_traffic_cars_motorcycles,data/raw/videos/pexels_37258214_urban_traffic_cars_motorcycles.mp4,1971,32.88285,Urban,data/interim/v2_targeted_annotation/mined/urban_frame_001971.jpg,1d4e1738604b92b6adc8828bd2087519dcadaa6ca052f2c48f781bb0aafe22c7,b7d7e9394e468e78,V2_FRAME_DUP_00712,2,DIFFICULT_HEURISTIC,car;motorcycle;person,INTERSECTION;OCCLUSION;PERSON_CAR;PERSON_MOTORCYCLE;PERSON_PRESENT;SMALL_PERSON,HEURISTIC;MODEL_ASSISTED,False,REJECTED_NEAR_DUPLICATE,DUPLICATE_REDUCED:V2_FRAME_DUP_00712,NOT_ANNOTATED,13.25,333.927
urban_frame_001977,pexels_37258214_urban_traffic_cars_motorcycles,data/raw/videos/pexels_37258214_urban_traffic_cars_motorcycles.mp4,1977,32.98295,Urban,data/interim/v2_targeted_annotation/images/urban_frame_001977.jpg,cecbc26c4630e742a5c54a3a9d46260021698f99ae06e00122f5b4602d519375,b7d7e9394bc28e79,V2_FRAME_DUP_00713,1,DIFFICULT_HEURISTIC,bicycle;car;motorcycle;person,DENSE_TRAFFIC;INTERSECTION;MULTIPLE_PERSON;OCCLUSION;PERSON_BICYCLE;PERSON_CAR;PERSON_MOTORCYCLE;PERSON_PRESENT;SMALL_PERSON,HEURISTIC;MODEL_ASSISTED,False,SELECTED_FOR_ANNOTATION,COVERAGE_BALANCED_DUPLICATE_REPRESENTATIVE,NOT_ANNOTATED,38.15,342.84
urban_frame_001984,pexels_37258214_urban_traffic_cars_motorcycles,data/raw/videos/pexels_37258214_urban_traffic_cars_motorcycles.mp4,1984,33.099733,Urban,data/interim/v2_targeted_annotation/images/urban_frame_001984.jpg,fa33e8d071adfcff66037833ab407ab26ce0240214d8186283234a2a1cceaf88,b7d7e93952c38679,V2_FRAME_DUP_00714,1,DIFFICULT_HEURISTIC,bicycle;car;motorcycle;person,DENSE_TRAFFIC;INTERSECTION;MULTIPLE_PERSON;OCCLUSION;PERSON_BICYCLE;PERSON_CAR;PERSON_MOTORCYCLE;PERSON_PRESENT;SMALL_PERSON,HEURISTIC;MODEL_ASSISTED,False,SELECTED_FOR_ANNOTATION,COVERAGE_BALANCED_DUPLICATE_REPRESENTATIVE,NOT_ANNOTATED,32.0,344.902
urban_frame_001991,pexels_37258214_urban_traffic_cars_motorcycles,data/raw/videos/pexels_37258214_urban_traffic_cars_motorcycles.mp4,1991,33.216517,Urban,data/interim/v2_targeted_annotation/images/urban_frame_001991.jpg,46707b400b573c271c0a80df72cedf80e040a3ff0058c5401e3c2e23a15fcec1,b7d7e93913939279,V2_FRAME_DUP_00715,2,DIFFICULT_HEURISTIC,bicycle;car;motorcycle;person,INTERSECTION;MULTIPLE_PERSON;OCCLUSION;PERSON_BICYCLE;PERSON_CAR;PERSON_MOTORCYCLE;PERSON_PRESENT;SMALL_PERSON,HEURISTIC;MODEL_ASSISTED,False,SELECTED_FOR_ANNOTATION,COVERAGE_BALANCED_DUPLICATE_REPRESENTATIVE,NOT_ANNOTATED,26.85,349.577
urban_frame_001997,pexels_37258214_urban_traffic_cars_motorcycles,data/raw/videos/pexels_37258214_urban_traffic_cars_motorcycles.mp4,1997,33.316617,Urban,data/interim/v2_targeted_annotation/mined/urban_frame_001997.jpg,5eed6bcd8ecd46bae9de93ce9c42714bd0b7173232a7a2e8149bea96d7454c59,b7d7e93913919279,V2_FRAME_DUP_00715,2,DIFFICULT_HEURISTIC,bicycle;car;person,INTERSECTION;MULTIPLE_PERSON;OCCLUSION;PERSON_BICYCLE;PERSON_CAR;PERSON_PRESENT;SMALL_PERSON,HEURISTIC;MODEL_ASSISTED,False,REJECTED_NEAR_DUPLICATE,DUPLICATE_REDUCED:V2_FRAME_DUP_00715,NOT_ANNOTATED,18.4,344.725
urban_frame_002003,pexels_37258214_urban_traffic_cars_motorcycles,data/raw/videos/pexels_37258214_urban_traffic_cars_motorcycles.mp4,2003,33.416717,Urban,data/interim/v2_targeted_annotation/mined/urban_frame_002003.jpg,a57516b6b0142dab1dfa8b0927a808df0ec1c4a2ca920fd62fd6e71a6f150525,b7d7e9391b939379,V2_FRAME_DUP_00716,1,HARD_NEGATIVE_CONTEXT,bicycle;car,HARD_NEGATIVE;INTERSECTION;OCCLUSION,HEURISTIC,False,NOT_SELECTED_BALANCE,FINAL_SCENE_METHOD_BALANCE,NOT_ANNOTATED,2.75,352.585
urban_frame_002011,pexels_37258214_urban_traffic_cars_motorcycles,data/raw/videos/pexels_37258214_urban_traffic_cars_motorcycles.mp4,2011,33.550183,Urban,data/interim/v2_targeted_annotation/images/urban_frame_002011.jpg,13653d692b818f9b63790626a9088b22fd2648b96a39bb0b763cc2214cf6189b,b7d7e93919919679,V2_FRAME_DUP_00717,1,DIFFICULT_HEURISTIC,bicycle;car;motorcycle;person,INTERSECTION;MULTIPLE_PERSON;OCCLUSION;PERSON_BICYCLE;PERSON_CAR;PERSON_MOTORCYCLE;PERSON_PRESENT;SMALL_PERSON,HEURISTIC;MODEL_ASSISTED,False,SELECTED_FOR_ANNOTATION,COVERAGE_BALANCED_DUPLICATE_REPRESENTATIVE,NOT_ANNOTATED,23.7,350.008
urban_frame_002019,pexels_37258214_urban_traffic_cars_motorcycles,data/raw/videos/pexels_37258214_urban_traffic_cars_motorcycles.mp4,2019,33.68365,Urban,data/interim/v2_targeted_annotation/images/urban_frame_002019.jpg,997e63a776f5d0fd8f4d30946e1e40f4ceb9370377838cc6fc3673f4e85691ad,b7d7e93959515679,V2_FRAME_DUP_00718,1,DIFFICULT_HEURISTIC,bicycle;car;motorcycle;person,INTERSECTION;OCCLUSION;PERSON_BICYCLE;PERSON_CAR;PERSON_MOTORCYCLE;PERSON_PRESENT;SMALL_PERSON,HEURISTIC;MODEL_ASSISTED,False,SELECTED_FOR_ANNOTATION,COVERAGE_BALANCED_DUPLICATE_REPRESENTATIVE,NOT_ANNOTATED,18.25,353.355
urban_frame_002025,pexels_37258214_urban_traffic_cars_motorcycles,data/raw/videos/pexels_37258214_urban_traffic_cars_motorcycles.mp4,2025,33.78375,Urban,data/interim/v2_targeted_annotation/images/urban_frame_002025.jpg,cc41fd7e23a1c5c4f25db59e6b61576f8680450b87356aa28bc94c286fa4a283,b7d7e93951d13679,V2_FRAME_DUP_00719,1,SYSTEMATIC_TEMPORAL,car;motorcycle;person,INTERSECTION;OCCLUSION;PERSON_CAR;PERSON_MOTORCYCLE;PERSON_PRESENT,HEURISTIC;MODEL_ASSISTED;SYSTEMATIC,False,SELECTED_FOR_ANNOTATION,COVERAGE_BALANCED_DUPLICATE_REPRESENTATIVE,NOT_ANNOTATED,11.25,353.058
urban_frame_002031,pexels_37258214_urban_traffic_cars_motorcycles,data/raw/videos/pexels_37258214_urban_traffic_cars_motorcycles.mp4,2031,33.88385,Urban,data/interim/v2_targeted_annotation/images/urban_frame_002031.jpg,cfc7ee62456ca2f1a76f39212ce7ef4a3e049efba26b22599b6aa3e89dd33e30,b7d7e93951611679,V2_FRAME_DUP_00720,1,DIFFICULT_HEURISTIC,car;motorcycle;person,INTERSECTION;OCCLUSION;PERSON_CAR;PERSON_MOTORCYCLE;PERSON_PRESENT;SMALL_PERSON,HEURISTIC;MODEL_ASSISTED,False,SELECTED_FOR_ANNOTATION,COVERAGE_BALANCED_DUPLICATE_REPRESENTATIVE,NOT_ANNOTATED,13.4,347.063
urban_frame_002037,pexels_37258214_urban_traffic_cars_motorcycles,data/raw/videos/pexels_37258214_urban_traffic_cars_motorcycles.mp4,2037,33.98395,Urban,data/interim/v2_targeted_annotation/images/urban_frame_002037.jpg,f2942001acdcde72e8db4c82bfb1f388c1631b0e6ae16bdcdf68be0b6af00a0d,b7d7e93999304eb1,V2_FRAME_DUP_00721,1,DIFFICULT_HEURISTIC,car;motorcycle;person,INTERSECTION;OCCLUSION;PERSON_CAR;PERSON_MOTORCYCLE;PERSON_PRESENT;SMALL_PERSON,HEURISTIC;MODEL_ASSISTED,False,SELECTED_FOR_ANNOTATION,COVERAGE_BALANCED_DUPLICATE_REPRESENTATIVE,NOT_ANNOTATED,13.4,331.429
urban_frame_002046,pexels_37258214_urban_traffic_cars_motorcycles,data/raw/videos/pexels_37258214_urban_traffic_cars_motorcycles.mp4,2046,34.1341,Urban,data/interim/v2_targeted_annotation/images/urban_frame_002046.jpg,9662008044a76b3daeec14747b554a0dd09351c00ea61d816ac096c6c82fb1ca,b7d7e9391ac8ce31,V2_FRAME_DUP_00722,1,DIFFICULT_HEURISTIC,bicycle;car;motorcycle;person,INTERSECTION;OCCLUSION;PERSON_BICYCLE;PERSON_CAR;PERSON_MOTORCYCLE;PERSON_PRESENT;SMALL_PERSON,HEURISTIC;MODEL_ASSISTED,False,SELECTED_FOR_ANNOTATION,COVERAGE_BALANCED_DUPLICATE_REPRESENTATIVE,NOT_ANNOTATED,18.7,326.9
urban_frame_002053,pexels_37258214_urban_traffic_cars_motorcycles,data/raw/videos/pexels_37258214_urban_traffic_cars_motorcycles.mp4,2053,34.250883,Urban,data/interim/v2_targeted_annotation/mined/urban_frame_002053.jpg,bf30dc6eb4c3775b281bc484e4323afbec60f8560f4e45cfc930607081b28223,b7d7e9395aa49e71,V2_FRAME_DUP_00723,1,HARD_NEGATIVE_CONTEXT,car;truck,HARD_NEGATIVE;INTERSECTION;OCCLUSION,HEURISTIC,False,NOT_SELECTED_BALANCE,FINAL_SCENE_METHOD_BALANCE,NOT_ANNOTATED,3.05,328.181
urban_frame_002059,pexels_37258214_urban_traffic_cars_motorcycles,data/raw/videos/pexels_37258214_urban_traffic_cars_motorcycles.mp4,2059,34.350983,Urban,data/interim/v2_targeted_annotation/mined/urban_frame_002059.jpg,bb26285eaf6c480ca37da0ab3dc63d229aadcf982ef7f7a524ed7d4cabd545a6,b7d7e93952d29e79,V2_FRAME_DUP_00724,1,HARD_NEGATIVE_CONTEXT,car,HARD_NEGATIVE;INTERSECTION;OCCLUSION,HEURISTIC,False,NOT_SELECTED_BALANCE,FINAL_SCENE_METHOD_BALANCE,NOT_ANNOTATED,2.6,338.125
urban_frame_002070,pexels_37258214_urban_traffic_cars_motorcycles,data/raw/videos/pexels_37258214_urban_traffic_cars_motorcycles.mp4,2070,34.5345,Urban,data/interim/v2_targeted_annotation/images/urban_frame_002070.jpg,4de087fcc3ac3be6bb42cd20c48a6451236c8a13b009e57d1d4c8e59d60c6468,b7d7e93952c88679,V2_FRAME_DUP_00725,1,SYSTEMATIC_TEMPORAL,car;motorcycle,HARD_NEGATIVE;INTERSECTION;OCCLUSION,HEURISTIC;SYSTEMATIC,False,SELECTED_FOR_ANNOTATION,COVERAGE_BALANCED_DUPLICATE_REPRESENTATIVE,NOT_ANNOTATED,3.6,340.045
urban_frame_002078,pexels_37258214_urban_traffic_cars_motorcycles,data/raw/videos/pexels_37258214_urban_traffic_cars_motorcycles.mp4,2078,34.667967,Urban,data/interim/v2_targeted_annotation/images/urban_frame_002078.jpg,1a0d9e6edfb109146401fb56a6d1f64bf4085e5a0d9ce0784a1d5fa2afd9f2d7,b7d7e93953d49279,V2_FRAME_DUP_00726,1,MODEL_ASSISTED_POSITIVE,car,INTERSECTION,HEURISTIC;MODEL_ASSISTED,False,SELECTED_FOR_ANNOTATION,COVERAGE_BALANCED_DUPLICATE_REPRESENTATIVE,NOT_ANNOTATED,0.3,338.379
urban_frame_002086,pexels_37258214_urban_traffic_cars_motorcycles,data/raw/videos/pexels_37258214_urban_traffic_cars_motorcycles.mp4,2086,34.801433,Urban,data/interim/v2_targeted_annotation/mined/urban_frame_002086.jpg,ed1c2664d81ad6c4f428511d615402a11026510016c85a43bcb38d28f2e907c4,b7d7e93913939679,V2_FRAME_DUP_00727,1,HARD_NEGATIVE_CONTEXT,car,HARD_NEGATIVE;INTERSECTION;OCCLUSION,HEURISTIC,False,NOT_SELECTED_BALANCE,FINAL_SCENE_METHOD_BALANCE,NOT_ANNOTATED,2.9,339.702
